record_id,policy_id,entry_type,update_type,update_level,update_level_var,description,date_announced,date_start,date_end,date_end_spec,country,ISO_A3,ISO_A2,init_country_level,domestic_policy,province,ISO_L2,city,type,type_sub_cat,type_new_admin_coop,type_vac_cat,type_vac_mix,type_vac_reg,type_vac_purchase,type_vac_group,type_vac_group_rank,type_vac_who_pays,type_vac_dist_admin,type_vac_loc,type_vac_cost_num,type_vac_cost_scale,type_vac_cost_unit,type_vac_cost_gov_perc,type_vac_amt_num,type_vac_amt_scale,type_vac_amt_unit,type_vac_amt_gov_perc,type_text,institution_cat,institution_status,institution_conditions,target_init_same,target_country,target_geog_level,target_region,target_province,target_city,target_intl_org,target_other,target_who_what,target_who_gen,target_direction,travel_mechanism,compliance,enforcer,pdf_link,link,collab,collab_id,date_updated,recorded_date,confirmed_cases,deaths,recovered,new_tests,total_tests,total_tests_per_thousand,tests_units,total_vaccinations,daily_vaccinations,total_vaccinations_per_hundred,daily_vaccinations_per_million,Rank_FP,Score_FP,muni_IDC,dispersive_IDC,constraining_IDC,sfi_SFI,ti_cpi_TI,pop_WDI_PW,gdp_WDI_PW,growth_WDI_PW,lnpop_WDI_PW,lngdp_WDI_PW,disap_FA,polpris_FA,latentmean_FA,transparencyindex_HR,EmigrantStock_EMS
R_31ElD7AnllN19bsNA,1883431,new_entry,,,"",Barbados issued a warning against spreading false information on social media about the Government’s workplace policy in respect of Covid-19. Spreading false information about Government policies is prohibited under the Computer Misuse Act.,2020-03-05,2020-03-05,2023-07-20,The policy has an unlimited time span (e.g. recommendation to wash one's hands; passing of a legal bill),Barbados,BRB,BB,,1,,,,Anti-Disinformation Measures,,,"",,,,,,"","","","","","","","","","","",,,,"",,Barbados,,,,,,,All Residents (Citizen Residents + Foreign Residents),,,,,,https://tummgmt.eu.qualtrics.com/Q/File.php?F=F_1EjwW37j8tJip3q,https://gisbarbados.gov.bb/blog/government-warns-against-misuse-of-social-media/,CoronaNet (original),,2021-07-14,2021-07-14T17:41:14Z,0,0,0,,,,,,,,,,,,,,,,,,,,,,,,,
R_1NcHJh4LTS7uGQNNA,4950893,new_entry,,,"","Barbados's Queen Elizabeth Hospital is restricting visiting hours. The new interim visiting hours across all general and surgical wards are 12:00 noon to 1:00 p.m. and 5:00 p.m. to 6:00 p.m. daily. Visits to the hospital’s Intensive Care Units – Medical Intensive Care Unit, Surgical Intensive Care Unit, Paediatric Intensive Care Unit, and Neonatal Intensive Care Unit – will be facilitated between 11:00 and 11:30 a.m.; 4:00 and 4:30 p.m.; and 5:30 and 6:00 p.m. Patients are only allowed 2 visitors at the time and visits cannot be longe than 2 hours. All visitors will be required to go through temperature tests at entrance.",2020-03-18,2020-03-18,,The policy’s end date is unknown or unreported,Barbados,BRB,BB,National,1,,,,Curfew,,,"",,,,,,"","","","","","","","","","","",,,,"",No,Barbados,One or more provinces within one or more countries,,,,,,All Residents (Citizen Residents + Foreign Residents),,,,Mandatory (Unspecified/Implied),"Ministry/Department of Health,Other (Please specify in the text box)",https://tummgmt.eu.qualtrics.com/Q/File.php?F=F_2rG8dsKvHPGyXxM,https://gisbarbados.gov.bb/blog/reduced-visiting-hours-at-qeh/,CoronaNet (original),,2021-07-14,2021-07-14T17:42:25Z,2,0,0,,,,,,,,,,,,,,,,,,,,,,,,,
R_1hAOP3uZOHpQ8tKNA,7608185,new_entry,,,"","Barbados enacts the Emergency Management (COVID-19) Curfew Directive, 2020. Under the Order, a curfew is in effect from Saturday, March 28, until Tuesday, April 14, while all businesses, except essential services and those identified, were ordered close as Government seeks to contain the spread of COVID-19. The curfew is between 8 pm and 6 am. Attorney General Dale Marshall announced that there will be a fine of $50,000, or one year in prison, or both, for anyone found guilty of breaking the curfew.",2020-03-27,2020-03-28,2020-04-14,The policy has a clear end date,Barbados,BRB,BB,National,1,,,,Curfew,,,"",,,,,,"","","","","","","","","","","",,,,"",No,Barbados,"One or more countries, but not all countries",,,,,,All Residents (Citizen Residents + Foreign Residents),,,,"Mandatory with Legal Penalties (Jail Time),Mandatory with Fines","National Government,Police",https://tummgmt.eu.qualtrics.com/Q/File.php?F=F_DFQrZ1UeOllWaRj,https://gisbarbados.gov.bb/blog/exemptions-will-be-granted-for-emergency-situations/ ; https://gisbarbados.gov.bb/blog/heavy-fine-for-anyone-breaking-curfew/,CoronaNet (original),,2022-06-19,2022-06-19T23:59:59Z,26,0,0,,,,,,,,,,,,,,,,,,,,,,,,,
R_3OdWtKCtcDlHWbONA,7608185,update,,Strengthening,"","The original curfew was from 8 pm until 6 am. Now it is a full on 24-hours curfew beginning on April 3rd, 8 pm. UPDATE: From April 3rd, 2020 the curfew is going to be 24-hour",2020-04-02,2020-04-03,2020-05-04,The policy has a clear end date,Barbados,BRB,BB,National,1,,,,Curfew,,,"",,,,,,"","","","","","","","","","","",,,,"",No,Barbados,"One or more countries, but not all countries",,,,,,All Residents (Citizen Residents + Foreign Residents),,,,"Mandatory with Legal Penalties (Jail Time),Mandatory with Fines","National Government,Police",https://tummgmt.eu.qualtrics.com/Q/File.php?F=F_6xOx6v4p6PFYhk5,https://gisbarbados.gov.bb/blog/24-hour-curfew-for-barbados-from-friday/,CoronaNet (original),CDC-ITF-BD-00019_1,2022-06-19,2022-06-19T23:59:59Z,51,0,0,,,,,,,,,,,,,,,,,,,,,,,,,
R_6DLFYrl9TxwKTRfNA,7608185,update,,,"","Barbadians will remain under curfew until midnight May 3, 2020, but new measures are in place for them to get essential goods. UPDATE: The original curfew was extended to April 5. Now it has been extended to May 3, 2020",2020-04-11,2020-04-11,2020-05-04,The policy has a clear end date,Barbados,BRB,BB,National,1,,,,Curfew,,,"",,,,,,"","","","","","","","","","","",,,,"",No,Barbados,"One or more countries, but not all countries",,,,,,All Residents (Citizen Residents + Foreign Residents),,,,"Mandatory with Legal Penalties (Jail Time),Mandatory with Fines","National Government,Police",https://tummgmt.eu.qualtrics.com/Q/File.php?F=F_1DU3LZAC2GfRfT8,https://www.nationnews.com/nationnews/news/244948/curfew-extended,CoronaNet (original),CDC-ITF-BD-00019_1,2022-06-19,2022-06-19T23:59:59Z,68,4,11,,,,,,,,,,,,,,,,,,,,,,,,,
R_8euQS62rXR56LAZNA,4365135,new_entry,,,"","Prime Minister Mia Amor Mottley has announced that Government will be putting measures in place to facilitate fruit and vegetable vendors during the curfew period, which has been extended until May 3.",2020-04-12,2020-04-12,2020-05-03,The policy has a clear end date,Barbados,BRB,BB,National,1,,,,Curfew,,,"",,,,,,"","","","","","","","","","","",,,,"",,Barbados,,,,,,,All Residents (Citizen Residents + Foreign Residents),,,,Voluntary/Recommended but No Penalties,National Government,https://tummgmt.eu.qualtrics.com/Q/File.php?F=F_2OUscCEuGCfoilH,https://gisbarbados.gov.bb/blog/produce-vendors-can-ply-their-trade/,CoronaNet (original),,2020-04-23,2020-04-23T08:10:58Z,71,4,11,,,,,,,,,,,,,,,,,,,,,,,,,
R_TiuPfLPCEkP23YZNA,6355890,new_entry,,,"","Members of the public are advised that from tomorrow, Tuesday, April 14, essential cargo deliveries will be done through an appointment system at the Bridgetown Port, between 7:00 a.m. and 4:00 p.m.",2020-04-13,2020-04-13,,The policy’s end date is unknown or unreported,Barbados,BRB,BB,National,1,,,,Curfew,,,"",,,,,,"","","","","","","","","","","",,,,"",,Barbados,,,,,,,All Residents (Citizen Residents + Foreign Residents),,,,Mandatory (Unspecified/Implied),National Government,https://tummgmt.eu.qualtrics.com/Q/File.php?F=F_C2na6UsPsgsx20N,https://gisbarbados.gov.bb/blog/essential-cargo-delivery-by-appointment/,CoronaNet (original),,2021-07-14,2021-07-14T17:43:21Z,72,4,13,,,,,,,,,,,,,,,,,,,,,,,,,
R_2czQlq15KoQrXLKNA,7608185,update,,Strengthening,timing of policy strengthening,"Barbados enacts the Emergency Management (COVID-19) Curfew Directive, 2020. Under the Order, a curfew is in effect from Saturday, March 28, until Tuesday, April 14, while all businesses, except essential services and those identified, were ordered close as Government seeks to contain the spread of COVID-19. The curfew is between 8 pm and 6 am. then, the curfew was 24-hours. Now, the 24-hour curfew is also extended to May 4th. UPDATE: Barbados’ Prime Minister Mia Mottley announced that the curfew that was supposed to end on April 14th, will be extended to May 4th.",2020-04-12,2020-04-14,2020-05-04,The policy has a clear end date,Barbados,BRB,BB,National,1,,,,Curfew,,,"",,,,,,"","","","","","","","","","","",,,,"",No,Barbados,"One or more countries, but not all countries",,,,,,All Residents (Citizen Residents + Foreign Residents),,,,"Mandatory with Legal Penalties (Jail Time),Mandatory with Fines","National Government,Police",https://tummgmt.eu.qualtrics.com/Q/File.php?F=F_3M5Ww7HNMF2a1qq,https://caribbeanbusinessreport.com/news/breaking-barbados-expands-curfew-until-may-4/,CoronaNet (original),CDC-ITF-BD-00019_1,2022-06-19,2022-06-19T23:59:59Z,72,4,13,,,,,,,,,,,,,,,,,,,,,,,,,
R_1rlj9pqBHJdVSvwNA,865669,new_entry,,,"","Barbados declares that it is currently in Stage 1 after the island recorded the first cases of COVID-19 on March 17th. Activation of National Emergency Operations Centre and Isolation Centre. Preparation of severe treatment facility and Paragon, St. Lucy District Hospital or Field Medical Hospital for screening, quarantine and isolation. Reconfiguring of polyclinics to facilitate local screening. Advice on limiting mass gathering to reduce risk for local spread. Suspension Of Visits & Closure Of Public Health Institutions.",2020-03-17,2020-03-17,,The policy’s end date is unknown or unreported,Barbados,BRB,BB,National,1,,,,Declaration of Emergency,,,"",,,,,,"","","","","","","","","","","",,,,"",,Barbados,,,,,,,All Residents (Citizen Residents + Foreign Residents),,,,Mandatory (Unspecified/Implied),National Government,https://tummgmt.eu.qualtrics.com/Q/File.php?F=F_2ALnGizsWSeQpYG,https://www.nationnews.com/print_article/nationnews/news/244445/covid-19-management-response-plans-stage?print=true ; https://gisbarbados.gov.bb/blog/suspension-of-visits-closures-of-public-health-institutions/,CoronaNet (original),,2021-07-14,2021-07-14T17:44:40Z,2,0,0,,,,,,,,,,,,,,,,,,,,,,,,,
R_3EosKRJRGjPv1TqNA,865669,update,Change of Policy,,"","the Parliament of Barbados, by a majority Resolution and in fact, by unanimous support in the House of Assembly, agreed to extend the State of Emergency in Barbados until the 30th of June. UPDATE: the Parliament of Barbados, by a majority Resolution and in fact, by unanimous support in the House of Assembly, agreed to extend the State of Emergency in Barbados until the 30th of June.",2020-04-24,2020-04-24,2020-06-30,The policy has a clear end date,Barbados,BRB,BB,National,1,,,,Declaration of Emergency,,,"",,,,,,"","","","","","","","","","","",,,,"",,Barbados,,,,,,,All Residents (Citizen Residents + Foreign Residents),,,,Mandatory (Unspecified/Implied),National Government,https://tummgmt.eu.qualtrics.com/Q/File.php?F=F_31cMxNw4r4GAHZm,https://gisbarbados.gov.bb/blog/attorney-general-explains-state-of-emergency-extension/,CoronaNet (original),,2020-05-06,2020-05-06T08:14:02Z,77,6,31,,,,,,,,,,,,,,,,,,,,,,,,,
R_1OPSKrDVGcX4HbfCc,3823820,new_entry,,,"","January 22, 2020, Travelers arriving at ports of entry from high risk areas to be screened by health officers",2020-01-22,2020-01-22,,The policy’s end date is unknown or unreported,Barbados,BRB,BB,National,0,,,,External Border Restrictions,Health Screenings (e.g. temperature checks),,"",,,,,,"","","","","","","","","","","",,,,"",No,All countries,All countries,,,,,,All Travelers (Citizen Travelers + Foreign Travelers ),No special population targeted,Inbound,All kinds of transport,Mandatory (Unspecified/Implied),National Government,https://tummgmt.eu.qualtrics.com/Q/File.php?F=F_3kcRNwpTetpr2zt,https://gisbarbados.gov.bb/blog/health-ministry-on-alert-for-new-coronavirus/,ACAPS,ACAPS_1434,2022-07-25,2022-07-25T22:07:12Z,0,0,0,,,,,,,,,,,,,,,,,,,,,,,,,
R_24kqSJADeVAgVjlGr,8920668,new_entry,,,"","January 27, 2020, MoH advises against non-essential travel to Hubei Province in China",2020-01-27,2020-01-27,,The policy’s end date is unknown or unreported,Barbados,BRB,BB,National,0,,,,External Border Restrictions,Total border crossing ban,,"",,,,,,"","","","","","","","","","","",,,,"",No,China,"One or more countries, but not all countries",,,,,,All (Travelers + Residents),No special population targeted,Outbound,All kinds of transport,Mandatory (Unspecified/Implied),Ministry/Department of Health,https://tummgmt.eu.qualtrics.com/Q/File.php?F=F_1OxIGuPEZTbTru2,https://gisbarbados.gov.bb/blog/avoid-non-essential-travel-to-hubei-province/,ACAPS,ACAPS_1435,2022-07-25,2022-07-25T22:11:59Z,0,0,0,,,,,,,,,,,,,,,,,,,,,,,,,
R_2bNT9YVqUsR2x5RGr,3025016,new_entry,,,"","February 14, 2020, travel ban restricting any non-residents who have visited mainland China within the last 20 days from entering the country.",2020-02-14,2020-02-14,,The policy’s end date is unknown or unreported,Barbados,BRB,BB,National,0,,,,External Border Restrictions,Total border crossing ban,,"",,,,,,"","","","","","","","","","","",,,,"",No,China,"One or more countries, but not all countries",,,,,,Foreign Travelers,No special population targeted,Inbound,All kinds of transport,Mandatory (Unspecified/Implied),National Government,https://tummgmt.eu.qualtrics.com/Q/File.php?F=F_1eK6N585AHIBIrN,https://crisis24.garda.com/alerts/2020/02/bahamas-new-entry-restrictions-amid-coronavirus-outbreak-february-14,ACAPS,ACAPS_118482,2022-07-25,2022-07-25T22:17:10Z,0,0,0,,,,,,,,,,,,,,,,,,,,,,,,,
R_3MSaOBOpJs7JwSCGr,8091673,new_entry,,,"","February 27, 2020, The Ministry of Health and Wellness has advised residents of Barbados against travelling to China and South Korea, unless absolutely necessary. Further advised persons travelling to Italy and Iran, which have both reported clusters of COVID-19 cases, to take all necessary precautions related to respiratory etiquette and hand hygiene.",2020-02-27,2020-02-27,,The policy’s end date is unknown or unreported,Barbados,BRB,BB,National,0,,,,External Border Restrictions,Total border crossing ban,,"",,,,,,"","","","","","","","","","","",,,,"",No,"China,Iran,Italy,South Korea","One or more countries, but not all countries",,,,,,All Residents (Citizen Residents +Foreign Residents),No special population targeted,Outbound,All kinds of transport,Mandatory (Unspecified/Implied),Ministry/Department of Health,https://tummgmt.eu.qualtrics.com/Q/File.php?F=F_2YCVorYKhvUnGpI,https://gisbarbados.gov.bb/blog/warning-against-non-essential-travel-to-china-south-korea/,ACAPS,ACAPS_1526,2022-07-25,2022-07-25T22:23:19Z,0,0,0,,,,,,,,,,,,,,,,,,,,,,,,,
R_2So7Yrg4Lw7xJHzCc,1693074,new_entry,,,"",Passenger entry screening. Barbados borders have not been closed but screening at the islands ports of entry have been stepped up in light of the Coronavirus.,2020-03-31,2020-03-31,,The policy’s end date is unknown or unreported,Barbados,BRB,BB,National,0,,,,External Border Restrictions,Health Screenings (e.g. temperature checks),,"",,,,,,"","","","","","","","","","","",,,,"",No,All countries,All countries,,,,,,All (Travelers + Residents),No special population targeted,Inbound,Seaports,Mandatory (Unspecified/Implied),National Government,https://tummgmt.eu.qualtrics.com/Q/File.php?F=F_3R2RbYQSGb5C8mV,https://kpmg.com/xx/en/home/insights/2020/04/flash-alert-2020-151.html,CDC_ITF,CDC-ITF-BB-00017_1,2023-07-03,2023-07-03T10:24:13Z,34,0,0,,,,,,,,,,,,,,,,,,,,,,,,,
R_3fwK9dmjxYxwJmpCc,5701447,new_entry,,,"","'Within 72 hours prior to departure for Barbados, all travellers from high risk countries are strongly encouraged to take a COVID-19 PCR test from an accredited laboratory (ISO, CAP, UKAS or equivalent). High risk countries are defined as those with more than 10,000 new cases in the prior seven days and community transmission. Travellers from low risk countries will have up to one week prior to departure for Barbados to take their tests. Low risk countries are defined as those with less than 100 new cases in the prior seven days and not in the Community Transmission Category.'",2020-07-12,2020-07-12,,The policy’s end date is unknown or unreported,Barbados,BRB,BB,National,0,,,,External Border Restrictions,Health Screenings (e.g. temperature checks),,"",,,,,,"","","","","","","","","","","",,,,"",No,All countries,All countries,,,,,,All (Travelers + Residents),No special population targeted,Inbound,All kinds of transport,Mandatory (Unspecified/Implied),National Government,https://tummgmt.eu.qualtrics.com/Q/File.php?F=F_308CNd7piLiwpWs,https://archive.fo/mn2rH#selection-539.0-539.327,OxCGRT,OXCGRT_Barbados_20200712_extmvt,2023-07-04,2023-07-04T13:38:14Z,103,7,90,,,,,,,,,,,,,,,,,,,,,,,,,
R_3fwK9dmjxYxwJmpAd,5701447,new_entry,,,"","'Within 72 hours prior to departure for Barbados, all travellers from high risk countries are strongly encouraged to take a COVID-19 PCR test from an accredited laboratory (ISO, CAP, UKAS or equivalent). High risk countries are defined as those with more than 10,000 new cases in the prior seven days and community transmission. Travellers from low risk countries will have up to one week prior to departure for Barbados to take their tests. Low risk countries are defined as those with less than 100 new cases in the prior seven days and not in the Community Transmission Category.'",2020-07-12,2020-07-12,,The policy’s end date is unknown or unreported,Barbados,BRB,BB,National,0,,,,External Border Restrictions,3G: Must be either (i) vaccinated (ii) have a valid COVID-19 negative test within a certain time frame or (iii) recovered from COVID-19,,"",,,,,,"","","","","","","","","","","",,,,"",No,All countries,All countries,,,,,,All (Travelers + Residents),No special population targeted,Inbound,All kinds of transport,Mandatory (Unspecified/Implied),National Government,https://tummgmt.eu.qualtrics.com/Q/File.php?F=F_308CNd7piLiwpWs,https://archive.fo/mn2rH#selection-539.0-539.327,OxCGRT,OXCGRT_Barbados_20200712_extmvt,2023-07-04,2023-07-04T13:38:14Z,103,7,90,,,,,,,,,,,,,,,,,,,,,,,,,
R_2veM0i4uHivsWxsDr,5380175,new_entry,,,"","Barbados Tourism Marketing Inc. has announced that the Caribbean island will reopen its borders to international travelers effective Sunday, July 12 and with newly-introduced COVID-19 related requirements.",2020-06-29,2020-07-12,,The policy’s end date is unknown or unreported,Barbados,BRB,BB,National,0,,,,External Border Restrictions,Other External Border Restriction,,"",,,,,,"","","","","","","","","","","",,,,"",No,All countries,All countries,,,,,,All (Travelers + Residents),No special population targeted,,All kinds of transport,Mandatory (Unspecified/Implied),National Government,https://tummgmt.eu.qualtrics.com/Q/File.php?F=F_1GBK7Q9mTGD9a5o,https://www.forbes.com/sites/micheleherrmann/2020/06/29/barbados-to-reopen-to-travelers-on-july-12/?sh=770c378f403c,CoronaNet (original),,2023-07-05,2023-07-05T15:04:47Z,103,7,90,,,,,,,,,,,,,,,,,,,,,,,,,
R_1FErykjULv7UlexDr,48158,new_entry,,,"","Effective from July 12, 2020 resumptions of commercial flights are scheduled to begin.",2020-07-12,2020-07-12,,The policy’s end date is unknown or unreported,Barbados,BRB,BB,National,0,,,,External Border Restrictions,Other External Border Restriction,,"",,,,,,"","","","","","","","","","","",,,,"",No,All countries,All countries,,,,,,All (Travelers + Residents),No special population targeted,Inbound/Outbound,Flights,Mandatory (Unspecified/Implied),National Government,https://tummgmt.eu.qualtrics.com/Q/File.php?F=F_1fZa4v91CzUJL0C,https://m.facebook.com/ExplorewithShanida/photos/a.2002682066490600/3113010305457765/?type=3&_rdr,ACAPS,ACAPS_14958,2023-07-09,2023-07-09T09:28:47Z,103,7,90,,,,,,,,,,,,,,,,,,,,,,,,,
R_1LGuAFgm1IDAr8dCz,4991483,new_entry,,,"","Barbados authorities announced that new travel restrictions have been implemented as of Monday, August 3, amid the coronavirus disease (COVID-19) pandemic. 
Travelers entering Barbados from high-risk countries are required to take a COVID-19 polymerase chain reaction (PCR) test and wait at the airport until the test results are received. Those who test negative are required to undergo a 14-day quarantine period. However, they will have the option to take a second test 5-7 days after the first and will be permitted to leave quarantine following a second negative test result.",2020-08-04,2020-08-03,,The policy’s end date is unknown or unreported,Barbados,BRB,BB,National,0,,,,External Border Restrictions,Negative COVID-19 Test,,"",,,,,,"","","","","","","","","","","",,,,"",No,All countries,All countries,,,,,,All Travelers (Citizen Travelers + Foreign Travelers ),Other population not specifed above,Inbound,All kinds of transport,Mandatory (Unspecified/Implied),National Government,https://tummgmt.eu.qualtrics.com/Q/File.php?F=F_2BerRQR3W5H8uWS,https://crisis24.garda.com/alerts/2020/08/barbados-new-covid-19-travel-restrictions-implemented-as-of-august-3-update-6,CoronaNet (original),,2023-07-05,2023-07-05T15:23:29Z,132,7,98,,,,,,,,,,,,,,,,,,,,,,,,,
R_22ss2nEwl9fGcEQCc,8976705,new_entry,,,"",Face masks are mandatory inside the airport at all times and a health screening questionnaire must be completed by all travelers at least 24 hours prior to arrival.,2020-08-04,2020-08-03,,The policy’s end date is unknown or unreported,Barbados,BRB,BB,National,0,,,,External Border Restrictions,Health Screenings (e.g. temperature checks),,"",,,,,,"","","","","","","","","","","",,,,"",No,All countries,All countries,,,,,,All (Travelers + Residents),No special population targeted,,All kinds of transport,Mandatory (Unspecified/Implied),National Government,https://tummgmt.eu.qualtrics.com/Q/File.php?F=F_2wsEH5ge8LvHLn0,https://crisis24.garda.com/alerts/2020/08/barbados-new-covid-19-travel-restrictions-implemented-as-of-august-3-update-6,ACAPS,ACAPS_16360,2023-07-09,2023-07-09T09:11:39Z,132,7,98,,,,,,,,,,,,,,,,,,,,,,,,,
R_1erBbKUXUwKRKPYCz,3320257,new_entry,,,"","The Government of Barbados has implemented a travel ‘Bubble’ for specific countries with a low incidence of COVID-19, effective August 5, 2020. They are St. Vincent, St. Lucia, Dominica, St. Kitts and Nevis and Grenada.
Under these new travel protocols, persons travelling within the ‘Bubble’ who have not travelled to or transited through any high, medium or low-risk country within 21 days prior to travel to Barbados, will not be required to take a COVID-19 PCR test prior to or on arrival and do not require monitoring during their stay.",2020-08-07,2020-08-05,,The policy’s end date is unknown or unreported,Barbados,BRB,BB,National,0,,,,External Border Restrictions,Negative COVID-19 Test,,"",,,,,,"","","","","","","","","","","",,,,"",No,Other (please specify below),"One or more countries, but not all countries",,,,,,All (Travelers + Residents),No special population targeted,,All kinds of transport,Voluntary/Recommended but No Penalties,National Government,https://tummgmt.eu.qualtrics.com/Q/File.php?F=F_0JMNYeJIWJQ7TvX,https://gisbarbados.gov.bb/blog/barbados-implements-travel-bubble/,ACAPS,ACAPS_16362,2023-07-11,2023-07-11T13:34:00Z,133,7,100,,,,,,,,,,,,,,,,,,,,,,,,,
R_3ixOxDZntQmBEmCCc,5001338,new_entry,,,"",All in-transit passengers must undergo a health assessment which may include a temperature check and a brief interview by Port Health Officials.,2020-09-01,2020-09-01,,The policy’s end date is unknown or unreported,Barbados,BRB,BB,National,0,,,,External Border Restrictions,Health Screenings (e.g. temperature checks),,"",,,,,,"","","","","","","","","","","",,,,"",No,All countries,All countries,,,,,,All Travelers (Citizen Travelers + Foreign Travelers ),Other population not specifed above,Inbound,All kinds of transport,Mandatory (Unspecified/Implied),National Government,https://tummgmt.eu.qualtrics.com/Q/File.php?F=F_yIb0qBfuJZnBVjr,https://www.visitbarbados.org/sysimages/fileupload/source/00%20Protocols/btmi-health-%20safety-protocols-010920.pdf,CoronaNet (original),,2023-07-09,2023-07-09T10:57:59Z,176,7,146,,,,,,,,,,,,,,,,,,,,,,,,,
R_1MXobXMk4bfEqjDCz,1449366,new_entry,,,"","Effective Saturday, September 19, everyone arriving in Barbados from a country designated as high or medium risk for COVID-19 will be required to travel with a negative COVID-19 PCR test result.",2020-09-15,2020-09-19,,The policy’s end date is unknown or unreported,Barbados,BRB,BB,National,0,,,,External Border Restrictions,Negative COVID-19 Test,,"",,,,,,"","","","","","","","","","","",,,,"",No,All countries,All countries,,,,,,All Travelers (Citizen Travelers + Foreign Travelers ),No special population targeted,Inbound,All kinds of transport,Mandatory (Unspecified/Implied),National Government,https://tummgmt.eu.qualtrics.com/Q/File.php?F=F_1LDWks2kNSoErXb,https://gisbarbados.gov.bb/blog/negative-test-mandatory-to-enter-from-high-and-medium-risk-countries/,ACAPS,ACAPS_118461,2023-07-09,2023-07-09T09:52:54Z,185,7,172,,,,,,,,,,,,,,,,,,,,,,,,,
R_2P5PUZzJRxKJ6ZVCz,4021789,new_entry,,,"","People from low-risk countries are strongly advised to get tested for COVID-19 before arrival, in order to expedite processing through the airport.The test may be taken up to five days prior to arrival. Persons arriving without a valid test will be tested at the port of entry.",2020-09-15,2020-09-19,,The policy’s end date is unknown or unreported,Barbados,BRB,BB,National,0,,,,External Border Restrictions,Negative COVID-19 Test,,"",,,,,,"","","","","","","","","","","",,,,"",No,All countries,All countries,,,,,,All Residents (Citizen Residents +Foreign Residents),No special population targeted,Inbound,Flights,Voluntary/Recommended but No Penalties,National Government,https://tummgmt.eu.qualtrics.com/Q/File.php?F=F_3q9D9f2IRoI87ig,https://gisbarbados.gov.bb/blog/negative-test-mandatory-to-enter-from-high-and-medium-risk-countries/,ACAPS,ACAPS_118464,2023-07-09,2023-07-09T10:18:23Z,185,7,172,,,,,,,,,,,,,,,,,,,,,,,,,
R_1OjHfCQIfDjed7BCz,5458257,new_entry,,,"","Travellers from countries designated as very low risk are not required to take a COVID-19 PCR test prior to, or on arrival. They may leave the airport after clearance by Immigration, Customs and Port Health officers.",2020-09-15,2020-09-19,,The policy’s end date is unknown or unreported,Barbados,BRB,BB,National,0,,,,External Border Restrictions,Negative COVID-19 Test,,"",,,,,,"","","","","","","","","","","",,,,"",No,All countries,All countries,,,,,,All Travelers (Citizen Travelers + Foreign Travelers ),No special population targeted,,Flights,Voluntary/Recommended but No Penalties,National Government,https://tummgmt.eu.qualtrics.com/Q/File.php?F=F_3hbSrCI2A2zXpFM,https://gisbarbados.gov.bb/blog/negative-test-mandatory-to-enter-from-high-and-medium-risk-countries/,ACAPS,ACAPS_118471,2023-07-09,2023-07-09T10:30:22Z,185,7,172,,,,,,,,,,,,,,,,,,,,,,,,,
R_3n1n3Tr5fqRrYJHCz,1490613,new_entry,,,"","Effective Saturday, September 19, everyone arriving in Barbados from a country designated as high or medium risk for COVID-19 will be required to travel with a negative COVID-19 PCR test result.",2020-09-15,2020-09-19,,The policy’s end date is unknown or unreported,Barbados,BRB,BB,National,0,,,,External Border Restrictions,Negative COVID-19 Test,,"",,,,,,"","","","","","","","","","","",,,,"",No,All countries,All countries,,,,,,All Travelers (Citizen Travelers + Foreign Travelers ),No special population targeted,Inbound,All kinds of transport,Mandatory (Unspecified/Implied),National Government,https://tummgmt.eu.qualtrics.com/Q/File.php?F=F_2ZUqUYYW3cLVaI8,https://gisbarbados.gov.bb/blog/negative-test-mandatory-to-enter-from-high-and-medium-risk-countries/,ACAPS,ACAPS_118461,2023-07-10,2023-07-10T09:36:50Z,185,7,172,,,,,,,,,,,,,,,,,,,,,,,,,
R_1MVZ0BKgncT5OyDCz,9999663,new_entry,,,"","Effective October 16, travellers from low-risk countries are strongly advised to take a COVID-19 PCR test before arrival in order to expedite processing through the airport.",2020-10-15,2020-10-16,,The policy’s end date is unknown or unreported,Barbados,BRB,BB,National,0,,,,External Border Restrictions,Negative COVID-19 Test,,"",,,,,,"","","","","","","","","","","",,,,"",No,All countries,All countries,,,,,,All Travelers (Citizen Travelers + Foreign Travelers ),No special population targeted,Inbound,All kinds of transport,Voluntary/Recommended but No Penalties,National Government,https://tummgmt.eu.qualtrics.com/Q/File.php?F=F_3I3sXWJH3ny241m,https://barbados.loopnews.com/content/updated-travel-protocols-effect-october-16,ACAPS,ACAPS_138896,2023-07-09,2023-07-09T11:17:05Z,219,7,195,,,,,,,,,,,,,,,,,,,,,,,,,
R_1N4wfvoAKcNcZ07Cz,8568559,new_entry,,,"","""50 Countries Now In COVID-19 High Risk Category. the new countries which have moved into high risk are Antigua and Barbuda, Cayman Islands, Cuba, Estonia, Finland, Germany, Ghana, Greece, Iceland, Japan, Martinique, Norway, Sri Lanka and the United Arab Emirates. 
Five countries are now deemed medium risk for entry.  These are Australia, Bermuda, New Zealand, St. Lucia and St. Vincent and the Grenadines.
It is mandatory that all persons travelling to Barbados from high and medium risk countries have a negative COVID-19 PCR test done at an accredited or certified facility within three days prior to arrival.
Persons arriving from Canada, however, are allowed to be tested on arrival in Barbados, if they are unable to receive their test results in time for departure from their country.""",2020-11-02,2020-11-03,,The policy’s end date is unknown or unreported,Barbados,BRB,BB,National,0,,,,External Border Restrictions,Negative COVID-19 Test,,"",,,,,,"","","","","","","","","","","",,,,"",No,"Cuba,Estonia,Finland,Germany,Ghana,Greece,Iceland,Japan,Norway,Sri Lanka,United Arab Emirates","One or more countries, but not all countries",,,,,,All (Travelers + Residents),No special population targeted,Inbound,All kinds of transport,Mandatory (Unspecified/Implied),National Government,https://tummgmt.eu.qualtrics.com/Q/File.php?F=F_3qIpfduU4JWD2r7,https://gisbarbados.gov.bb/blog/50-countries-now-in-covid-19-high-risk-category/,ACAPS,ACAPS_140259,2023-07-10,2023-07-10T20:58:07Z,238,7,222,,,,,,,,,,,,,,,,,,,,,,,,,
R_1jw6nMASSH5GrtFDr,3314045,new_entry,,,"","On Thursday Sept 22nd, 2022, the Government of Barbados announced its changes to the travel entry protocols. Effective midnight, Thursday September 22, 2022, Barbados will discontinue all COVID-19 related travel protocols. Therefore, there will be no testing requirements for entering Barbados whether you are vaccinated or unvaccinated.",2022-09-22,2022-09-22,,The policy’s end date is unknown or unreported,Barbados,BRB,BB,National,0,,,,External Border Restrictions,Other External Border Restriction,,"",,,,,,"","","","","","","","","","","",,,,"",No,All countries,All countries,,,,,,All (Travelers + Residents),No special population targeted,Inbound,All kinds of transport,Mandatory (Unspecified/Implied),National Government,https://tummgmt.eu.qualtrics.com/Q/File.php?F=F_3oI6er9wtNckqzu,https://www.visitbarbados.org/covid-19-travel-guidelines-2022,CoronaNet (original),,2023-07-03,2023-07-03T10:34:41Z,102366,559,0,,,,,318245,20,112.99,71,,,,,,,,,,,,,,,,,
R_2V4GbID4jAeHkO7NA,4531019,new_entry,,,"","With immediate effect, all arriving passengers who have been in Iran, or Lombardy, Emilia-Romagna or Veneto in Italy in the previous 14 days will be required to report to Port Health at the points of entry.",2020-03-04,2020-03-04,,The policy’s end date is unknown or unreported,Barbados,BRB,BB,National,0,,,,Health Monitoring,,,"",,,,,,"","","","","","","","","","","",,,,"",No,"Barbados,China,Iran,Italy,South Korea","One or more countries, but not all countries",,,,,,All (Travelers + Residents),,Inbound,All kinds of transport,Mandatory (Unspecified/Implied),Ministry/Department of Health,https://tummgmt.eu.qualtrics.com/Q/File.php?F=F_Z2brkYbQEJsjxXr,https://gisbarbados.gov.bb/blog/health-ministry-expands-list-of-countries-facing-quarantine/,CoronaNet (original),,2021-07-14,2021-07-14T17:45:32Z,0,0,0,,,,,,,,,,,,,,,,,,,,,,,,,
R_1gwDuORvFvWvIdDNA,586091,new_entry,,,"","Bolstered screening capacity. Assistance from the Barbados Defence Force from their medical personnel to join with port health in order to give more numbers at ports of entry, particularly at the airport",2020-02-05,2020-02-05,,The policy’s end date is unknown or unreported,Barbados,BRB,BB,National,0,,,,Health Testing,,,"",,,,,,"","","","","","","","","","","",,,,"",No,Barbados,"One or more countries, but not all countries",,,,,,All (Travelers + Residents),,Inbound,"Flights,Seaports",Mandatory (Unspecified/Implied),Ministry/Department of Health,https://tummgmt.eu.qualtrics.com/Q/File.php?F=F_10NvuxUEyr8vSb5,https://gisbarbados.gov.bb/blog/bdf-to-help-assist-port-health-officers-combat-coronavirus/,CoronaNet (original),,2021-07-14,2021-07-14T17:47:18Z,0,0,0,,,,,,,,,,,,,,,,,,,,,,,,,
R_1QKQ72T8AnCW6jrNA,3969966,new_entry,,,"","Minister of Health and Wellness, Lt. Col. Jeffrey Bostic, has announced that there will be an escalation in the numbers of people being tested for COVID-19 “in short order”.",2020-04-21,2020-04-21,,The policy’s end date is unknown or unreported,Barbados,BRB,BB,National,0,,,,Health Testing,,,"",,,,,,"","","","","","","","","","","",,,,"",No,Barbados,"One or more countries, but not all countries",,,,,,All (Travelers + Residents),,,Not Applicable,Mandatory (Unspecified/Implied),National Government,https://tummgmt.eu.qualtrics.com/Q/File.php?F=F_usT9tCYhvBQ27iF,https://gisbarbados.gov.bb/blog/scope-of-testing-for-covid-19-to-be-widened/,CoronaNet (original),,2021-07-14,2021-07-14T17:50:39Z,75,5,25,,,,,,,,,,,,,,,,,,,,,,,,,
R_2X5o4xSTwj5JokkNA,1022356,new_entry,,,"","The Central Bank of Barbados has implemented new protocols for all persons visiting its headquarters: all visitors must wear a mask and have their temperature taken. Persons with temperature over 37.5 degrees Celsius (99.5 degrees Fahrenheit), will not be allowed to enter the bank.",2020-05-15,2020-05-15,,The policy’s end date is unknown or unreported,Barbados,BRB,BB,"Other (e.g., county)",0,Saint Michael,,,Health Testing,,,"",,,,,,"","","","","","","","","","","",,,,"",Yes,Barbados,One or more geographical or administrative units (other than provincial or city level units) within one or more countries,,Saint Michael,,,Central Bank of Barbados,,,,,Mandatory (Unspecified/Implied),Other (Please specify in the text box),https://tummgmt.eu.qualtrics.com/Q/File.php?F=F_10TrxDIbERQMEz5,https://gisbarbados.gov.bb/blog/new-protocols-for-visiting-central-bank/,CoronaNet (original),,2021-07-14,2021-07-14T17:54:36Z,85,7,65,,,,,,,,,,,,,,,,,,,,,,,,,
R_2dhJoD4krsIqEkECh,1715549,new_entry,,,"","In accordance with the country's Health Services Act Cap 44, all food delivery workers are required to pass health report at the beginning of the shift. Temperature test upon entering the workplace. They are also required to follow social distance in case if they need to communicate with other employees, they must be provided medical masks and discard the disposal ones after 4 hours of wear/or wash reusable ones after each shift. They need wash their hands after each food delivery, sanitize all surfaces and all utensils must be sealed.",2020-05-07,2020-05-07,,The policy’s end date is unknown or unreported,Barbados,BRB,BB,National,1,,,,Hygiene,Hygiene measures for commercial areas,,"",,,,,,"","","","","","","","","","","",,,,"",,Barbados,,,,,,,All Residents (Citizen Residents + Foreign Residents),,,,Mandatory (Unspecified/Implied),Ministry/Department of Health,https://tummgmt.eu.qualtrics.com/Q/File.php?F=F_3oNNFUieGX49rtJ,https://gisbarbados.gov.bb/blog/covid-19-protocols-for-food-service-employees/,CoronaNet (original),,2021-07-14,2021-07-14T17:54:24Z,82,7,53,,,,,,,,,,,,,,,,,,,,,,,,,
R_2dhJoD4krsIqEkECi,1715549,new_entry,,,"","In accordance with the country's Health Services Act Cap 44, all food delivery workers are required to pass health report at the beginning of the shift. Temperature test upon entering the workplace. They are also required to follow social distance in case if they need to communicate with other employees, they must be provided medical masks and discard the disposal ones after 4 hours of wear/or wash reusable ones after each shift. They need wash their hands after each food delivery, sanitize all surfaces and all utensils must be sealed.",2020-05-07,2020-05-07,,The policy’s end date is unknown or unreported,Barbados,BRB,BB,National,1,,,,Hygiene,Hygiene measures for public areas,,"",,,,,,"","","","","","","","","","","",,,,"",,Barbados,,,,,,,All Residents (Citizen Residents + Foreign Residents),,,,Mandatory (Unspecified/Implied),Ministry/Department of Health,https://tummgmt.eu.qualtrics.com/Q/File.php?F=F_3oNNFUieGX49rtJ,https://gisbarbados.gov.bb/blog/covid-19-protocols-for-food-service-employees/,CoronaNet (original),,2021-07-14,2021-07-14T17:54:24Z,82,7,53,,,,,,,,,,,,,,,,,,,,,,,,,
R_1obbTCkCehHPoY4Ch,3204560,new_entry,,,"","Barbados: The Environmental Health Department, in the Ministry of Health and Wellness, has developed a framework geared towards ensuring the safe management of food service establishments during the COVID-19 crisis. This is designed to work in conjunction with the domestic health regulations,Health Services Act Cap 44, and the purpose is to increase the safety in the light of COVID-19 crisis. Under this new framework, all food service establishments are required to clean and sanitize their premises before and after work hours and food service workers are required to wear masks and sanitize after each food delivery.",2020-05-07,2020-05-07,,The policy’s end date is unknown or unreported,Barbados,BRB,BB,National,1,,,,Hygiene,Hygiene measures for commercial areas,,"",,,,,,"","","","","","","","","","","",,,,"",,Barbados,,,,,,,All Residents (Citizen Residents + Foreign Residents),,,,Voluntary/Recommended but No Penalties,Ministry/Department of Health,https://tummgmt.eu.qualtrics.com/Q/File.php?F=F_3kvrh2lAzUVWtCI,https://gisbarbados.gov.bb/blog/covid-19-protocols-for-food-service-establishments/,CoronaNet (original),,2021-07-14,2021-07-14T17:55:42Z,82,7,53,,,,,,,,,,,,,,,,,,,,,,,,,
R_1myKWUEHqMRHHiHCh,4580722,new_entry,,,"","Barbados recommends contractors to consider staggered work hours for their employees in accordance with the COVID-19 Framework for the Recommencement of the Construction Industry. Workers should go home right after the work to avoid crowing in public transport and observe social distancing while using toilets. Contractors should sanitize surfaces and provide their employees with separate towels, closed bins and a separate water.",2020-05-09,2020-05-07,,The policy’s end date is unknown or unreported,Barbados,BRB,BB,National,1,,,,Hygiene,Hygiene measures for commercial areas,,"",,,,,,"","","","","","","","","","","",,,,"",,Barbados,,,,,,,All Residents (Citizen Residents + Foreign Residents),,,,Voluntary/Recommended but No Penalties,Other (Please specify in the text box),https://tummgmt.eu.qualtrics.com/Q/File.php?F=F_3R8YcjfRrYAvX85,https://gisbarbados.gov.bb/blog/contractors-should-consider-staggered-work-hours/,CoronaNet (original),,2021-07-14,2021-07-14T17:56:49Z,82,7,53,,,,,,,,,,,,,,,,,,,,,,,,,
R_1myKWUEHqMRHHiHCj,4580722,new_entry,,,"","Barbados recommends contractors to consider staggered work hours for their employees in accordance with the COVID-19 Framework for the Recommencement of the Construction Industry. Workers should go home right after the work to avoid crowing in public transport and observe social distancing while using toilets. Contractors should sanitize surfaces and provide their employees with separate towels, closed bins and a separate water.",2020-05-09,2020-05-07,,The policy’s end date is unknown or unreported,Barbados,BRB,BB,National,1,,,,Hygiene,Hygiene measures for public transport,,"",,,,,,"","","","","","","","","","","",,,,"",,Barbados,,,,,,,All Residents (Citizen Residents + Foreign Residents),,,,Voluntary/Recommended but No Penalties,Other (Please specify in the text box),https://tummgmt.eu.qualtrics.com/Q/File.php?F=F_3R8YcjfRrYAvX85,https://gisbarbados.gov.bb/blog/contractors-should-consider-staggered-work-hours/,CoronaNet (original),,2021-07-14,2021-07-14T17:56:49Z,82,7,53,,,,,,,,,,,,,,,,,,,,,,,,,
R_3DwGzcY4BbpTbw2Ch,9173833,new_entry,,,"","As a part of Phase 3 (May 18-31) of re-opening the country, new protocol for hairdressing salons is established in The Health Services Act CAP.44 (Hairdressers) Regulations 1970 and further enhanced in the light of COVID-19 crisis. New protocol has provisions on: face shields on service providers and customers, cleaning & sanitizing work stations and restrooms, making appointments with clients, social distancing in salons, as well as more detailed instructions on cleaning/discarding shampoo and pedicure bowls after each client.",2020-05-16,2020-05-18,2020-05-31,The policy has a clear end date,Barbados,BRB,BB,National,1,,,,Hygiene,Hygiene measures for commercial areas,,"",,,,,,"","","","","","","","","","","",,,,"",,Barbados,,,,,,,All Residents (Citizen Residents + Foreign Residents),,,,Mandatory with Exceptions (Please list exceptions in the text entry),Ministry/Department of Health,https://tummgmt.eu.qualtrics.com/Q/File.php?F=F_2WAU7FbdR4xaHbe,https://gisbarbados.gov.bb/blog/covid-19-protocols-for-hairdressing-salons/,CoronaNet (original),,2020-05-23,2020-05-23T18:56:04Z,88,7,68,,,,,,,,,,,,,,,,,,,,,,,,,
R_1PUFt9eHAJUdpWdCi,8477930,new_entry,,,"","Barbados: Director General, Human Resource, Ministry of Public Service, Gail Atkins, made a presentation on ""Safe Work; Safe Environment; Safe People"", during the Learning and Development Directorate’s Webinar, where she announced that there was a protocol on cleaning public service areas. Ministry of Public Service wants to review workplace hygiene standards as some public officers will be returning to work. This protocol utilized recommendations from World Health Organization and the Ministry of Health and Wellness.",2020-05-21,2020-05-21,,The policy’s end date is unknown or unreported,Barbados,BRB,BB,National,1,,,,Hygiene,Hygiene measures for public areas,,"",,,,,,"","","","","","","","","","","",,,,"",,Barbados,,,,,,,All Residents (Citizen Residents + Foreign Residents),,,,Mandatory (Unspecified/Implied),Other (Please specify in the text box),https://tummgmt.eu.qualtrics.com/Q/File.php?F=F_2q8xqgPrJtxDS5s,https://gisbarbados.gov.bb/blog/covid-19-protocol-developed-on-public-service-cleaning/,CoronaNet (original),,2021-07-14,2021-07-14T18:04:25Z,90,7,70,,,,,,,,,,,,,,,,,,,,,,,,,
R_RwvLMJRjbhsnvjPNA,2408864,new_entry,,,"","MoH of Barbados met in press conference to discuss readiness to respond and prepped meetings with local hospitals, Ministry of Tourism, Ministry of Maritime Affairs, and Blue Economy. Have protocols they are prepared to mobilize from past Ebola and SARS outbreaks",2020-01-22,2020-01-22,2020-01-24,The policy is a one-time measure (e.g. publication of guidelines),Barbados,BRB,BB,National,1,,,,Public Awareness Measures,,,"",,,,,,"","","","","","","","","","","",,,,"",,Barbados,,,,,,,All Residents (Citizen Residents + Foreign Residents),,,,Mandatory (Unspecified/Implied),Ministry/Department of Health,https://tummgmt.eu.qualtrics.com/Q/File.php?F=F_sdnnBgUpPj65OmZ,https://gisbarbados.gov.bb/blog/health-ministry-on-alert-for-new-coronavirus/,CoronaNet (original),,2021-07-19,2021-07-19T16:51:44Z,0,0,0,,,,,,,,,,,,,,,,,,,,,,,,,
R_2zIsNQw5DB68j4LNA,6002570,new_entry,,,"",MoH of Barbados advises against non-essential travel to Hubei Province in China,2020-01-27,2020-01-27,,The policy’s end date is unknown or unreported,Barbados,BRB,BB,National,1,,,,Public Awareness Measures,,,"",,,,,,"","","","","","","","","","","",,,,"",,Barbados,,,,,,,All Residents (Citizen Residents + Foreign Residents),,,,Voluntary/Recommended but No Penalties,Ministry/Department of Health,https://tummgmt.eu.qualtrics.com/Q/File.php?F=F_1FgplexbRe5Fq0h,https://gisbarbados.gov.bb/blog/avoid-non-essential-travel-to-hubei-province/,CoronaNet (original),,2021-07-19,2021-07-19T16:54:08Z,0,0,0,,,,,,,,,,,,,,,,,,,,,,,,,
R_3JzzgWmUCTF0ElINA,6569355,new_entry,,,"",Prime Minister Mia Amor Mottley has called on Barbadians 70 years and over and those with health challenges to self-quarantine as much as possible for the next 12 weeks.,2020-03-16,2020-03-16,2020-06-01,The policy has a clear end date,Barbados,BRB,BB,National,1,,,,Public Awareness Measures,,,"",,,,,,"","","","","","","","","","","",,,,"",,Barbados,,,,,,,All Residents (Citizen Residents + Foreign Residents),,,,Voluntary/Recommended but No Penalties,National Government,https://tummgmt.eu.qualtrics.com/Q/File.php?F=F_dnbupe5hdD21j8Z,https://gisbarbados.gov.bb/blog/vulnerable-groups-urged-to-self-quarantine/,CoronaNet (original),,2021-07-19,2021-07-19T17:03:26Z,0,0,0,,,,,,,,,,,,,,,,,,,,,,,,,
R_1OABbvJg4yodtP0NA,4926787,new_entry,,,"","Senior citizens aged 70 and over and members of the disabled community are reminded that there are two specially designated days for them to go shopping at the supermarkets, hardware stores and fish markets, irrespective of their surnames.",2020-04-13,2020-04-13,,The policy’s end date is unknown or unreported,Barbados,BRB,BB,National,1,,,,Public Awareness Measures,,,"",,,,,,"","","","","","","","","","","",,,,"",,Barbados,,,,,,,All Residents (Citizen Residents + Foreign Residents),,,,Voluntary/Recommended but No Penalties,National Government,https://tummgmt.eu.qualtrics.com/Q/File.php?F=F_27VbGcGCA8wc5rX,https://gisbarbados.gov.bb/blog/specially-designated-days-for-seniors-disabled/,CoronaNet (original),,2021-07-19,2021-07-19T17:07:30Z,72,4,13,,,,,,,,,,,,,,,,,,,,,,,,,
R_2QRSsBDHlEwozXUGd,2136134,new_entry,,,"","On the official Barbados Government Information Service Website, it was confirmed on Mar 11 2020 that since, January 26 [2020], 162 people arriving in Barbados from affected areas had been placed in home quarantine for a period of 14 days.",2020-03-11,2020-01-26,,The policy’s end date is unknown or unreported,Barbados,BRB,BB,National,0,,,,Quarantine,Self-Quarantine (i.e. quarantine at home),,"",,,,,,"","","","","","","","","","","",,,,"",Yes,Barbados,"One or more countries, but not all countries",,,,,,,No special population targeted,,,Mandatory (Unspecified/Implied),National Government,https://tummgmt.eu.qualtrics.com/Q/File.php?F=F_3HLXVRzxxw8bGJc,https://web.archive.org/web/20210719185235/https://gisbarbados.gov.bb/blog/no-confirmed-cases-of-covid-19-in-barbados/,OxCGRT,OXCGRT_Barbados_20200126_extmvt,2023-07-11,2023-07-11T13:50:51Z,0,0,0,,,,,,,,,,,,,,,,,,,,,,,,,
R_UKkmsha8jj7BaI9Gd,4535515,new_entry,,,"","Quarantine for travelers from China. Residents who have left or transited through, mainland China on or after 1 February 2020 will be isolated for 14 days after leaving China.",2022-02-01,2020-02-01,2020-02-15,The policy has a clear end date,Barbados,BRB,BB,National,0,,,,Quarantine,Self-Quarantine (i.e. quarantine at home),,"",,,,,,"","","","","","","","","","","",,,,"",Yes,Barbados,"One or more countries, but not all countries",,,,,,,No special population targeted,,,Mandatory (Unspecified/Implied),National Government,https://tummgmt.eu.qualtrics.com/Q/File.php?F=F_Re1EwmZL62xyTVn,https://www.gov.bb/General/elderly-information,CDC_ITF,CDC-ITF-BB-00012_1,2023-07-11,2023-07-11T14:06:15Z,0,0,0,,,,,,,,,,,,,,,,,,,,,,,,,
R_3qqlFIvsnzGmrOdBw,5158611,new_entry,,,"","Senior Medical officer of Health Dr Leslie Rollock announced that asymptomatic arrivals, considered at low risk, will continue to be self-quarantined at home for 14 days, while anyone arriving with symptoms will be sent directly to the Isolation Unit at Enmore. 
The temporary quarantine centre set up to receive persons arriving in Barbados from China and other regions impacted by the COVID-19 is ready to be deployed, and can be operational at a moment’s notice. The centre would receive anyone, who, on arrival at the ports of entry, was screened and determined to have been at high risk of exposure, even though they are asymptomatic.",2020-02-15,2020-02-15,,The policy’s end date is unknown or unreported,Barbados,BRB,BB,National,0,,,,Quarantine,Government Quarantine (i.e. quarantine at a government hotel or facility),,"",,,,,,"","","","","","","","","","","",,,,"",Yes,Barbados,"One or more countries, but not all countries",,,,,,,No special population targeted,,,Mandatory (Unspecified/Implied),National Government,https://tummgmt.eu.qualtrics.com/Q/File.php?F=F_RQCq01OGP3Ryhrj,https://web.archive.org/web/20200518194900/https://www.nationnews.com/nationnews/news/243918/quarantine-centre-coronavirus-ready,OxCGRT,OXCGRT_Barbados_20200215_extmvt,2023-07-11,2023-07-11T14:23:10Z,0,0,0,,,,,,,,,,,,,,,,,,,,,,,,,
R_2CIAq5MGpACNapLGd,8122273,new_entry,,,"","With immediate effect, all arriving passengers who have been in Iran, or Lombardy, Emilia-Romagna or Veneto in Italy in the previous 14 days will be required to report to Port Health at the points of entry. 
These passengers will be interviewed by port health officers and sent to mandatory quarantine. The type of quarantine is determined by the level of risk of exposure. Low-risk individuals, he explained, are sent to home quarantine while moderate to high-risk individuals are sent to mandatory quarantine.",2020-03-04,2020-03-04,,The policy’s end date is unknown or unreported,Barbados,BRB,BB,National,0,,,,Quarantine,Self-Quarantine (i.e. quarantine at home),,"",,,,,,"","","","","","","","","","","",,,,"",Yes,Barbados,"One or more countries, but not all countries",,,,,,,No special population targeted,,,Mandatory (Unspecified/Implied),National Government,https://tummgmt.eu.qualtrics.com/Q/File.php?F=F_12JernkXKOX62Ql,https://gisbarbados.gov.bb/blog/health-ministry-expands-list-of-countries-facing-quarantine/,ACAPS,ACAPS_1528,2023-07-11,2023-07-11T14:31:03Z,0,0,0,,,,,,,,,,,,,,,,,,,,,,,,,
R_2ZWV5DxKYQTweGdGd,4924225,new_entry,,,"","Iran and three districts in northern Italy have now joined the list of countries from which travellers entering Barbados will be subjected to mandatory quarantine for COVID-19, the Ministry of Health announced today.
All arriving passengers who have been in Iran, or Lombardy, Emilia-Romagna or Veneto in Italy in the previous 14 days are required to report to Port Health at the points of entry, the ministry said in a statement.",2020-03-05,2020-03-05,,The policy’s end date is unknown or unreported,Barbados,BRB,BB,National,0,,,,Quarantine,Self-Quarantine (i.e. quarantine at home),,"",,,,,,"","","","","","","","","","","",,,,"",Yes,Barbados,"One or more countries, but not all countries",,,,,,,No special population targeted,,,Mandatory (Unspecified/Implied),National Government,https://tummgmt.eu.qualtrics.com/Q/File.php?F=F_cw2KbVc7wH2kz0q,https://barbadostoday.bb/2020/03/05/iran-northern-italy-added-to-covid-19-watch-list/,ACAPS,ACAPS_192,2023-07-11,2023-07-11T14:58:48Z,0,0,0,,,,,,,,,,,,,,,,,,,,,,,,,
R_2ZWV5DxKYQTweGdBw,4924225,new_entry,,,"","Iran and three districts in northern Italy have now joined the list of countries from which travellers entering Barbados will be subjected to mandatory quarantine for COVID-19, the Ministry of Health announced today.
All arriving passengers who have been in Iran, or Lombardy, Emilia-Romagna or Veneto in Italy in the previous 14 days are required to report to Port Health at the points of entry, the ministry said in a statement.",2020-03-05,2020-03-05,,The policy’s end date is unknown or unreported,Barbados,BRB,BB,National,0,,,,Quarantine,Government Quarantine (i.e. quarantine at a government hotel or facility),,"",,,,,,"","","","","","","","","","","",,,,"",Yes,Barbados,"One or more countries, but not all countries",,,,,,,No special population targeted,,,Mandatory (Unspecified/Implied),National Government,https://tummgmt.eu.qualtrics.com/Q/File.php?F=F_cw2KbVc7wH2kz0q,https://barbadostoday.bb/2020/03/05/iran-northern-italy-added-to-covid-19-watch-list/,ACAPS,ACAPS_192,2023-07-11,2023-07-11T14:58:48Z,0,0,0,,,,,,,,,,,,,,,,,,,,,,,,,
R_2Y3UMBd507DHqXfGd,1641653,new_entry,,,"","On March 7, 2020 The Barbados Government expanded its quarantine protocol to apply to passengers arriving in Barbados from all of Italy.
The type of quarantine in which a person is placed is determined by the level of risk of exposure. Low risk individuals will be sent to home quarantine while moderate to high risk individuals will be sent to mandatory quarantine.",2020-03-07,2020-03-07,,The policy’s end date is unknown or unreported,Barbados,BRB,BB,National,0,,,,Quarantine,Self-Quarantine (i.e. quarantine at home),,"",,,,,,"","","","","","","","","","","",,,,"",Yes,Barbados,"One or more countries, but not all countries",,,,,,,No special population targeted,,,Mandatory (Unspecified/Implied),National Government,https://tummgmt.eu.qualtrics.com/Q/File.php?F=F_2cbm5gNTgwgYLLT,https://web.archive.org/web/20210718113532/https://gisbarbados.gov.bb/blog/quarantine-requirement-expanded-to-all-of-italy/,OxCGRT,OXCGRT_Barbados_20200307_extmvt,2023-07-11,2023-07-11T14:38:20Z,0,0,0,,,,,,,,,,,,,,,,,,,,,,,,,
R_2Y3UMBd507DHqXfBw,1641653,new_entry,,,"","On March 7, 2020 The Barbados Government expanded its quarantine protocol to apply to passengers arriving in Barbados from all of Italy.
The type of quarantine in which a person is placed is determined by the level of risk of exposure. Low risk individuals will be sent to home quarantine while moderate to high risk individuals will be sent to mandatory quarantine.",2020-03-07,2020-03-07,,The policy’s end date is unknown or unreported,Barbados,BRB,BB,National,0,,,,Quarantine,Government Quarantine (i.e. quarantine at a government hotel or facility),,"",,,,,,"","","","","","","","","","","",,,,"",Yes,Barbados,"One or more countries, but not all countries",,,,,,,No special population targeted,,,Mandatory (Unspecified/Implied),National Government,https://tummgmt.eu.qualtrics.com/Q/File.php?F=F_2cbm5gNTgwgYLLT,https://web.archive.org/web/20210718113532/https://gisbarbados.gov.bb/blog/quarantine-requirement-expanded-to-all-of-italy/,OxCGRT,OXCGRT_Barbados_20200307_extmvt,2023-07-11,2023-07-11T14:38:20Z,0,0,0,,,,,,,,,,,,,,,,,,,,,,,,,
R_2ylq100tfMBs3saGd,1453833,new_entry,,,"","On March 23rd, Barbados announced penalties for persons who have been ordered to self-quarantine in their homes but fail to do so. Failure to comply may result in the offender being placed in mandatory quarantine at a health facility. Disobeying can also result in a maximum fine of $5000.00, or imprisonment of up to 12 months or both.",2020-03-23,2020-03-23,,The policy’s end date is unknown or unreported,Barbados,BRB,BB,National,0,,,,Quarantine,Self-Quarantine (i.e. quarantine at home),,"",,,,,,"","","","","","","","","","","",,,,"",No,Barbados,"One or more countries, but not all countries",,,,,,All Residents (Citizen Residents +Foreign Residents),,,Not Applicable,Mandatory with Legal Penalties (Jail Time),"National Government,Ministry/Department of Health",https://tummgmt.eu.qualtrics.com/Q/File.php?F=F_20UmABHiWZ8W0Tb,https://gisbarbados.gov.bb/blog/penalties-for-breaching-self-quarantine/,CoronaNet (original),,2021-07-19,2021-07-19T17:09:14Z,17,0,0,,,,,,,,,,,,,,,,,,,,,,,,,
R_1dae9ZezahvsIONGd,1717804,new_entry,,,"",The Ministry of Health and Wellness has implemented a new policy which allows home quarantine for passengers arriving on flights which originated in countries classified as low risk for COVID-19 cases (ex: those from other Caribbean countries).,2020-06-14,2020-06-14,,The policy’s end date is unknown or unreported,Barbados,BRB,BB,National,0,,,,Quarantine,Self-Quarantine (i.e. quarantine at home),,"",,,,,,"","","","","","","","","","","",,,,"",Yes,Barbados,"One or more countries, but not all countries",,,,,,,No special population targeted,,,Mandatory (Unspecified/Implied),Ministry/Department of Health,https://tummgmt.eu.qualtrics.com/Q/File.php?F=F_20TBb7LGK0U7Fub,https://web.archive.org/web/20200618182845/https://gisbarbados.gov.bb/blog/new-home-quarantine-policy-for-covid-19/,OxCGRT,OXCGRT_Barbados_20200614_extmvt,2023-07-12,2023-07-12T13:34:03Z,96,7,83,,,,,,,,,,,,,,,,,,,,,,,,,
R_2THN20QG90zZNccGd,2913600,new_entry,,,"","Barbados Ministry of Tourism’s updated travel protocols came into effect on August 3rd. These protocols state that “persons from High-Risk countries with a valid negative COVID-19 PCR test result will be quarantined at a designated holding hotel or approved villa at their own expense, or free of charge at a government facility, and will be monitored daily for the onset of symptoms. These persons will be quarantined for a period of 14 days with an option to take a second COVID-19 PCR test between 5-7 days after the last test accepted by the Ministry of Health and Wellness. Persons will typically be released once the test result is negative.” “High-Risk: Includes USA, Brazil, India, Mexico, Argentina, Peru, Colombia, South Africa, Indonesia, Philippines and Russia.”",2020-08-03,2020-08-03,,The policy’s end date is unknown or unreported,Barbados,BRB,BB,National,0,,,,Quarantine,Self-Quarantine (i.e. quarantine at home),,"",,,,,,"","","","","","","","","","","",,,,"",Yes,Barbados,"One or more countries, but not all countries",,,,,,,No special population targeted,,,Mandatory with Exceptions (Please list exceptions in the text entry),Other (Please specify in the text box),https://tummgmt.eu.qualtrics.com/Q/File.php?F=F_12m3qdVO18rKFcH,http://web.archive.org/web/20200830211314/https://www.visitbarbados.org/covid-19-travel-guidelines-2020,OxCGRT,OXCGRT_Barbados_20200803_extmvt,2023-07-12,2023-07-12T13:56:48Z,132,7,98,,,,,,,,,,,,,,,,,,,,,,,,,
R_2THN20QG90zZNccBw,2913600,new_entry,,,"","Barbados Ministry of Tourism’s updated travel protocols came into effect on August 3rd. These protocols state that “persons from High-Risk countries with a valid negative COVID-19 PCR test result will be quarantined at a designated holding hotel or approved villa at their own expense, or free of charge at a government facility, and will be monitored daily for the onset of symptoms. These persons will be quarantined for a period of 14 days with an option to take a second COVID-19 PCR test between 5-7 days after the last test accepted by the Ministry of Health and Wellness. Persons will typically be released once the test result is negative.” “High-Risk: Includes USA, Brazil, India, Mexico, Argentina, Peru, Colombia, South Africa, Indonesia, Philippines and Russia.”",2020-08-03,2020-08-03,,The policy’s end date is unknown or unreported,Barbados,BRB,BB,National,0,,,,Quarantine,Government Quarantine (i.e. quarantine at a government hotel or facility),,"",,,,,,"","","","","","","","","","","",,,,"",Yes,Barbados,"One or more countries, but not all countries",,,,,,,No special population targeted,,,Mandatory with Exceptions (Please list exceptions in the text entry),Other (Please specify in the text box),https://tummgmt.eu.qualtrics.com/Q/File.php?F=F_12m3qdVO18rKFcH,http://web.archive.org/web/20200830211314/https://www.visitbarbados.org/covid-19-travel-guidelines-2020,OxCGRT,OXCGRT_Barbados_20200803_extmvt,2023-07-12,2023-07-12T13:56:48Z,132,7,98,,,,,,,,,,,,,,,,,,,,,,,,,
R_2THN20QG90zZNccFf,2913600,new_entry,,,"","Barbados Ministry of Tourism’s updated travel protocols came into effect on August 3rd. These protocols state that “persons from High-Risk countries with a valid negative COVID-19 PCR test result will be quarantined at a designated holding hotel or approved villa at their own expense, or free of charge at a government facility, and will be monitored daily for the onset of symptoms. These persons will be quarantined for a period of 14 days with an option to take a second COVID-19 PCR test between 5-7 days after the last test accepted by the Ministry of Health and Wellness. Persons will typically be released once the test result is negative.” “High-Risk: Includes USA, Brazil, India, Mexico, Argentina, Peru, Colombia, South Africa, Indonesia, Philippines and Russia.”",2020-08-03,2020-08-03,,The policy’s end date is unknown or unreported,Barbados,BRB,BB,National,0,,,,Quarantine,Quarantine outside the home or government facility (i.e. quarantine in a hotel),,"",,,,,,"","","","","","","","","","","",,,,"",Yes,Barbados,"One or more countries, but not all countries",,,,,,,No special population targeted,,,Mandatory with Exceptions (Please list exceptions in the text entry),Other (Please specify in the text box),https://tummgmt.eu.qualtrics.com/Q/File.php?F=F_12m3qdVO18rKFcH,http://web.archive.org/web/20200830211314/https://www.visitbarbados.org/covid-19-travel-guidelines-2020,OxCGRT,OXCGRT_Barbados_20200803_extmvt,2023-07-12,2023-07-12T13:56:48Z,132,7,98,,,,,,,,,,,,,,,,,,,,,,,,,
R_2E6nFUM9Jm7OFcTBw,812726,new_entry,,,"","People arriving in Barbados with a negative COVID-19 PRC test from countries categorised as high risk are required to quarantine at a government facility free of charge, or at a designated hotel or approved villa at their own expense.
A villa for the purpose of quarantine is defined in the updated travel protocols, which came into effect today, Friday, September 4, as a self-contained accommodation unit, which shares no common areas with other properties such as gyms, laundry rooms or swimming pools.",2020-09-04,2020-09-04,,The policy’s end date is unknown or unreported,Barbados,BRB,BB,National,0,,,,Quarantine,Government Quarantine (i.e. quarantine at a government hotel or facility),,"",,,,,,"","","","","","","","","","","",,,,"",Yes,Barbados,"One or more countries, but not all countries",,,,,,,No special population targeted,,,Mandatory (Unspecified/Implied),Ministry/Department of Health,https://tummgmt.eu.qualtrics.com/Q/File.php?F=F_3oT3QJ6zWAJvY0x,https://gisbarbados.gov.bb/blog/revised-definition-for-quarantine-villas/,ACAPS,ACAPS_17620,2023-07-12,2023-07-12T19:36:45Z,178,7,153,,,,,,,,,,,,,,,,,,,,,,,,,
R_2E6nFUM9Jm7OFcTFf,812726,new_entry,,,"","People arriving in Barbados with a negative COVID-19 PRC test from countries categorised as high risk are required to quarantine at a government facility free of charge, or at a designated hotel or approved villa at their own expense.
A villa for the purpose of quarantine is defined in the updated travel protocols, which came into effect today, Friday, September 4, as a self-contained accommodation unit, which shares no common areas with other properties such as gyms, laundry rooms or swimming pools.",2020-09-04,2020-09-04,,The policy’s end date is unknown or unreported,Barbados,BRB,BB,National,0,,,,Quarantine,Quarantine outside the home or government facility (i.e. quarantine in a hotel),,"",,,,,,"","","","","","","","","","","",,,,"",Yes,Barbados,"One or more countries, but not all countries",,,,,,,No special population targeted,,,Mandatory (Unspecified/Implied),Ministry/Department of Health,https://tummgmt.eu.qualtrics.com/Q/File.php?F=F_3oT3QJ6zWAJvY0x,https://gisbarbados.gov.bb/blog/revised-definition-for-quarantine-villas/,ACAPS,ACAPS_17620,2023-07-12,2023-07-12T19:36:45Z,178,7,153,,,,,,,,,,,,,,,,,,,,,,,,,
R_RChUsAuzrKciDOpBw,5892813,new_entry,,,"","Effective September 19, asymptomatic cases, who are deemed “well and stable enough” by the Ministry of Health and Wellness, may request to self-isolate at a designated isolation-hotel, isolation-villa or other government-approved isolation property.",2020-09-15,2020-09-19,,The policy’s end date is unknown or unreported,Barbados,BRB,BB,National,0,,,,Quarantine,Government Quarantine (i.e. quarantine at a government hotel or facility),,"",,,,,,"","","","","","","","","","","",,,,"",Yes,Barbados,"One or more countries, but not all countries",,,,,,,No special population targeted,,,Voluntary/Recommended but No Penalties,National Government,https://tummgmt.eu.qualtrics.com/Q/File.php?F=F_8AIZmcSuifDPvzj,https://gisbarbados.gov.bb/blog/option-to-self-isolate-effective-september-19/,ACAPS,ACAPS_118465,2023-07-12,2023-07-12T19:50:09Z,185,7,172,,,,,,,,,,,,,,,,,,,,,,,,,
R_RChUsAuzrKciDOpFf,5892813,new_entry,,,"","Effective September 19, asymptomatic cases, who are deemed “well and stable enough” by the Ministry of Health and Wellness, may request to self-isolate at a designated isolation-hotel, isolation-villa or other government-approved isolation property.",2020-09-15,2020-09-19,,The policy’s end date is unknown or unreported,Barbados,BRB,BB,National,0,,,,Quarantine,Quarantine outside the home or government facility (i.e. quarantine in a hotel),,"",,,,,,"","","","","","","","","","","",,,,"",Yes,Barbados,"One or more countries, but not all countries",,,,,,,No special population targeted,,,Voluntary/Recommended but No Penalties,National Government,https://tummgmt.eu.qualtrics.com/Q/File.php?F=F_8AIZmcSuifDPvzj,https://gisbarbados.gov.bb/blog/option-to-self-isolate-effective-september-19/,ACAPS,ACAPS_118465,2023-07-12,2023-07-12T19:50:09Z,185,7,172,,,,,,,,,,,,,,,,,,,,,,,,,
R_aXywmA7ZmamxnxfGd,9339706,new_entry,,,"","Every person who is placed in quarantine at a private residence or a
hotel shall not leave the premises or receive visitors.",2020-09-28,2020-09-28,,The policy’s end date is unknown or unreported,Barbados,BRB,BB,National,0,,,,Quarantine,Self-Quarantine (i.e. quarantine at home),,"",,,,,,"","","","","","","","","","","",,,,"",Yes,Barbados,"One or more countries, but not all countries",,,,,,,No special population targeted,,,Mandatory (Unspecified/Implied),National Government,https://tummgmt.eu.qualtrics.com/Q/File.php?F=F_1nUSoyRmmrib1BQ,https://www.totallybarbados.com/wp-content/uploads/2020/10/Official-Gazette-Part-A-2020.09.28.pdf,CoronaNet (original),,2023-07-12,2023-07-12T19:23:48Z,190,7,178,,,,,,,,,,,,,,,,,,,,,,,,,
R_aXywmA7ZmamxnxfBw,9339706,new_entry,,,"","Every person who is placed in quarantine at a private residence or a
hotel shall not leave the premises or receive visitors.",2020-09-28,2020-09-28,,The policy’s end date is unknown or unreported,Barbados,BRB,BB,National,0,,,,Quarantine,Government Quarantine (i.e. quarantine at a government hotel or facility),,"",,,,,,"","","","","","","","","","","",,,,"",Yes,Barbados,"One or more countries, but not all countries",,,,,,,No special population targeted,,,Mandatory (Unspecified/Implied),National Government,https://tummgmt.eu.qualtrics.com/Q/File.php?F=F_1nUSoyRmmrib1BQ,https://www.totallybarbados.com/wp-content/uploads/2020/10/Official-Gazette-Part-A-2020.09.28.pdf,CoronaNet (original),,2023-07-12,2023-07-12T19:23:48Z,190,7,178,,,,,,,,,,,,,,,,,,,,,,,,,
R_3fkMNFfFmyQlQnXBw,6731005,new_entry,,,"","It is mandatory for all persons arriving in Barbados from countries categorised as high risk to go into quarantine for a period of four to five days from the receipt of their first valid negative COVID-19 PCR test. At the end of the period, they are retested and if they continue to be negative for the virus are discharged from quarantine.
Persons in breach in any of the above stipulations will, on summary conviction, be subject to a fine of BDS $50,000, imprisonment for one year, or both.",2020-10-20,2020-10-20,,The policy’s end date is unknown or unreported,Barbados,BRB,BB,National,0,,,,Quarantine,Government Quarantine (i.e. quarantine at a government hotel or facility),,"",,,,,,"","","","","","","","","","","",,,,"",Yes,Barbados,"One or more countries, but not all countries",,,,,,,No special population targeted,,,"Mandatory with Legal Penalties (Jail Time),Mandatory with Fines",National Government,https://tummgmt.eu.qualtrics.com/Q/File.php?F=F_2Eh3hJGBfevtEmT,https://gisbarbados.gov.bb/blog/statement-on-covid-19-quarantine-breaches/,ACAPS,ACAPS_138895,2023-07-12,2023-07-12T20:00:35Z,222,7,204,,,,,,,,,,,,,,,,,,,,,,,,,
R_3fkMNFfFmyQlQnXFf,6731005,new_entry,,,"","It is mandatory for all persons arriving in Barbados from countries categorised as high risk to go into quarantine for a period of four to five days from the receipt of their first valid negative COVID-19 PCR test. At the end of the period, they are retested and if they continue to be negative for the virus are discharged from quarantine.
Persons in breach in any of the above stipulations will, on summary conviction, be subject to a fine of BDS $50,000, imprisonment for one year, or both.",2020-10-20,2020-10-20,,The policy’s end date is unknown or unreported,Barbados,BRB,BB,National,0,,,,Quarantine,Quarantine outside the home or government facility (i.e. quarantine in a hotel),,"",,,,,,"","","","","","","","","","","",,,,"",Yes,Barbados,"One or more countries, but not all countries",,,,,,,No special population targeted,,,"Mandatory with Legal Penalties (Jail Time),Mandatory with Fines",National Government,https://tummgmt.eu.qualtrics.com/Q/File.php?F=F_2Eh3hJGBfevtEmT,https://gisbarbados.gov.bb/blog/statement-on-covid-19-quarantine-breaches/,ACAPS,ACAPS_138895,2023-07-12,2023-07-12T20:00:35Z,222,7,204,,,,,,,,,,,,,,,,,,,,,,,,,
R_1IGHyDQxaHnEKNIBw,5615344,new_entry,,,"","Flight attendants and pilots flying into Barbados' Grantley Adams International Airport are being subjected to strict COVID-19 protocols for their safety and that of passengers. Crew, who are in Barbados for 48 hours or less, are not required to take a PCR test, but have to go immediately into quarantine",2020-10-25,2020-10-25,,The policy’s end date is unknown or unreported,Barbados,BRB,BB,National,0,,,,Quarantine,Government Quarantine (i.e. quarantine at a government hotel or facility),,"",,,,,,"","","","","","","","","","","",,,,"",Yes,Barbados,"One or more countries, but not all countries",,,,,,,No special population targeted,,,Mandatory (Unspecified/Implied),National Government,https://tummgmt.eu.qualtrics.com/Q/File.php?F=F_p5zoYZieEofpP2h,https://barbados.loopnews.com/content/health-officials-not-slacking-covid-19-safety-rules-crews,ACAPS,ACAPS_140264,2023-07-13,2023-07-13T14:47:46Z,227,7,208,,,,,,,,,,,,,,,,,,,,,,,,,
R_RF80E6W4FxnyCGZBw,3338247,new_entry,,,"","All high risk passengers are required to quarantine at a designated hotel or approved villa at their own expense or free of charge at a government facility, up to the time of a second test, which will be four to five days after the first test. 
At the end of the period, if they test negative, they are discharged from quarantine, but will continue to be monitored for seven days from the time of arrival.",2020-11-02,2020-11-03,,The policy’s end date is unknown or unreported,Barbados,BRB,BB,National,0,,,,Quarantine,Government Quarantine (i.e. quarantine at a government hotel or facility),,"",,,,,,"","","","","","","","","","","",,,,"",Yes,Barbados,"One or more countries, but not all countries",,,,,,,No special population targeted,,,Mandatory (Unspecified/Implied),National Government,https://tummgmt.eu.qualtrics.com/Q/File.php?F=F_ULsvZndmgN96Ej7,https://gisbarbados.gov.bb/blog/50-countries-now-in-covid-19-high-risk-category/,ACAPS,ACAPS_140260,2023-07-13,2023-07-13T15:59:22Z,238,7,222,,,,,,,,,,,,,,,,,,,,,,,,,
R_RF80E6W4FxnyCGZFf,3338247,new_entry,,,"","All high risk passengers are required to quarantine at a designated hotel or approved villa at their own expense or free of charge at a government facility, up to the time of a second test, which will be four to five days after the first test. 
At the end of the period, if they test negative, they are discharged from quarantine, but will continue to be monitored for seven days from the time of arrival.",2020-11-02,2020-11-03,,The policy’s end date is unknown or unreported,Barbados,BRB,BB,National,0,,,,Quarantine,Quarantine outside the home or government facility (i.e. quarantine in a hotel),,"",,,,,,"","","","","","","","","","","",,,,"",Yes,Barbados,"One or more countries, but not all countries",,,,,,,No special population targeted,,,Mandatory (Unspecified/Implied),National Government,https://tummgmt.eu.qualtrics.com/Q/File.php?F=F_ULsvZndmgN96Ej7,https://gisbarbados.gov.bb/blog/50-countries-now-in-covid-19-high-risk-category/,ACAPS,ACAPS_140260,2023-07-13,2023-07-13T15:59:22Z,238,7,222,,,,,,,,,,,,,,,,,,,,,,,,,
R_2Ui9ZzBEVZZeU4pAl,7961393Al,new_entry,,,"","Barbados's Minister of  Small Business, Entrepreneurship and Commerce, Dwight Sutherland, announced that businesses which should not be operating during this time under the COVID-19 restrictions may face disciplinary action for failing to adhere. He mentioned that Attorney General will ""enforce"" the closure of businesses through the Emergency Management Act legislation.",2020-05-08,2020-05-08,2023-07-20,The policy has an unlimited time span (e.g. recommendation to wash one's hands; passing of a legal bill),Barbados,BRB,BB,National,1,,,,Restriction and Regulation of Businesses,All or unspecified businesses,,"",,,,,,"","","","","","","","","","","",,No information in the policy about whether the business is considered essential or non-essential,"This type of business  (""All or unspecified businesses"") is closed/locked down","",Yes,Barbados,"One or more countries, but not all countries",,,,,,All Residents (Citizen Residents + Foreign Residents),,,,"Mandatory with Legal Penalties (Jail Time),Mandatory (Unspecified/Implied)","National Government,Other (Please specify in the text box)",https://tummgmt.eu.qualtrics.com/Q/File.php?F=F_2VqEz6C4t3zFYlz,https://gisbarbados.gov.bb/blog/businesses-not-cleared-to-open-may-face-action/,CoronaNet (original),,2021-07-19,2021-07-19T17:12:42Z,83,7,53,,,,,,,,,,,,,,,,,,,,,,,,,
R_24IViOoNWKIdcZxGa,811271Ga,new_entry,,,"","The Barbados National Standards Institution (BNSI) is implementing a ""Safe Business Certification Mark"" to make sure that the workplaces, the small businesses, put the necessary health and  safety regulations in place that  persons can feel comfortable with returning  to work. Micro, Small and Medium business will be receive ""Occupational Health and Safety"" certification by the Ministry of Commerce. This new standard was aligned with the ISO 45001 Occupational Health and Safety Standard, which is the World Standard for Occupational Health and Safety.",2020-05-08,2020-05-08,2020-05-23,The policy has an imprecise natural end date (e.g. masks will be distributed until they run out),Barbados,BRB,BB,National,1,,,,Restriction and Regulation of Businesses,Retail Businesses,,"",,,,,,"","","","","","","","","","","",,Non-Essential Businesses,"This type of business  (""Retail Businesses"") is allowed to open with conditions","Hygiene and sanitation measures required,Other condition not specified above (please provide detail in the text entry)",Yes,Barbados,"One or more countries, but not all countries",,,,,,All Residents (Citizen Residents + Foreign Residents),,,,"Mandatory with Legal Penalties (Jail Time),Mandatory (Unspecified/Implied)",Other (Please specify in the text box),https://tummgmt.eu.qualtrics.com/Q/File.php?F=F_3lMH9EanNDf7OYG,https://gisbarbados.gov.bb/blog/certification-to-deem-businesses-healthy-safe/,CoronaNet (original),,2021-07-19,2021-07-19T17:14:28Z,83,7,53,,,,,,,,,,,,,,,,,,,,,,,,,
R_24IViOoNWKIdcZxFn,811271Fn,new_entry,,,"","The Barbados National Standards Institution (BNSI) is implementing a ""Safe Business Certification Mark"" to make sure that the workplaces, the small businesses, put the necessary health and  safety regulations in place that  persons can feel comfortable with returning  to work. Micro, Small and Medium business will be receive ""Occupational Health and Safety"" certification by the Ministry of Commerce. This new standard was aligned with the ISO 45001 Occupational Health and Safety Standard, which is the World Standard for Occupational Health and Safety.",2020-05-08,2020-05-08,2020-05-23,The policy has an imprecise natural end date (e.g. masks will be distributed until they run out),Barbados,BRB,BB,National,1,,,,Restriction and Regulation of Businesses,Restaurants,,"",,,,,,"","","","","","","","","","","",,Non-Essential Businesses,"This type of business  (""Restaurants"") is allowed to open with conditions","Hygiene and sanitation measures required,Other condition not specified above (please provide detail in the text entry)",Yes,Barbados,"One or more countries, but not all countries",,,,,,All Residents (Citizen Residents + Foreign Residents),,,,"Mandatory with Legal Penalties (Jail Time),Mandatory (Unspecified/Implied)",Other (Please specify in the text box),https://tummgmt.eu.qualtrics.com/Q/File.php?F=F_3lMH9EanNDf7OYG,https://gisbarbados.gov.bb/blog/certification-to-deem-businesses-healthy-safe/,CoronaNet (original),,2021-07-19,2021-07-19T17:14:28Z,83,7,53,,,,,,,,,,,,,,,,,,,,,,,,,
R_24IViOoNWKIdcZxAt,811271At,new_entry,,,"","The Barbados National Standards Institution (BNSI) is implementing a ""Safe Business Certification Mark"" to make sure that the workplaces, the small businesses, put the necessary health and  safety regulations in place that  persons can feel comfortable with returning  to work. Micro, Small and Medium business will be receive ""Occupational Health and Safety"" certification by the Ministry of Commerce. This new standard was aligned with the ISO 45001 Occupational Health and Safety Standard, which is the World Standard for Occupational Health and Safety.",2020-05-08,2020-05-08,2020-05-23,The policy has an imprecise natural end date (e.g. masks will be distributed until they run out),Barbados,BRB,BB,National,1,,,,Restriction and Regulation of Businesses,Bars,,"",,,,,,"","","","","","","","","","","",,Non-Essential Businesses,"This type of business  (""Bars"") is allowed to open with conditions","Hygiene and sanitation measures required,Other condition not specified above (please provide detail in the text entry)",Yes,Barbados,"One or more countries, but not all countries",,,,,,All Residents (Citizen Residents + Foreign Residents),,,,"Mandatory with Legal Penalties (Jail Time),Mandatory (Unspecified/Implied)",Other (Please specify in the text box),https://tummgmt.eu.qualtrics.com/Q/File.php?F=F_3lMH9EanNDf7OYG,https://gisbarbados.gov.bb/blog/certification-to-deem-businesses-healthy-safe/,CoronaNet (original),,2021-07-19,2021-07-19T17:14:28Z,83,7,53,,,,,,,,,,,,,,,,,,,,,,,,,
R_24IViOoNWKIdcZxGg,811271Gg,new_entry,,,"","The Barbados National Standards Institution (BNSI) is implementing a ""Safe Business Certification Mark"" to make sure that the workplaces, the small businesses, put the necessary health and  safety regulations in place that  persons can feel comfortable with returning  to work. Micro, Small and Medium business will be receive ""Occupational Health and Safety"" certification by the Ministry of Commerce. This new standard was aligned with the ISO 45001 Occupational Health and Safety Standard, which is the World Standard for Occupational Health and Safety.",2020-05-08,2020-05-08,2020-05-23,The policy has an imprecise natural end date (e.g. masks will be distributed until they run out),Barbados,BRB,BB,National,1,,,,Restriction and Regulation of Businesses,Shopping Centers,,"",,,,,,"","","","","","","","","","","",,Non-Essential Businesses,"This type of business  (""Shopping Centers"") is allowed to open with conditions","Hygiene and sanitation measures required,Other condition not specified above (please provide detail in the text entry)",Yes,Barbados,"One or more countries, but not all countries",,,,,,All Residents (Citizen Residents + Foreign Residents),,,,"Mandatory with Legal Penalties (Jail Time),Mandatory (Unspecified/Implied)",Other (Please specify in the text box),https://tummgmt.eu.qualtrics.com/Q/File.php?F=F_3lMH9EanNDf7OYG,https://gisbarbados.gov.bb/blog/certification-to-deem-businesses-healthy-safe/,CoronaNet (original),,2021-07-19,2021-07-19T17:14:28Z,83,7,53,,,,,,,,,,,,,,,,,,,,,,,,,
R_24IViOoNWKIdcZxBc,811271Bc,new_entry,,,"","The Barbados National Standards Institution (BNSI) is implementing a ""Safe Business Certification Mark"" to make sure that the workplaces, the small businesses, put the necessary health and  safety regulations in place that  persons can feel comfortable with returning  to work. Micro, Small and Medium business will be receive ""Occupational Health and Safety"" certification by the Ministry of Commerce. This new standard was aligned with the ISO 45001 Occupational Health and Safety Standard, which is the World Standard for Occupational Health and Safety.",2020-05-08,2020-05-08,2020-05-23,The policy has an imprecise natural end date (e.g. masks will be distributed until they run out),Barbados,BRB,BB,National,1,,,,Restriction and Regulation of Businesses,Commercial Businesses,,"",,,,,,"","","","","","","","","","","",,Non-Essential Businesses,"This type of business  (""Commercial Businesses"") is allowed to open with conditions","Hygiene and sanitation measures required,Other condition not specified above (please provide detail in the text entry)",Yes,Barbados,"One or more countries, but not all countries",,,,,,All Residents (Citizen Residents + Foreign Residents),,,,"Mandatory with Legal Penalties (Jail Time),Mandatory (Unspecified/Implied)",Other (Please specify in the text box),https://tummgmt.eu.qualtrics.com/Q/File.php?F=F_3lMH9EanNDf7OYG,https://gisbarbados.gov.bb/blog/certification-to-deem-businesses-healthy-safe/,CoronaNet (original),,2021-07-19,2021-07-19T17:14:28Z,83,7,53,,,,,,,,,,,,,,,,,,,,,,,,,
R_24IViOoNWKIdcZxGj,811271Gj,new_entry,,,"","The Barbados National Standards Institution (BNSI) is implementing a ""Safe Business Certification Mark"" to make sure that the workplaces, the small businesses, put the necessary health and  safety regulations in place that  persons can feel comfortable with returning  to work. Micro, Small and Medium business will be receive ""Occupational Health and Safety"" certification by the Ministry of Commerce. This new standard was aligned with the ISO 45001 Occupational Health and Safety Standard, which is the World Standard for Occupational Health and Safety.",2020-05-08,2020-05-08,2020-05-23,The policy has an imprecise natural end date (e.g. masks will be distributed until they run out),Barbados,BRB,BB,National,1,,,,Restriction and Regulation of Businesses,Supermarkets/grocery stores,,"",,,,,,"","","","","","","","","","","",,Non-Essential Businesses,"This type of business  (""Supermarkets/grocery stores"") is allowed to open with conditions","Hygiene and sanitation measures required,Other condition not specified above (please provide detail in the text entry)",Yes,Barbados,"One or more countries, but not all countries",,,,,,All Residents (Citizen Residents + Foreign Residents),,,,"Mandatory with Legal Penalties (Jail Time),Mandatory (Unspecified/Implied)",Other (Please specify in the text box),https://tummgmt.eu.qualtrics.com/Q/File.php?F=F_3lMH9EanNDf7OYG,https://gisbarbados.gov.bb/blog/certification-to-deem-businesses-healthy-safe/,CoronaNet (original),,2021-07-19,2021-07-19T17:14:28Z,83,7,53,,,,,,,,,,,,,,,,,,,,,,,,,
R_3EMVKteA7XpNI1nNA,9942695NA,new_entry,,,"","Barbados is limiting public access to the Community Legal Services Commission suite of offices at the Supreme Court Complex. Members of the public who wish to inquire about, or apply for legal aid services, are asked to first make initial contact with the department by calling 535-9900. A decision will then be made as to whether the caller should attend at the office in person, or be interviewed via telephone.",2020-03-19,2020-03-19,,The policy’s end date is unknown or unreported,Barbados,BRB,BB,National,1,,,,Restriction and Regulation of Government Services,,,"",,,,,,"","","","","","","","","","","",,,,"",,Barbados,,,,,,,All Residents (Citizen Residents + Foreign Residents),,,,Mandatory (Unspecified/Implied),"National Government,Other (Please specify in the text box)",https://tummgmt.eu.qualtrics.com/Q/File.php?F=F_3IXpdE94IeVj363,https://gisbarbados.gov.bb/blog/restricted-public-access-to-community-legal-services/,CoronaNet (original),,2021-07-14,2021-07-14T18:41:27Z,5,0,0,,,,,,,,,,,,,,,,,,,,,,,,,
R_1gO86yESHsS4NwuNA,510803NA,new_entry,,,"","The Barbados Postal Service has advised that the Post Office will not be accepting mail for international destinations, as this service will be temporarily suspended as of March 23. Incoming international mail will still be processed. Local mail services will continue to operate.",2020-03-23,2020-03-23,2023-07-20,The policy has an unlimited time span (e.g. recommendation to wash one's hands; passing of a legal bill),Barbados,BRB,BB,National,1,,,,Restriction and Regulation of Government Services,,,"",,,,,,"","","","","","","","","","","",,,,"",,Barbados,,,,,,,All Residents (Citizen Residents + Foreign Residents),,,,Mandatory (Unspecified/Implied),Other (Please specify in the text box),https://tummgmt.eu.qualtrics.com/Q/File.php?F=F_2dhlCmybe5rJAzO,https://gisbarbados.gov.bb/blog/suspension-of-acceptance-of-international-mail/,CoronaNet (original),,2021-07-14,2021-07-14T18:46:11Z,17,0,0,,,,,,,,,,,,,,,,,,,,,,,,,
R_1hMClxCAhxzXRgnNA,1585207,new_entry,,,"","The Royal Barbados Police Force (RBPF) is closing police station tours for groups and schools as of March 17, 2020.",2020-03-17,2020-03-17,,The policy’s end date is unknown or unreported,Barbados,BRB,BB,National,1,,,,Restrictions of Mass Gatherings,,,"",,,,,,"","","","","","","","","","","",,,,"",,Barbados,,,,,,,All Residents (Citizen Residents + Foreign Residents),,,,Mandatory (Unspecified/Implied),Police,https://tummgmt.eu.qualtrics.com/Q/File.php?F=F_7UoFM9qjoyRbOqB,https://gisbarbados.gov.bb/blog/suspension-of-police-tours/,CoronaNet (original),,2021-07-14,2021-07-14T18:50:07Z,2,0,0,,,,,,,,,,,,,,,,,,,,,,,,,
R_2tMgksdGF6g5QbYNA,8735887,new_entry,,,"","Barbados introduces new shopping schedules during the country's 24-hr curfew. Persons whose surnames begin with A and B, are to shop on Mondays between 8-11 AM and Fridays between 1-4 PM. Their Banking day is Monday between 9AM and 1PM. Persons whose surnames begin with C, D, E & F - shopping on Wed between 8-11 AM and Sat 1-4 PM. Banking day for them is Wednesday between 9AM - 1PM. Persons whose surnames begin with G, H, I, J & K - shopping on Thursday between 8-11AM and Monday 1-4PM. Banking day for them is Thursday between 9AM - 1PM. Persons whose surnames begin with L, M, N, O, P, Q, R - shop on Friday 8-11AM and on Tuesday 1-4PM. Banking day for them is Friday from 9AM to 1PM. Persons with surnames from S-Z: shop on Saturday 8-11 AM and Wednesday 1-4PM; while banking day for them is Wednesday 9AM til 1PM. Senior citizens shop on Tuesdays and Sundays from 8 - 11AM and their banking day is Tuesday between 9AM and 1PM. Essential/healthcare workers to shop on Thursday 1-4PM and Sundays 11AM - 2PM and use banks on Thursday 1-4PM. All persons must carry their IDs at all times because they will have to show it before entering the premises. People are also advised to wear masks and carry umbrellas/water in case of long lines.",2020-04-11,2020-04-13,2020-05-04,The policy has a clear end date,Barbados,BRB,BB,National,1,,,,Restrictions of Mass Gatherings,,,"",,,,,,"","","","","","","","","","","",,,,"",,Barbados,,,,,,,All Residents (Citizen Residents + Foreign Residents),,,,Mandatory (Unspecified/Implied),"National Government,Police",https://tummgmt.eu.qualtrics.com/Q/File.php?F=F_2D7UNssaBxnhvOj,https://gisbarbados.gov.bb/blog/shopping-schedule-during-covid-19-curfew/,CoronaNet (original),,2020-04-25,2020-04-25T08:47:56Z,72,4,13,,,,,,,,,,,,,,,,,,,,,,,,,
R_2xL5wbOWH7elkEzNA,3550852,new_entry,,,"",Barbados restricts public visits to Her Majesty’s Prisons Dodds as of March 27.,2020-03-27,2020-03-27,,The policy’s end date is unknown or unreported,Barbados,BRB,BB,National,1,,,,Social Distancing,,,"",,,,,,"","","","","","","","","","","",,,,"",,Barbados,,,,,,,All Residents (Citizen Residents + Foreign Residents),,,,"Mandatory (Unspecified/Implied),Mandatory with Exceptions (Please list exceptions in the text entry)",Other (Please specify in the text box),https://tummgmt.eu.qualtrics.com/Q/File.php?F=F_1ey3J4JMqhuV6qh,https://gisbarbados.gov.bb/blog/visits-to-prison-suspended-until-further-notice/,CoronaNet (original),,2021-07-14,2021-07-14T18:52:53Z,24,0,0,,,,,,,,,,,,,,,,,,,,,,,,,
R_2agz6ju6iOnkSH2NA,7867659,new_entry,,,"","All employees of businesses not deemed essential services are asked to work from home over the curfew period Saturday, March 28, to Tuesday, April 14.",2020-03-28,2020-03-28,2020-04-14,The policy has a clear end date,Barbados,BRB,BB,National,1,,,,Social Distancing,,,"",,,,,,"","","","","","","","","","","",,,,"",,Barbados,,,,,,,All Residents (Citizen Residents + Foreign Residents),,,,Voluntary/Recommended but No Penalties,National Government,https://tummgmt.eu.qualtrics.com/Q/File.php?F=F_1gONkCzxW1aTMYm,https://gisbarbados.gov.bb/blog/employees-to-work-from-home/,CoronaNet (original),,2021-07-14,2021-07-14T18:55:58Z,26,0,0,,,,,,,,,,,,,,,,,,,,,,,,,
R_3jZF1iBQi1ZF6IbNA,9354710,new_entry,,,"","The Central Bank of Barbados and the Financial Services Commission (FSC) advise that all deposit-taking institutions and/or businesses facilitating domestic or international payments can open under the extended 24-hour curfew, which runs from April 15, 2020 until May 3.",2020-04-15,2020-04-15,2020-05-03,The policy has a clear end date,Barbados,BRB,BB,National,1,,,,Social Distancing,,,"",,,,,,"","","","","","","","","","","",,,,"",,Barbados,,,,,,,All Residents (Citizen Residents + Foreign Residents),,,,Voluntary/Recommended but No Penalties,National Government,https://tummgmt.eu.qualtrics.com/Q/File.php?F=F_2pPsSMqrerK18E0,https://gisbarbados.gov.bb/blog/financial-institutions-to-reopen-from-april-15/,CoronaNet (original),,2020-04-23,2020-04-23T08:03:14Z,73,5,15,,,,,,,,,,,,,,,,,,,,,,,,,
R_3p8SJVbo8fPkvriGz,9129608,new_entry,,,"","To further isolate vulnerable patients and staff from potential exposure to the Coronavirus (COVID-19), the Queen Elizabeth Hospital has established a Clinical Decision Unit (CDU) at Jemmotts Lane, St. Michael.",2020-04-20,2020-04-20,,The policy’s end date is unknown or unreported,Barbados,BRB,BB,National,1,,,,Social Distancing,Unspecified Mask Wearing Policy,,"",,,,,,"","","","","","","","","","","",,,,"",Yes,Barbados,"One or more countries, but not all countries",,,,,,All Residents (Citizen Residents + Foreign Residents),,,,Mandatory (Unspecified/Implied),National Government,https://tummgmt.eu.qualtrics.com/Q/File.php?F=F_ZkIip2N0BG9oPsd,https://gisbarbados.gov.bb/blog/qeh-establishes-clinical-decision-unit/,CoronaNet (original),,2021-07-19,2021-07-19T17:16:02Z,75,5,19,,,,,,,,,,,,,,,,,,,,,,,,,
