record_id,policy_id,entry_type,update_type,update_level,update_level_var,description,date_announced,date_start,date_end,date_end_spec,country,ISO_A3,ISO_A2,init_country_level,domestic_policy,province,ISO_L2,city,type,type_sub_cat,type_new_admin_coop,type_vac_cat,type_vac_mix,type_vac_reg,type_vac_purchase,type_vac_group,type_vac_group_rank,type_vac_who_pays,type_vac_dist_admin,type_vac_loc,type_vac_cost_num,type_vac_cost_scale,type_vac_cost_unit,type_vac_cost_gov_perc,type_vac_amt_num,type_vac_amt_scale,type_vac_amt_unit,type_vac_amt_gov_perc,type_text,institution_cat,institution_status,institution_conditions,target_init_same,target_country,target_geog_level,target_region,target_province,target_city,target_intl_org,target_other,target_who_what,target_who_gen,target_direction,travel_mechanism,compliance,enforcer,dist_index_high_est,dist_index_med_est,dist_index_low_est,dist_index_country_rank,pdf_link,link,date_updated,recorded_date,confirmed_cases,deaths,recovered,new_tests,total_tests,total_tests_per_thousand,tests_units,total_vaccinations,daily_vaccinations,total_vaccinations_per_hundred,daily_vaccinations_per_million,Rank_FP,Score_FP,muni_IDC,dispersive_IDC,constraining_IDC,sfi_SFI,ti_cpi_TI,pop_WDI_PW,gdp_WDI_PW,growth_WDI_PW,lnpop_WDI_PW,lngdp_WDI_PW,disap_FA,polpris_FA,latentmean_FA,transparencyindex_HR,EmigrantStock_EMS
R_2Ebr26zp3d0TdEFEl,789011El,new_entry,,,"","The Ministry of Education, Science and Technology of Antigua and Barbuda closed the schools early on the 16th of march. School staff and teachers had to prepare the closing on the 16th and the 17th of March.",2020-03-15,2020-03-16,2020-03-27,The policy has a clear end date,Antigua and Barbuda,ATG,AG,National,1,,,,Closure and Regulation of Schools,Preschool or childcare facilities (generally for children ages 5 and below),,"",,,,,,"","","","","","","","","","","",,,Preschool or childcare facilities closed/locked down,"",,Antigua and Barbuda,,,,,,,All Residents (Citizen Residents + Foreign Residents),,,,Mandatory (Unspecified/Implied),"Ministry/Department of Health,Other (Please specify in the text box)",,,,,https://tummgmt.eu.qualtrics.com/Q/File.php?F=F_3EssenIypeegZzH,https://ab.gov.ag/pdf/MoEST_COVID-19_Closures.pdf,2020-04-03,2020-04-03T20:00:30Z,1,0,0,,,,,,,,,,,,,,,,,,,,,,,,,
R_2Ebr26zp3d0TdEFEm,789011Em,new_entry,,,"","The Ministry of Education, Science and Technology of Antigua and Barbuda closed the schools early on the 16th of march. School staff and teachers had to prepare the closing on the 16th and the 17th of March.",2020-03-15,2020-03-16,2020-03-27,The policy has a clear end date,Antigua and Barbuda,ATG,AG,National,1,,,,Closure and Regulation of Schools,Primary Schools (generally for children ages 10 and below),,"",,,,,,"","","","","","","","","","","",,,Primary Schools closed/locked down,"",,Antigua and Barbuda,,,,,,,All Residents (Citizen Residents + Foreign Residents),,,,Mandatory (Unspecified/Implied),"Ministry/Department of Health,Other (Please specify in the text box)",,,,,https://tummgmt.eu.qualtrics.com/Q/File.php?F=F_3EssenIypeegZzH,https://ab.gov.ag/pdf/MoEST_COVID-19_Closures.pdf,2020-04-03,2020-04-03T20:00:30Z,1,0,0,,,,,,,,,,,,,,,,,,,,,,,,,
R_2Ebr26zp3d0TdEFFw,789011Fw,new_entry,,,"","The Ministry of Education, Science and Technology of Antigua and Barbuda closed the schools early on the 16th of march. School staff and teachers had to prepare the closing on the 16th and the 17th of March.",2020-03-15,2020-03-16,2020-03-27,The policy has a clear end date,Antigua and Barbuda,ATG,AG,National,1,,,,Closure and Regulation of Schools,Secondary Schools (generally for children ages 10 to 18),,"",,,,,,"","","","","","","","","","","",,,Secondary Schools closed/locked down,"",,Antigua and Barbuda,,,,,,,All Residents (Citizen Residents + Foreign Residents),,,,Mandatory (Unspecified/Implied),"Ministry/Department of Health,Other (Please specify in the text box)",,,,,https://tummgmt.eu.qualtrics.com/Q/File.php?F=F_3EssenIypeegZzH,https://ab.gov.ag/pdf/MoEST_COVID-19_Closures.pdf,2020-04-03,2020-04-03T20:00:30Z,1,0,0,,,,,,,,,,,,,,,,,,,,,,,,,
R_2Ebr26zp3d0TdEFCe,789011Ce,new_entry,,,"","The Ministry of Education, Science and Technology of Antigua and Barbuda closed the schools early on the 16th of march. School staff and teachers had to prepare the closing on the 16th and the 17th of March.",2020-03-15,2020-03-16,2020-03-27,The policy has a clear end date,Antigua and Barbuda,ATG,AG,National,1,,,,Closure and Regulation of Schools,Higher education institutions (i.e. degree granting institutions),,"",,,,,,"","","","","","","","","","","",,,Higher education institutions closed/locked down,"",,Antigua and Barbuda,,,,,,,All Residents (Citizen Residents + Foreign Residents),,,,Mandatory (Unspecified/Implied),"Ministry/Department of Health,Other (Please specify in the text box)",,,,,https://tummgmt.eu.qualtrics.com/Q/File.php?F=F_3EssenIypeegZzH,https://ab.gov.ag/pdf/MoEST_COVID-19_Closures.pdf,2020-04-03,2020-04-03T20:00:30Z,1,0,0,,,,,,,,,,,,,,,,,,,,,,,,,
R_1jJPtddeiBrcZbHGo,1291080,new_entry,,,"","At the 16th of March, Antigua and Barbuda´s Tourism Authority stated: ""If you have travelled from China, Italy, Iran, Japan, Korea, Germany, France and Singapore within the past twenty-eight (28) days you will not be allowed entry. Citizens of Antigua and Barbuda as well as resident diplomats will be allowed entry""",2020-03-16,2020-03-16,,The policy’s end date is unknown or unreported,Antigua and Barbuda,ATG,AG,National,0,,,,External Border Restrictions,Travel History Form (e.g. documents where traveler has recently been),,"",,,,,,"","","","","","","","","","","",,,,"",No,"China,France,Germany,Iran,Italy,Japan,Singapore,South Korea","One or more countries, but not all countries","Europe,North America",,,,,Foreign Travelers,,Inbound,All kinds of transport,"Mandatory (Unspecified/Implied),Mandatory with Exceptions (Please list exceptions in the text entry)","National Government,Other (Please specify in the text box)",,,,,https://tummgmt.eu.qualtrics.com/Q/File.php?F=F_29idrSwVm0DmP1i,https://visitantiguabarbuda.com/response-to-novel-coronavirus-covid-19/,2022-01-21,2022-01-21T15:21:42Z,1,0,0,,,,,,,,,,,,,,,,,,,,,,,,,
R_3rII6zCUxzO7ttHGl,1919519,new_entry,,,"","""On 24 March the government of Antigua and Barbuda announced with immediate effect the consolidation of its maritime border on the island of Antigua. All international maritime arrivals must enter via Nevis Street Pier in St John’s."" ""Yachts are not permitted to enter Antigua and Barbuda, regardless of which country they have arrived from, and regardless of the nationality or residential status of those on board. Travellers arriving from Montserrat are being screened, which may result in extended travel time.""",2020-03-24,2020-03-24,,The policy’s end date is unknown or unreported,Antigua and Barbuda,ATG,AG,National,0,,,,External Border Restrictions,Total border crossing ban,,"",,,,,,"","","","","","","","","","","",,,,"",No,,All countries,,,,,,All Travelers (Citizen Travelers + Foreign Travelers ),,Inbound,"Seaports,Cruises,Ferries",Mandatory (Unspecified/Implied),National Government,,,,,https://tummgmt.eu.qualtrics.com/Q/File.php?F=F_3PpHT78NW3pbKk9,https://www.gov.uk/foreign-travel-advice/antigua-and-barbuda/coronavirus,2022-01-21,2022-01-21T15:22:31Z,3,0,0,,,,,,,,,,,,,,,,,,,,,,,,,
R_2wMlAhTICZEcojbGo,1291080,update,,,"","The government of Antigua and Barbuda closed the only international airport for all incoming flights on the 26th of March. An exception are cargo aircraft, private jets and island hopping planes. UPDATE: The entry restriction for few countries on the 16th of March was extended to a closure of the airport for all incoming flights on the 26th of March. An exception are cargo aircraft, private jets and island hopper planes.",2020-03-25,2020-03-26,2020-04-09,The policy has a clear end date,Antigua and Barbuda,ATG,AG,National,0,,,,External Border Restrictions,Travel History Form (e.g. documents where traveler has recently been),,"",,,,,,"","","","","","","","","","","",,,,"",No,"China,France,Germany,Iran,Italy,Japan,Singapore,South Korea","One or more countries, but not all countries","Europe,North America",,,,,Foreign Travelers,,Inbound,Flights,"Mandatory (Unspecified/Implied),Mandatory with Exceptions (Please list exceptions in the text entry)",National Government,,,,,https://tummgmt.eu.qualtrics.com/Q/File.php?F=F_2aaCwb08PCvUik0 ; https://tummgmt.eu.qualtrics.com/Q/File.php?F=F_1QmEg9WpvQRhHhr,https://antigua-barbuda.com/updated-closure-of-vc-bird-international-airport-from-thursday-26-march-2020,2020-04-03,2020-04-03T22:03:50Z,7,0,0,,,,,,,,,,,,,,,,,,,,,,,,,
R_1cT8fFwbfPM5at7Go,1291080,update,,,"","The existing travel ban for some countries has been expanded for foreign nationals, who have visited the United States, Canada and all European countries in the 28 days before. All incoming foreign flights have been cancelled. These new measures are starting at the 26th of March according to the government of Antigua and Barbuda. UPDATE: By March 25th, the government decided to extend the travel ban of foreign nationals who have been in more countries than before. The newly included countries now include the United States, Canada and all European states.",2020-03-25,2020-03-26,2020-04-09,The policy has a clear end date,Antigua and Barbuda,ATG,AG,National,0,,,,External Border Restrictions,Travel History Form (e.g. documents where traveler has recently been),,"",,,,,,"","","","","","","","","","","",,,,"",No,"China,France,Germany,Iran,Italy,Japan,Singapore,South Korea","One or more countries, but not all countries","Europe,North America",,,,,Foreign Travelers,,Inbound,All kinds of transport,"Mandatory (Unspecified/Implied),Mandatory with Exceptions (Please list exceptions in the text entry)",National Government,,,,,https://tummgmt.eu.qualtrics.com/Q/File.php?F=F_2q8lSqt0ZWQ7jqb ; https://tummgmt.eu.qualtrics.com/Q/File.php?F=F_1QmEg9WpvQRhHhr,https://antigua-barbuda.com/updated-closure-of-vc-bird-international-airport-from-thursday-26-march-2020,2020-04-03,2020-04-03T22:21:46Z,7,0,0,,,,,,,,,,,,,,,,,,,,,,,,,
R_vxaFSVdVAne3DTrGl,1919519,update,,Strengthening,"","""On 24 March the Barbuda Council announced that from 27 March all ports of entry on the island of Barbuda will be closed for 14 days."" Previously the regulation had no specific duration and one pier was still opened for incoming travelers by boat. UPDATE: ""On 24 March the Barbuda Council announced that from 27 March all ports of entry on the island of Barbuda will be closed for 14 days.""",2020-03-24,2020-03-27,2020-04-10,The policy has a clear end date,Antigua and Barbuda,ATG,AG,National,0,,,,External Border Restrictions,Total border crossing ban,,"",,,,,,"","","","","","","","","","","",,,,"",No,,All countries,,,,,,All Travelers (Citizen Travelers + Foreign Travelers ),,Inbound,"Seaports,Cruises,Ferries",Mandatory (Unspecified/Implied),National Government,,,,,https://tummgmt.eu.qualtrics.com/Q/File.php?F=F_ub7mfcsOwmIiJ5n,https://www.gov.uk/foreign-travel-advice/antigua-and-barbuda/coronavirus,2020-04-10,2020-04-10T16:22:16Z,7,0,0,,,,,,,,,,,,,,,,,,,,,,,,,
R_32Rw8SYZ0hpRPJoGo,1291080,update,End of Policy,,"","At the 16th of March, Antigua and Barbuda´s Tourism Authority stated: ""If you have travelled from China, Italy, Iran, Japan, Korea, Germany, France and Singapore within the past twenty-eight (28) days you will not be allowed entry. Citizens of Antigua and Barbuda as well as resident diplomats will be allowed entry"" UPDATE: Starting on June 1st, travelers from all countries are allowed to enter the country again. The international airport opens up again. Several hygiene and test protocolls will be implemented.",2020-05-22,2020-06-01,,The policy’s end date is unknown or unreported,Antigua and Barbuda,ATG,AG,National,0,,,,External Border Restrictions,Travel History Form (e.g. documents where traveler has recently been),,"",,,,,,"","","","","","","","","","","",,,,"",No,"China,France,Germany,Iran,Italy,Japan,Singapore,South Korea","One or more countries, but not all countries","Europe,North America",,,,,Foreign Travelers,,Inbound,All kinds of transport,"Mandatory (Unspecified/Implied),Mandatory with Exceptions (Please list exceptions in the text entry)","National Government,Other (Please specify in the text box)",,,,,https://tummgmt.eu.qualtrics.com/Q/File.php?F=F_29idrSwVm0DmP1i ; https://tummgmt.eu.qualtrics.com/Q/File.php?F=F_1QmEg9WpvQRhHhr,https://visitantiguabarbuda.com/response-to-novel-coronavirus-covid-19/,2022-01-21,2022-01-21T15:55:58Z,26,3,19,,,,,,,,,,,,,,,,,,,,,,,,,
R_3CBK4hJ59gXoJd4By,5329205,new_entry,,,"","The Ministry of Foreign Affairs, Immigration and Trade of Antigua and Barbuda released a new travel advisory on October 14th, which announces the establishment of a so-called ""travel bubble."" The travel bubble enables people to travel among Caribbean Community countries without quarantining. People arriving from outside the bubble with be monitored for COVID-19 for up to 14 days. Other travel rules apply.",2020-10-14,2020-10-14,,The policy’s end date is unknown or unreported,Antigua and Barbuda,ATG,AG,National,0,,,,External Border Restrictions,Health Certificates,,"",,,,,,"","","","","","","","","","","",,,,"",No,All countries,All countries,,,,,,All Travelers (Citizen Travelers + Foreign Travelers ),No special population targeted,Inbound,"Flights,Seaports,Cruises,Ferries",Mandatory (Unspecified/Implied),Ministry/Department of Foreign Affairs,,,,,https://tummgmt.eu.qualtrics.com/Q/File.php?F=F_T6sQt0jt961e07v,https://ab.gov.ag/pdf/Antigua%20&%20Barbuda_Travel_Advisory_14.10.20.pdf,2022-01-21,2022-01-21T15:23:32Z,112,3,100,,,,,,,,,,,,,,,,,,,,,,,,,
R_3CBK4hJ59gXoJd4Go,5329205,new_entry,,,"","The Ministry of Foreign Affairs, Immigration and Trade of Antigua and Barbuda released a new travel advisory on October 14th, which announces the establishment of a so-called ""travel bubble."" The travel bubble enables people to travel among Caribbean Community countries without quarantining. People arriving from outside the bubble with be monitored for COVID-19 for up to 14 days. Other travel rules apply.",2020-10-14,2020-10-14,,The policy’s end date is unknown or unreported,Antigua and Barbuda,ATG,AG,National,0,,,,External Border Restrictions,Travel History Form (e.g. documents where traveler has recently been),,"",,,,,,"","","","","","","","","","","",,,,"",No,All countries,All countries,,,,,,All Travelers (Citizen Travelers + Foreign Travelers ),No special population targeted,Inbound,"Flights,Seaports,Cruises,Ferries",Mandatory (Unspecified/Implied),Ministry/Department of Foreign Affairs,,,,,https://tummgmt.eu.qualtrics.com/Q/File.php?F=F_T6sQt0jt961e07v,https://ab.gov.ag/pdf/Antigua%20&%20Barbuda_Travel_Advisory_14.10.20.pdf,2022-01-21,2022-01-21T15:23:32Z,112,3,100,,,,,,,,,,,,,,,,,,,,,,,,,
R_3h442qyLFWLzJEoCq,5611204,new_entry,,,"","""All people out on essential business must wear a masks that covers the nose and mouth, including when in motor vehicles."" This measure applies to all visitors and residents in Antigua and Barbuda during the lockdown.",2020-04-02,2020-04-02,2020-04-16,The policy has a clear end date,Antigua and Barbuda,ATG,AG,National,0,,,,Health Resources,Masks,,"",,,,,,"","","","","","","","","","","",,,,"",No,Antigua and Barbuda,"One or more countries, but not all countries",,,,,,All (Travelers + Residents),,,Not Applicable,"Mandatory with Legal Penalties (Jail Time),Mandatory with Fines",National Government,,,,,https://tummgmt.eu.qualtrics.com/Q/File.php?F=F_3G3WR1n9KVoJ5Zz,https://www.gov.uk/foreign-travel-advice/antigua-and-barbuda/coronavirus,2020-04-11,2020-04-11T14:28:48Z,9,0,0,,,,,,,,,,,,,,,,,,,,,,,,,
R_Ck93J3kXYyr5Y77Gq,3807845,new_entry,,,"",The UK is providing 3.8m US$ for Covid-19 responses in the Caribbean. Also Antigua and Barbuda will benefit from the money. This was announced on May 22nd. The Pan American Health Organisation (PAHO) will receive the money and help the contributing nations with e.g. health ressources.,2020-05-22,2020-05-22,2020-05-23,The policy is a one-time measure (e.g. publication of guidelines),Antigua and Barbuda,ATG,AG,National,0,,,,Health Resources,Unspecified Health Materials,,"",,,,,,"","","","","","","","","","","",,,,"",No,All countries,All countries,,,,,,All (Travelers + Residents),,,Not Applicable,Mandatory (Unspecified/Implied),National Government,,,,,https://tummgmt.eu.qualtrics.com/Q/File.php?F=F_UFUiEhPjuCUc0Br,https://ab.gov.ag/pdf/UK%20contributes%20to%20the%20Caribbean.pdf,2022-01-21,2022-01-21T15:24:22Z,25,3,19,,,,,,,,,,,,,,,,,,,,,,,,,
R_Ck93J3kXYyr5Y77Gp,3807845,new_entry,,,"",The UK is providing 3.8m US$ for Covid-19 responses in the Caribbean. Also Antigua and Barbuda will benefit from the money. This was announced on May 22nd. The Pan American Health Organisation (PAHO) will receive the money and help the contributing nations with e.g. health ressources.,2020-05-22,2020-05-22,2020-05-23,The policy is a one-time measure (e.g. publication of guidelines),Antigua and Barbuda,ATG,AG,National,0,,,,Health Resources,Unspecified Health Infrastructure,,"",,,,,,"","","","","","","","","","","",,,,"",No,All countries,All countries,,,,,,All (Travelers + Residents),,,Not Applicable,Mandatory (Unspecified/Implied),National Government,,,,,https://tummgmt.eu.qualtrics.com/Q/File.php?F=F_UFUiEhPjuCUc0Br,https://ab.gov.ag/pdf/UK%20contributes%20to%20the%20Caribbean.pdf,2022-01-21,2022-01-21T15:24:22Z,25,3,19,,,,,,,,,,,,,,,,,,,,,,,,,
R_1hX1Q3TfQd5azbtDg,4735334,new_entry,,,"","Press release of the Barbudan Government states ""CARPHA, PAHO and the EU Partner to Guarantee Equitable Access to COVID-19 Vaccine"" on October 16th.",2020-10-16,2020-10-16,2022-06-28,The policy has an unlimited time span (e.g. recommendation to wash one's hands; passing of a legal bill),Antigua and Barbuda,ATG,AG,National,0,,,,Health Resources,Non-COVID-19 Vaccines,,"",,,,,,"","","","","","","","","","","",,,,"",No,,One or more regional groupings,Other Regions (please specify below),,,,,All Residents (Citizen Residents +Foreign Residents),No special population targeted,,Not Applicable,Voluntary/Recommended but No Penalties,National Government,,,,,https://tummgmt.eu.qualtrics.com/Q/File.php?F=F_WwXxVkHslRHbehz,https://ab.gov.ag/media_page.php?page=281,2022-01-21,2022-01-21T15:25:25Z,112,3,100,,,,,,,,,,,,,,,,,,,,,,,,,
R_3QUacnJGRfEJRBLNA,8259903,new_entry,,,"","The Ministry of Public Utilities, Civil Aviation, Transportation and Energy of Antigua and Barbuda released a Travel Advisory on May 22nd. There it presented the hygiene protocols for the reopening of the island on June 1st. Measures like a negative Covid-19 test, eventual quarantine and special certifications are published.",2020-05-22,2020-06-01,,The policy’s end date is unknown or unreported,Antigua and Barbuda,ATG,AG,National,0,,,,Health Testing,,,"",,,,,,"","","","","","","","","","","",,,,"",No,All countries,All countries,,,,,,All Travelers (Citizen Travelers + Foreign Travelers ),,Inbound,All kinds of transport,Mandatory (Unspecified/Implied),"National Government,Other (Please specify in the text box)",,,,,https://tummgmt.eu.qualtrics.com/Q/File.php?F=F_1jlkV2xaUmSHoCd,https://ab.gov.ag/pdf/covid_news/Travel_Advisory_Protocols.pdf,2022-01-21,2022-01-21T15:26:14Z,26,3,19,,,,,,,,,,,,,,,,,,,,,,,,,
R_24jvMJLULlOZR5QNA,7886596,new_entry,,,"","The official Barbudan Covid-19 Dashboard indicates 3725 total tested, 4063 total sampels taken and 130 total confirmed cases as of November 3rd 2020.",2020-11-04,2020-11-03,2020-11-04,The policy is a one-time measure (e.g. publication of guidelines),Antigua and Barbuda,ATG,AG,National,0,,,,Health Testing,,,"",,,,,,"","","","","","","","","","","",,,,"",Yes,Antigua and Barbuda,"One or more countries, but not all countries",,,,,,,No special population targeted,,,Voluntary/Recommended but No Penalties,Ministry/Department of Health,,,,,https://tummgmt.eu.qualtrics.com/Q/File.php?F=F_3Uvzi7xUO5a163D,https://ab.gov.ag/media_page.php?page=286,2022-01-21,2022-01-21T15:28:12Z,128,3,117,,,,,,,,,,,,,,,,,,,,,,,,,
R_3EAN1xhzTRZVbAHCg,1982552,new_entry,,,"","In an official statement of the Government of Antigua and Barbuda on April 22 it was stated that: ""In addition to social distancing, owners of businesses permitted operate during the curfew period shall ensure that there is a sanitizing station available at the entry to the business and sanitary procedures are observed by all customers.""",2020-04-22,2020-04-23,,The policy’s end date is unknown or unreported,Antigua and Barbuda,ATG,AG,National,1,,,,Hygiene,Hygiene measures for commercial areas,,"",,,,,,"","","","","","","","","","","",,,,"",,Antigua and Barbuda,,,,,,,All Residents (Citizen Residents + Foreign Residents),,,,Mandatory (Unspecified/Implied),National Government,,,,,https://tummgmt.eu.qualtrics.com/Q/File.php?F=F_1FLmekO8Zmwu8Uw,https://ab.gov.ag/pdf/covid_news/Essential_Services_Statement_April_23_2020_24Hrs_Lockdown_Continues.pdf,2022-01-21,2022-01-21T15:38:35Z,24,3,10,,,,,,,,,,,,,,,,,,,,,,,,,
R_2BhwYSnTbPjbN4KNA,9521409,new_entry,,,"",The government of Antigua and Barbuda is enforcing a nationwide curfew with few exceptions from 28th of March for two weeks. The curfew will be in place from 8PM to 6AM.,2020-03-27,2020-03-28,,The policy has a clear end date,Antigua and Barbuda,ATG,AG,National,1,,,,Lockdown,,,"",,,,,,"","","","","","","","","","","",,,,"",No,Antigua and Barbuda,"One or more countries, but not all countries",,,,,,All Residents (Citizen Residents + Foreign Residents),,,,"Mandatory (Unspecified/Implied),Mandatory with Exceptions (Please list exceptions in the text entry)","National Government,Military,Police",,,,,https://tummgmt.eu.qualtrics.com/Q/File.php?F=F_1pAvVnyUS3c4QRY,https://antigua-barbuda.com/government-institutes-14-day-curfew-in-antigua-and-barbuda,2020-07-21,2020-07-21T11:15:44Z,7,0,0,,,,,,,,,,,,,,,,,,,,,,,,,
R_2c1TkiqVv58EsxYNA,9521409,update,,,"","The government of Antigua and Barbuda imposes a nationwide 24 hour curfew on the 2nd of April until April the 9th. A curfew from 8PM to 6AM had been imposed earlier on the 27th of March and should have lasted until the 11th of April. UPDATE: The original night curfew from the 28th of March has been extended to a 24 hour curfew starting at the 2nd of April. The new curfew is set for one week, while the prior one should be in place for two weeks.",2020-04-01,2020-04-02,2020-04-09,The policy has a clear end date,Antigua and Barbuda,ATG,AG,National,1,,,,Lockdown,,,"",,,,,,"","","","","","","","","","","",,,,"",No,Antigua and Barbuda,"One or more countries, but not all countries",,,,,,All Residents (Citizen Residents + Foreign Residents),,,,"Mandatory with Legal Penalties (Jail Time),Mandatory with Fines,Mandatory with Exceptions (Please list exceptions in the text entry)","National Government,Military,Police",,,,,https://tummgmt.eu.qualtrics.com/Q/File.php?F=F_1GVLIBhdGEAUkWO ; https://tummgmt.eu.qualtrics.com/Q/File.php?F=F_0fd131QRVB33IeB,http://abma.ag/wp-content/uploads/2020/03/stateofemergencyguidelines-apr2020.pdf,2020-04-03,2020-04-03T17:29:22Z,9,0,0,,,,,,,,,,,,,,,,,,,,,,,,,
R_3PiYmciSlFzm9m6NA,9521409,update,,Strengthening,"","Prime Minister Gaston Browne announced that a seven-day lockdown will begin one second after midnight (local time) on Thursday, 3 April, as part of efforts to tackle the spread of coronavirus (COVID-19). An existing curfew from 20:00 to 06:00 will be replaced by a 24-hour curfew, with all but nonessential workers prohibited from leaving their homes. Supermarkets will only be open for limited hours. UPDATE: An existing curfew from 20:00 to 06:00 will be replaced by a 24-hour curfew, with all but nonessential workers prohibited from leaving their homes.",2020-04-01,2020-04-02,2020-04-09,The policy has a clear end date,Antigua and Barbuda,ATG,AG,National,1,,,,Lockdown,,,"",,,,,,"","","","","","","","","","","",,,,"",No,Antigua and Barbuda,"One or more countries, but not all countries",,,,,,All Residents (Citizen Residents + Foreign Residents),,,,"Mandatory with Legal Penalties (Jail Time),Mandatory with Fines,Mandatory with Exceptions (Please list exceptions in the text entry)",National Government,,,,,https://tummgmt.eu.qualtrics.com/Q/File.php?F=F_yBAPGaYIbCPBy7L ; https://tummgmt.eu.qualtrics.com/Q/File.php?F=F_0fd131QRVB33IeB,https://www.garda.com/crisis24/news-alerts/328036/antigua-bermuda-government-announces-seven-day-lockdown-from-april-2-update-1,2020-04-11,2020-04-11T13:33:23Z,9,0,0,,,,,,,,,,,,,,,,,,,,,,,,,
R_3gS0DV8yob3kxvPNA,9521409,update,,Strengthening,"","""On 8 April the government of Antigua and Barbuda announced that the complete lockdown from 2 April is extended until 06:00 on 16 April."" Originally the lockdown should have lasted until the 9th of April. UPDATE: On 8 April the government of Antigua and Barbuda announced that the complete lockdown from 2 April is extended until 06:00 on 16 April.",2020-04-08,2020-04-08,2020-04-16,The policy has a clear end date,Antigua and Barbuda,ATG,AG,National,1,,,,Lockdown,,,"",,,,,,"","","","","","","","","","","",,,,"",No,Antigua and Barbuda,"One or more countries, but not all countries",,,,,,All Residents (Citizen Residents + Foreign Residents),,,,"Mandatory with Legal Penalties (Jail Time),Mandatory with Fines,Mandatory with Exceptions (Please list exceptions in the text entry)",National Government,,,,,https://tummgmt.eu.qualtrics.com/Q/File.php?F=F_1QFMS1EN4clPswK ; https://tummgmt.eu.qualtrics.com/Q/File.php?F=F_0fd131QRVB33IeB,https://www.gov.uk/foreign-travel-advice/antigua-and-barbuda/coronavirus,2020-04-11,2020-04-11T14:11:25Z,19,2,0,,,,,,,,,,,,,,,,,,,,,,,,,
R_2ALvlDEDiNGWLKYNA,9521409,update,Change of Policy,Strengthening,timing of policy strengthening,"""A curfew has been enacted from Thursday 23rd April –12:01a.m. to Thursday May 14, 2020–12 Midnight"" This was announced by the government of Antigua and Barbuda on April 22. The initial 24hour curfew started on April 9. UPDATE: ""A curfew has been enacted from Thursday 23rd April –12:01a.m. to Thursday May 14, 2020–12 Midnight"" This was announced by the government of Antigua and Barbuda on April 22. The initial 24hour curfew started on April 9.",2020-04-22,2020-04-23,2020-05-14,The policy has a clear end date,Antigua and Barbuda,ATG,AG,National,1,,,,Lockdown,,,"",,,,,,"","","","","","","","","","","",,,,"",No,Antigua and Barbuda,"One or more countries, but not all countries",,,,,,All Residents (Citizen Residents + Foreign Residents),,,,"Mandatory (Unspecified/Implied),Mandatory with Exceptions (Please list exceptions in the text entry)","National Government,Military,Police",,,,,https://tummgmt.eu.qualtrics.com/Q/File.php?F=F_2X6b640e5ybUkEK,https://ab.gov.ag/pdf/covid_news/Essential_Services_Statement_April_23_2020_24Hrs_Lockdown_Continues.pdf,2020-04-27,2020-04-27T15:14:24Z,24,3,10,,,,,,,,,,,,,,,,,,,,,,,,,
R_1d6WDBi9RV0UjoCNA,9521409,update,Change of Policy,Both Strengthening and Relaxing,timing of policy strengthening,"The government of Antigua and Barbuda is enforcing a nationwide curfew with few exceptions from 28th of March for two weeks. The curfew will be in place from 8PM to 6AM. UPDATE: The curfew has been extended until June 12. It lasts from 9pm until 5am. Beaches, religious activities and some sport activities are open and allowed again.",2020-05-14,2020-05-14,2020-06-12,The policy has a clear end date,Antigua and Barbuda,ATG,AG,National,1,,,,Lockdown,,,"",,,,,,"","","","","","","","","","","",,,,"",No,Antigua and Barbuda,"One or more countries, but not all countries",,,,,,All Residents (Citizen Residents + Foreign Residents),,,,"Mandatory (Unspecified/Implied),Mandatory with Exceptions (Please list exceptions in the text entry)","National Government,Military,Police",,,,,https://tummgmt.eu.qualtrics.com/Q/File.php?F=F_2X6b640e5ybUkEK ; https://tummgmt.eu.qualtrics.com/Q/File.php?F=F_0fd131QRVB33IeB,NA ; https://antigua-barbuda.com/antigua-and-barbuda-covid-19-state-of-emergency-extended-to-june-12-with-amended-regulations,2020-06-12,2020-06-12T21:01:06Z,25,3,19,,,,,,,,,,,,,,,,,,,,,,,,,
R_qy0F0LiH2tBQLnjNA,9521409,update,Change of Policy,Both Strengthening and Relaxing,timing of policy strengthening,"""On 8 April the government of Antigua and Barbuda announced that the complete lockdown from 2 April is extended until 06:00 on 16 April."" Originally the lockdown should have lasted until the 9th of April.",2020-05-14,2020-05-14,,The policy has a clear end date,Antigua and Barbuda,ATG,AG,National,1,,,,Lockdown,,,"",,,,,,"","","","","","","","","","","",,,,"",No,Antigua and Barbuda,"One or more countries, but not all countries",,,,,,All Residents (Citizen Residents + Foreign Residents),,,,"Mandatory (Unspecified/Implied),Mandatory with Exceptions (Please list exceptions in the text entry)","National Government,Military,Police",,,,,https://tummgmt.eu.qualtrics.com/Q/File.php?F=F_1QFMS1EN4clPswK ; https://tummgmt.eu.qualtrics.com/Q/File.php?F=F_0fd131QRVB33IeB,https://www.gov.uk/foreign-travel-advice/antigua-and-barbuda/coronavirus,2020-07-14,2020-07-14T11:21:40Z,25,3,19,,,,,,,,,,,,,,,,,,,,,,,,,
R_3oWRyeL3EUR2fYTNA,9521409,update,Change of Policy,Both Strengthening and Relaxing,timing of policy strengthening,"""A curfew has been enacted from Thursday 23rd April –12:01a.m. to Thursday May 14, 2020–12 Midnight"" This was announced by the government of Antigua and Barbuda on April 22. The initial 24hour curfew started on April 9.",2020-05-14,2020-05-14,,The policy has a clear end date,Antigua and Barbuda,ATG,AG,National,1,,,,Lockdown,,,"",,,,,,"","","","","","","","","","","",,,,"",No,Antigua and Barbuda,"One or more countries, but not all countries",,,,,,All Residents (Citizen Residents + Foreign Residents),,,,"Mandatory (Unspecified/Implied),Mandatory with Exceptions (Please list exceptions in the text entry)","National Government,Military,Police",,,,,https://tummgmt.eu.qualtrics.com/Q/File.php?F=F_2X6b640e5ybUkEK ; https://tummgmt.eu.qualtrics.com/Q/File.php?F=F_0fd131QRVB33IeB,https://ab.gov.ag/pdf/covid_news/Essential_Services_Statement_April_23_2020_24Hrs_Lockdown_Continues.pdf,2020-07-14,2020-07-14T11:35:59Z,25,3,19,,,,,,,,,,,,,,,,,,,,,,,,,
R_b438XBlb3tbDaWBNA,9521409,update,Change of Policy,Both Strengthening and Relaxing,timing of policy strengthening,"Prime Minister Gaston Browne announced that a seven-day lockdown will begin one second after midnight (local time) on Thursday, 3 April, as part of efforts to tackle the spread of coronavirus (COVID-19). An existing curfew from 20:00 to 06:00 will be replaced by a 24-hour curfew, with all but nonessential workers prohibited from leaving their homes. Supermarkets will only be open for limited hours.",2020-05-14,2020-05-14,,The policy has a clear end date,Antigua and Barbuda,ATG,AG,National,1,,,,Lockdown,,,"",,,,,,"","","","","","","","","","","",,,,"",No,Antigua and Barbuda,"One or more countries, but not all countries",,,,,,All Residents (Citizen Residents + Foreign Residents),,,,"Mandatory (Unspecified/Implied),Mandatory with Exceptions (Please list exceptions in the text entry)","National Government,Military,Police",,,,,https://tummgmt.eu.qualtrics.com/Q/File.php?F=F_yBAPGaYIbCPBy7L ; https://tummgmt.eu.qualtrics.com/Q/File.php?F=F_0fd131QRVB33IeB,https://www.garda.com/crisis24/news-alerts/328036/antigua-bermuda-government-announces-seven-day-lockdown-from-april-2-update-1,2020-07-14,2020-07-14T11:39:21Z,25,3,19,,,,,,,,,,,,,,,,,,,,,,,,,
R_TnKiwLg0WaRZZolNA,5037149,new_entry,,,"",ewrtwev,2022-06-09,2022-06-09,,The policy’s end date is unknown or unreported,Antigua and Barbuda,ATG,AG,National,1,,,,Lockdown,,,"",,,,,,"","","","","","","","","","","",,,,"",Yes,Antigua and Barbuda,"One or more countries, but not all countries",,,,,,All Residents (Citizen Residents + Foreign Residents),Domestically abused people,,,Mandatory with Legal Penalties (Jail Time),National Government,,,,,https://tummgmt.eu.qualtrics.com/Q/File.php?F=F_XBpoOtuF6jmO2Jz,https://www.sozialministerium.at/Informationen-zum-Coronavirus/Coronavirus---Aktuelle-Ma%C3%9Fnahmen.html,2022-06-15,2022-06-15T12:48:37Z,8406,139,0,,,,,,14,,142,,,,,,,,,,,,,,,,,
R_29v2vZnuEQcT92rNA,436354,new_entry,,,"","""The Caribbean Development Bank (CDB) is making available emergency loans to seven Caribbean countries, in the first instance, to finance the response to the COVID-19 pandemic."" On May 18th, the Bank’s Board of Directors has approved US$13 million for Antigua and Barbuda.",2020-05-18,2020-05-18,2020-06-01,The policy has an imprecise natural end date (e.g. masks will be distributed until they run out),Antigua and Barbuda,ATG,AG,National,0,,,,Other Policy Not Listed Above,,,"",,,,,,"","","","","","","","","","","",The Caribbean Developement Bank granted a emergency loan over US$ 13 million to Antigua and Barbuda on May the 18th.,,,"",No,,One or more regional groupings,Other Regions (please specify below),,,,,Other,,,Not Applicable,Voluntary/Recommended but No Penalties,National Government,,,,,https://tummgmt.eu.qualtrics.com/Q/File.php?F=F_2TMK0hPDQEUOjer,https://ab.gov.ag/media_page.php?page=243,2022-01-21,2022-01-21T15:43:40Z,25,3,19,,,,,,,,,,,,,,,,,,,,,,,,,
R_3NKwqhRJyGVYIXjNA,3597616,new_entry,,,"",The Prime minister of Antigua and Barbuda is giving official sanitation and hygiene recommendations on the 13th of March.,2020-03-13,2020-03-13,2022-06-28,The policy has an unlimited time span (e.g. recommendation to wash one's hands; passing of a legal bill),Antigua and Barbuda,ATG,AG,National,1,,,,Public Awareness Measures,,,"",,,,,,"","","","","","","","","","","",,,,"",,Antigua and Barbuda,,,,,,,All Residents (Citizen Residents + Foreign Residents),,,,Voluntary/Recommended but No Penalties,Other (Please specify in the text box),,,,,https://tummgmt.eu.qualtrics.com/Q/File.php?F=F_3GeT97IOGIzps98,https://ab.gov.ag/media_page.php?page=227,2022-01-21,2022-01-21T15:46:08Z,1,0,0,,,,,,,,,,,,,,,,,,,,,,,,,
R_28AJ41B4sKLgVTANA,9223795,new_entry,,,"","On the 17th of April, the Government of Antigua and Barbuda released new information about Corona symptoms and good hygiene.",2020-04-17,2020-04-17,2022-06-28,The policy has an unlimited time span (e.g. recommendation to wash one's hands; passing of a legal bill),Antigua and Barbuda,ATG,AG,National,1,,,,Public Awareness Measures,,,"",,,,,,"","","","","","","","","","","",,,,"",,Antigua and Barbuda,,,,,,,All Residents (Citizen Residents + Foreign Residents),,,,Voluntary/Recommended but No Penalties,"National Government,Ministry/Department of Health",,,,,https://tummgmt.eu.qualtrics.com/Q/File.php?F=F_WcHKUJ5pHltIqgp,https://ab.gov.ag/pdf/COVID19-symptoms.pdf ; https://ab.gov.ag/pdf/Coronavirus%20What%20You%20Need%20to%20Know.pdf,2022-01-21,2022-01-21T15:47:38Z,23,3,3,,,,,,,,,,,,,,,,,,,,,,,,,
R_4UVtrCoQhH5NL8tBg,7491227,new_entry,,,"","""Barbuda gets Training in Protocols Against the COVID‐19
Pandemic"" On the 17th June, the small sister isle of Antigua got official hygiene training mainly for taxi drivers and hotel employees.",2020-06-17,2020-06-17,2020-06-18,The policy is a one-time measure (e.g. publication of guidelines),Antigua and Barbuda,ATG,AG,Provincial,1,Barbuda,ME-02,,Public Awareness Measures,Disseminating information related to COVID-19 to the public that is reliable and factually accurate,,"",,,,,,"","","","","","","","","","","",,,,"",Yes,Antigua and Barbuda,One or more provinces within one or more countries,,Barbuda,,,,All Residents (Citizen Residents + Foreign Residents),Non-essential workers (please note their occupation in the text entry where applicable),,,Mandatory (Unspecified/Implied),National Government,,,,,https://tummgmt.eu.qualtrics.com/Q/File.php?F=F_1PYMpTBZViz5D8v,https://ab.gov.ag/detail_page.php?page=2.php,2022-01-21,2022-01-21T15:20:49Z,26,3,22,,,,,,,,,,,,,,,,,,,,,,,,,
R_4ZUIQmbFI5PDPAlBg,1644979,new_entry,,,"",A list of official approved desinfectants was published by the Ministry of health in Antigua and Barbuda.,2020-06-20,2020-06-20,2020-06-21,The policy is a one-time measure (e.g. publication of guidelines),Antigua and Barbuda,ATG,AG,National,1,,,,Public Awareness Measures,Disseminating information related to COVID-19 to the public that is reliable and factually accurate,,"",,,,,,"","","","","","","","","","","",,,,"",Yes,Antigua and Barbuda,"One or more countries, but not all countries",,,,,,All Residents (Citizen Residents + Foreign Residents),No special population targeted,,,Voluntary/Recommended but No Penalties,Ministry/Department of Health,,,,,https://tummgmt.eu.qualtrics.com/Q/File.php?F=F_3oXtBILQbnmW6Zm,https://ab.gov.ag/pdf/covid_news/guidelines/List_of_approved_disinfectants.pdf,2022-01-21,2022-01-21T15:48:32Z,26,3,22,,,,,,,,,,,,,,,,,,,,,,,,,
R_3RfvGUu7dHM641EBg,2661369,new_entry,,,"","The government of Antigua and Barbuda released lot´s of guidelines and guidances for it´s citizens and special places and companies, such as Bars, Fitness centers and Food Service Establishments.",2020-06-20,2020-06-20,2020-06-21,The policy is a one-time measure (e.g. publication of guidelines),Antigua and Barbuda,ATG,AG,National,1,,,,Public Awareness Measures,Disseminating information related to COVID-19 to the public that is reliable and factually accurate,,"",,,,,,"","","","","","","","","","","",,,,"",Yes,Antigua and Barbuda,"One or more countries, but not all countries",,,,,,All Residents (Citizen Residents + Foreign Residents),No special population targeted,,,Voluntary/Recommended but No Penalties,Ministry/Department of Health,,,,,https://tummgmt.eu.qualtrics.com/Q/File.php?F=F_2wubihoiHZ77vWO,https://ab.gov.ag/detail_page.php?page=42,2022-01-21,2022-01-21T15:49:18Z,26,3,22,,,,,,,,,,,,,,,,,,,,,,,,,
R_3wRd4n3iJm8GYwhBg,4072095,new_entry,,,"","On July 1st, the ministry of health of Antigua and Barbuda published a guidance document for daycares and pre-schools.",2020-07-01,2020-07-01,2020-07-02,The policy is a one-time measure (e.g. publication of guidelines),Antigua and Barbuda,ATG,AG,National,1,,,,Public Awareness Measures,Disseminating information related to COVID-19 to the public that is reliable and factually accurate,,"",,,,,,"","","","","","","","","","","",,,,"",Yes,Antigua and Barbuda,"One or more countries, but not all countries",,,,,,All Residents (Citizen Residents + Foreign Residents),Other population not specifed above,,,Voluntary/Recommended but No Penalties,Ministry/Department of Health,,,,,https://tummgmt.eu.qualtrics.com/Q/File.php?F=F_d1rIDVRAJBPqaSR,https://ab.gov.ag/pdf/Guidance_Document_for_Nurseries_Daycares_and_Pre-Schools.pdf,2022-01-21,2022-01-21T15:50:06Z,69,3,22,,,,,,,,,,,,,,,,,,,,,,,,,
R_XjhgnKmgrG63z0tBg,3493954,new_entry,,,"","The Ministry of Information, Broadcasting, Telecommunications
& Information Technology of Antigua and Barbuda launches a new Covid-19 website on October 22nd. It contains regulations and informations. 
",2020-10-22,2020-10-22,,The policy’s end date is unknown or unreported,Antigua and Barbuda,ATG,AG,National,1,,,,Public Awareness Measures,Disseminating information related to COVID-19 to the public that is reliable and factually accurate,,"",,,,,,"","","","","","","","","","","",,,,"",Yes,Antigua and Barbuda,"One or more countries, but not all countries",,,,,,All Residents (Citizen Residents + Foreign Residents),No special population targeted,,,Voluntary/Recommended but No Penalties,Other (Please specify in the text box),,,,,https://tummgmt.eu.qualtrics.com/Q/File.php?F=F_2qE5oJQDA8w4Mvp,https://ab.gov.ag/pdf/MIBTIT_COVID-19_Website.pdf,2022-01-21,2022-01-21T15:50:50Z,122,3,107,,,,,,,,,,,,,,,,,,,,,,,,,
R_2WYiQxsoBd205HTBg,5596145,new_entry,,,"","The government of Antigua and Barbuda shares a document released by the Pan American Health Organisation, which urges to avoid traveling and large gatherings during the holidays.",2020-11-26,2020-11-26,,The policy’s end date is unknown or unreported,Antigua and Barbuda,ATG,AG,National,1,,,,Public Awareness Measures,Disseminating information related to COVID-19 to the public that is reliable and factually accurate,,"",,,,,,"","","","","","","","","","","",,,,"",No,Antigua and Barbuda,An international organization (e.g. World Health Organization),,,,Pan American Health Organisation,,All (Travelers + Residents),No special population targeted,,,Voluntary/Recommended but No Penalties,Other (Please specify in the text box),,,,,https://tummgmt.eu.qualtrics.com/Q/File.php?F=F_1QEHlvlpQvFntJe,https://ab.gov.ag/pdf/PAHO_advice_during_holidays.pdf,2022-01-21,2022-01-21T15:51:32Z,141,4,130,,,,,,,,,,,,,,,,,,,,,,,,,
R_2UWKnlcWCZ7VLY0Fu,4886584Fu,new_entry,,,"","With the curfew imposed in Antigua and Barbuda from the 28th of March, all non-essential services and businesses are to remain closed for two weeks.",2020-03-27,2020-03-28,2020-04-11,The policy has a clear end date,Antigua and Barbuda,ATG,AG,National,1,,,,Restriction and Regulation of Businesses,Retail Businesses,,"",,,,,,"","","","","","","","","","","",,Non-Essential Businesses,"This type of business  (""Retail Businesses"") is closed/locked down","",Yes,Antigua and Barbuda,"One or more countries, but not all countries",,,,,,All Residents (Citizen Residents + Foreign Residents),,,,"Mandatory (Unspecified/Implied),Mandatory with Exceptions (Please list exceptions in the text entry)",National Government,,,,,https://tummgmt.eu.qualtrics.com/Q/File.php?F=F_27PS32MmBrOL3Ob,https://antigua-barbuda.com/government-institutes-14-day-curfew-in-antigua-and-barbuda,2020-04-03,2020-04-03T20:25:08Z,7,0,0,,,,,,,,,,,,,,,,,,,,,,,,,
R_2UWKnlcWCZ7VLY0Fh,4886584Fh,new_entry,,,"","With the curfew imposed in Antigua and Barbuda from the 28th of March, all non-essential services and businesses are to remain closed for two weeks.",2020-03-27,2020-03-28,2020-04-11,The policy has a clear end date,Antigua and Barbuda,ATG,AG,National,1,,,,Restriction and Regulation of Businesses,Restaurants,,"",,,,,,"","","","","","","","","","","",,Non-Essential Businesses,"This type of business  (""Restaurants"") is closed/locked down","",Yes,Antigua and Barbuda,"One or more countries, but not all countries",,,,,,All Residents (Citizen Residents + Foreign Residents),,,,"Mandatory (Unspecified/Implied),Mandatory with Exceptions (Please list exceptions in the text entry)",National Government,,,,,https://tummgmt.eu.qualtrics.com/Q/File.php?F=F_27PS32MmBrOL3Ob,https://antigua-barbuda.com/government-institutes-14-day-curfew-in-antigua-and-barbuda,2020-04-03,2020-04-03T20:25:08Z,7,0,0,,,,,,,,,,,,,,,,,,,,,,,,,
R_2UWKnlcWCZ7VLY0Ga,4886584Ga,new_entry,,,"","With the curfew imposed in Antigua and Barbuda from the 28th of March, all non-essential services and businesses are to remain closed for two weeks.",2020-03-27,2020-03-28,2020-04-11,The policy has a clear end date,Antigua and Barbuda,ATG,AG,National,1,,,,Restriction and Regulation of Businesses,Shopping Centers,,"",,,,,,"","","","","","","","","","","",,Non-Essential Businesses,"This type of business  (""Shopping Centers"") is closed/locked down","",Yes,Antigua and Barbuda,"One or more countries, but not all countries",,,,,,All Residents (Citizen Residents + Foreign Residents),,,,"Mandatory (Unspecified/Implied),Mandatory with Exceptions (Please list exceptions in the text entry)",National Government,,,,,https://tummgmt.eu.qualtrics.com/Q/File.php?F=F_27PS32MmBrOL3Ob,https://antigua-barbuda.com/government-institutes-14-day-curfew-in-antigua-and-barbuda,2020-04-03,2020-04-03T20:25:08Z,7,0,0,,,,,,,,,,,,,,,,,,,,,,,,,
R_2UWKnlcWCZ7VLY0Bd,4886584Bd,new_entry,,,"","With the curfew imposed in Antigua and Barbuda from the 28th of March, all non-essential services and businesses are to remain closed for two weeks.",2020-03-27,2020-03-28,2020-04-11,The policy has a clear end date,Antigua and Barbuda,ATG,AG,National,1,,,,Restriction and Regulation of Businesses,Commercial Businesses,,"",,,,,,"","","","","","","","","","","",,Non-Essential Businesses,"This type of business  (""Commercial Businesses"") is closed/locked down","",Yes,Antigua and Barbuda,"One or more countries, but not all countries",,,,,,All Residents (Citizen Residents + Foreign Residents),,,,"Mandatory (Unspecified/Implied),Mandatory with Exceptions (Please list exceptions in the text entry)",National Government,,,,,https://tummgmt.eu.qualtrics.com/Q/File.php?F=F_27PS32MmBrOL3Ob,https://antigua-barbuda.com/government-institutes-14-day-curfew-in-antigua-and-barbuda,2020-04-03,2020-04-03T20:25:08Z,7,0,0,,,,,,,,,,,,,,,,,,,,,,,,,
R_2UWKnlcWCZ7VLY0Eg,4886584Eg,new_entry,,,"","With the curfew imposed in Antigua and Barbuda from the 28th of March, all non-essential services and businesses are to remain closed for two weeks.",2020-03-27,2020-03-28,2020-04-11,The policy has a clear end date,Antigua and Barbuda,ATG,AG,National,1,,,,Restriction and Regulation of Businesses,Personal Grooming Businesses (e.g. hair salons),,"",,,,,,"","","","","","","","","","","",,Non-Essential Businesses,"This type of business  (""Personal Grooming Businesses (e.g. hair salons)"") is closed/locked down","",Yes,Antigua and Barbuda,"One or more countries, but not all countries",,,,,,All Residents (Citizen Residents + Foreign Residents),,,,"Mandatory (Unspecified/Implied),Mandatory with Exceptions (Please list exceptions in the text entry)",National Government,,,,,https://tummgmt.eu.qualtrics.com/Q/File.php?F=F_27PS32MmBrOL3Ob,https://antigua-barbuda.com/government-institutes-14-day-curfew-in-antigua-and-barbuda,2020-04-03,2020-04-03T20:25:08Z,7,0,0,,,,,,,,,,,,,,,,,,,,,,,,,
R_2UWKnlcWCZ7VLY0Dn,4886584Dn,new_entry,,,"","With the curfew imposed in Antigua and Barbuda from the 28th of March, all non-essential services and businesses are to remain closed for two weeks.",2020-03-27,2020-03-28,2020-04-11,The policy has a clear end date,Antigua and Barbuda,ATG,AG,National,1,,,,Restriction and Regulation of Businesses,Other Businesses,,"",,,,,,"","","","","","","","","","","",,Non-Essential Businesses,"This type of business  (""Other Businesses"") is closed/locked down","",Yes,Antigua and Barbuda,"One or more countries, but not all countries",,,,,,All Residents (Citizen Residents + Foreign Residents),,,,"Mandatory (Unspecified/Implied),Mandatory with Exceptions (Please list exceptions in the text entry)",National Government,,,,,https://tummgmt.eu.qualtrics.com/Q/File.php?F=F_27PS32MmBrOL3Ob,https://antigua-barbuda.com/government-institutes-14-day-curfew-in-antigua-and-barbuda,2020-04-03,2020-04-03T20:25:08Z,7,0,0,,,,,,,,,,,,,,,,,,,,,,,,,
R_2WMcS0sEM15dTLwFu,4886584Fu,new_entry,,Relaxing,"","The Government of Antigua and Barbuda allowed a relaxation of the nationwide business restrictions on 16th of April:""Among the essential services added to the list allowed to operate were hardware stores, mechanics, and chandleries to enable yachts to stock up on marine supplies. Dentists may now treat patients but must pay extra special care to decontaminating their instruments, Cabinet warned. Supermarkets are being encouraged to operate online sales and deliveries but will remain open from 7am until 12pm. Banks and other financial institutions may also open daily for the same five-hour period.Mechanics can operate as needed, while automobile spare parts stores may also operate online, telephone and delivery services.""",2020-04-16,2020-04-16,2022-06-28,The policy has an unlimited time span (e.g. recommendation to wash one's hands; passing of a legal bill),Antigua and Barbuda,ATG,AG,National,1,,,,Restriction and Regulation of Businesses,Retail Businesses,,"",,,,,,"","","","","","","","","","","",,Non-Essential Businesses,"This type of business  (""Retail Businesses"") is closed/locked down","",Yes,Antigua and Barbuda,"One or more countries, but not all countries",,,,,,All Residents (Citizen Residents + Foreign Residents),,,,"Mandatory (Unspecified/Implied),Mandatory with Exceptions (Please list exceptions in the text entry)",National Government,,,,,https://tummgmt.eu.qualtrics.com/Q/File.php?F=F_3pcpRZR8EWVknGg,https://antiguaobserver.com/lockdown-continues-but-with-greater-freedoms-on-exercise-banks-and-some-businesses/,2022-06-19,2022-06-19T23:59:59Z,23,3,3,,,,,,,,,,,,,,,,,,,,,,,,,
R_2WMcS0sEM15dTLwFh,4886584Fh,new_entry,,Relaxing,"","The Government of Antigua and Barbuda allowed a relaxation of the nationwide business restrictions on 16th of April:""Among the essential services added to the list allowed to operate were hardware stores, mechanics, and chandleries to enable yachts to stock up on marine supplies. Dentists may now treat patients but must pay extra special care to decontaminating their instruments, Cabinet warned. Supermarkets are being encouraged to operate online sales and deliveries but will remain open from 7am until 12pm. Banks and other financial institutions may also open daily for the same five-hour period.Mechanics can operate as needed, while automobile spare parts stores may also operate online, telephone and delivery services.""",2020-04-16,2020-04-16,2022-06-28,The policy has an unlimited time span (e.g. recommendation to wash one's hands; passing of a legal bill),Antigua and Barbuda,ATG,AG,National,1,,,,Restriction and Regulation of Businesses,Restaurants,,"",,,,,,"","","","","","","","","","","",,Non-Essential Businesses,"This type of business  (""Restaurants"") is closed/locked down","",Yes,Antigua and Barbuda,"One or more countries, but not all countries",,,,,,All Residents (Citizen Residents + Foreign Residents),,,,"Mandatory (Unspecified/Implied),Mandatory with Exceptions (Please list exceptions in the text entry)",National Government,,,,,https://tummgmt.eu.qualtrics.com/Q/File.php?F=F_3pcpRZR8EWVknGg,https://antiguaobserver.com/lockdown-continues-but-with-greater-freedoms-on-exercise-banks-and-some-businesses/,2022-06-19,2022-06-19T23:59:59Z,23,3,3,,,,,,,,,,,,,,,,,,,,,,,,,
R_2WMcS0sEM15dTLwGa,4886584Ga,new_entry,,Relaxing,"","The Government of Antigua and Barbuda allowed a relaxation of the nationwide business restrictions on 16th of April:""Among the essential services added to the list allowed to operate were hardware stores, mechanics, and chandleries to enable yachts to stock up on marine supplies. Dentists may now treat patients but must pay extra special care to decontaminating their instruments, Cabinet warned. Supermarkets are being encouraged to operate online sales and deliveries but will remain open from 7am until 12pm. Banks and other financial institutions may also open daily for the same five-hour period.Mechanics can operate as needed, while automobile spare parts stores may also operate online, telephone and delivery services.""",2020-04-16,2020-04-16,2022-06-28,The policy has an unlimited time span (e.g. recommendation to wash one's hands; passing of a legal bill),Antigua and Barbuda,ATG,AG,National,1,,,,Restriction and Regulation of Businesses,Shopping Centers,,"",,,,,,"","","","","","","","","","","",,Non-Essential Businesses,"This type of business  (""Shopping Centers"") is closed/locked down","",Yes,Antigua and Barbuda,"One or more countries, but not all countries",,,,,,All Residents (Citizen Residents + Foreign Residents),,,,"Mandatory (Unspecified/Implied),Mandatory with Exceptions (Please list exceptions in the text entry)",National Government,,,,,https://tummgmt.eu.qualtrics.com/Q/File.php?F=F_3pcpRZR8EWVknGg,https://antiguaobserver.com/lockdown-continues-but-with-greater-freedoms-on-exercise-banks-and-some-businesses/,2022-06-19,2022-06-19T23:59:59Z,23,3,3,,,,,,,,,,,,,,,,,,,,,,,,,
R_2WMcS0sEM15dTLwBd,4886584Bd,new_entry,,Relaxing,"","The Government of Antigua and Barbuda allowed a relaxation of the nationwide business restrictions on 16th of April:""Among the essential services added to the list allowed to operate were hardware stores, mechanics, and chandleries to enable yachts to stock up on marine supplies. Dentists may now treat patients but must pay extra special care to decontaminating their instruments, Cabinet warned. Supermarkets are being encouraged to operate online sales and deliveries but will remain open from 7am until 12pm. Banks and other financial institutions may also open daily for the same five-hour period.Mechanics can operate as needed, while automobile spare parts stores may also operate online, telephone and delivery services.""",2020-04-16,2020-04-16,2022-06-28,The policy has an unlimited time span (e.g. recommendation to wash one's hands; passing of a legal bill),Antigua and Barbuda,ATG,AG,National,1,,,,Restriction and Regulation of Businesses,Commercial Businesses,,"",,,,,,"","","","","","","","","","","",,Non-Essential Businesses,"This type of business  (""Commercial Businesses"") is closed/locked down","",Yes,Antigua and Barbuda,"One or more countries, but not all countries",,,,,,All Residents (Citizen Residents + Foreign Residents),,,,"Mandatory (Unspecified/Implied),Mandatory with Exceptions (Please list exceptions in the text entry)",National Government,,,,,https://tummgmt.eu.qualtrics.com/Q/File.php?F=F_3pcpRZR8EWVknGg,https://antiguaobserver.com/lockdown-continues-but-with-greater-freedoms-on-exercise-banks-and-some-businesses/,2022-06-19,2022-06-19T23:59:59Z,23,3,3,,,,,,,,,,,,,,,,,,,,,,,,,
R_2WMcS0sEM15dTLwEg,4886584Eg,new_entry,,Relaxing,"","The Government of Antigua and Barbuda allowed a relaxation of the nationwide business restrictions on 16th of April:""Among the essential services added to the list allowed to operate were hardware stores, mechanics, and chandleries to enable yachts to stock up on marine supplies. Dentists may now treat patients but must pay extra special care to decontaminating their instruments, Cabinet warned. Supermarkets are being encouraged to operate online sales and deliveries but will remain open from 7am until 12pm. Banks and other financial institutions may also open daily for the same five-hour period.Mechanics can operate as needed, while automobile spare parts stores may also operate online, telephone and delivery services.""",2020-04-16,2020-04-16,2022-06-28,The policy has an unlimited time span (e.g. recommendation to wash one's hands; passing of a legal bill),Antigua and Barbuda,ATG,AG,National,1,,,,Restriction and Regulation of Businesses,Personal Grooming Businesses (e.g. hair salons),,"",,,,,,"","","","","","","","","","","",,Non-Essential Businesses,"This type of business  (""Personal Grooming Businesses (e.g. hair salons)"") is closed/locked down","",Yes,Antigua and Barbuda,"One or more countries, but not all countries",,,,,,All Residents (Citizen Residents + Foreign Residents),,,,"Mandatory (Unspecified/Implied),Mandatory with Exceptions (Please list exceptions in the text entry)",National Government,,,,,https://tummgmt.eu.qualtrics.com/Q/File.php?F=F_3pcpRZR8EWVknGg,https://antiguaobserver.com/lockdown-continues-but-with-greater-freedoms-on-exercise-banks-and-some-businesses/,2022-06-19,2022-06-19T23:59:59Z,23,3,3,,,,,,,,,,,,,,,,,,,,,,,,,
R_2WMcS0sEM15dTLwDn,4886584Dn,new_entry,,Relaxing,"","The Government of Antigua and Barbuda allowed a relaxation of the nationwide business restrictions on 16th of April:""Among the essential services added to the list allowed to operate were hardware stores, mechanics, and chandleries to enable yachts to stock up on marine supplies. Dentists may now treat patients but must pay extra special care to decontaminating their instruments, Cabinet warned. Supermarkets are being encouraged to operate online sales and deliveries but will remain open from 7am until 12pm. Banks and other financial institutions may also open daily for the same five-hour period.Mechanics can operate as needed, while automobile spare parts stores may also operate online, telephone and delivery services.""",2020-04-16,2020-04-16,2022-06-28,The policy has an unlimited time span (e.g. recommendation to wash one's hands; passing of a legal bill),Antigua and Barbuda,ATG,AG,National,1,,,,Restriction and Regulation of Businesses,Other Businesses,,"",,,,,,"","","","","","","","","","","",,Non-Essential Businesses,"This type of business  (""Other Businesses"") is closed/locked down","",Yes,Antigua and Barbuda,"One or more countries, but not all countries",,,,,,All Residents (Citizen Residents + Foreign Residents),,,,"Mandatory (Unspecified/Implied),Mandatory with Exceptions (Please list exceptions in the text entry)",National Government,,,,,https://tummgmt.eu.qualtrics.com/Q/File.php?F=F_3pcpRZR8EWVknGg,https://antiguaobserver.com/lockdown-continues-but-with-greater-freedoms-on-exercise-banks-and-some-businesses/,2022-06-19,2022-06-19T23:59:59Z,23,3,3,,,,,,,,,,,,,,,,,,,,,,,,,
R_3p9DvJ4PcQ4IbYIFu,4886584Fu,update,,,"","The Government of Antigua and Barbuda allowed a relaxation of the nationwide business restrictions on 16th of April:
""Among the essential services added to the list allowed to operate were hardware stores, mechanics, and chandleries to enable yachts to stock up on marine supplies. Dentists may now treat patients but must pay extra special care to decontaminating their instruments, Cabinet warned. Supermarkets are being encouraged to operate online sales and deliveries but will remain open from 7am until 12pm. Banks and other financial institutions may also open daily for the same five-hour period.
Mechanics can operate as needed, while automobile spare parts stores may also operate online, telephone and delivery services."" UPDATE: From April the 16th on, some more businesses are allowed to open. Those include hardware stores, mechanics, and chandleries to enable yachts to stock up on marine supplies. Previously, only the most relevant businesses were allowed to remain open.",2020-04-16,2020-04-16,,The policy’s end date is unknown or unreported,Antigua and Barbuda,ATG,AG,National,1,,,,Restriction and Regulation of Businesses,Retail Businesses,,"",,,,,,"","","","","","","","","","","",,,,"",Yes,Antigua and Barbuda,"One or more countries, but not all countries",,,,,,All Residents (Citizen Residents + Foreign Residents),,,,"Mandatory (Unspecified/Implied),Mandatory with Exceptions (Please list exceptions in the text entry)",National Government,,,,,https://tummgmt.eu.qualtrics.com/Q/File.php?F=F_3pcpRZR8EWVknGg,https://antiguaobserver.com/lockdown-continues-but-with-greater-freedoms-on-exercise-banks-and-some-businesses/,2022-04-07,2022-04-07T14:55:43Z,23,3,3,,,,,,,,,,,,,,,,,,,,,,,,,
R_3p9DvJ4PcQ4IbYIFh,4886584Fh,update,,,"","The Government of Antigua and Barbuda allowed a relaxation of the nationwide business restrictions on 16th of April:
""Among the essential services added to the list allowed to operate were hardware stores, mechanics, and chandleries to enable yachts to stock up on marine supplies. Dentists may now treat patients but must pay extra special care to decontaminating their instruments, Cabinet warned. Supermarkets are being encouraged to operate online sales and deliveries but will remain open from 7am until 12pm. Banks and other financial institutions may also open daily for the same five-hour period.
Mechanics can operate as needed, while automobile spare parts stores may also operate online, telephone and delivery services."" UPDATE: From April the 16th on, some more businesses are allowed to open. Those include hardware stores, mechanics, and chandleries to enable yachts to stock up on marine supplies. Previously, only the most relevant businesses were allowed to remain open.",2020-04-16,2020-04-16,,The policy’s end date is unknown or unreported,Antigua and Barbuda,ATG,AG,National,1,,,,Restriction and Regulation of Businesses,Restaurants,,"",,,,,,"","","","","","","","","","","",,,,"",Yes,Antigua and Barbuda,"One or more countries, but not all countries",,,,,,All Residents (Citizen Residents + Foreign Residents),,,,"Mandatory (Unspecified/Implied),Mandatory with Exceptions (Please list exceptions in the text entry)",National Government,,,,,https://tummgmt.eu.qualtrics.com/Q/File.php?F=F_3pcpRZR8EWVknGg,https://antiguaobserver.com/lockdown-continues-but-with-greater-freedoms-on-exercise-banks-and-some-businesses/,2022-04-07,2022-04-07T14:55:43Z,23,3,3,,,,,,,,,,,,,,,,,,,,,,,,,
R_3p9DvJ4PcQ4IbYIGa,4886584Ga,update,,,"","The Government of Antigua and Barbuda allowed a relaxation of the nationwide business restrictions on 16th of April:
""Among the essential services added to the list allowed to operate were hardware stores, mechanics, and chandleries to enable yachts to stock up on marine supplies. Dentists may now treat patients but must pay extra special care to decontaminating their instruments, Cabinet warned. Supermarkets are being encouraged to operate online sales and deliveries but will remain open from 7am until 12pm. Banks and other financial institutions may also open daily for the same five-hour period.
Mechanics can operate as needed, while automobile spare parts stores may also operate online, telephone and delivery services."" UPDATE: From April the 16th on, some more businesses are allowed to open. Those include hardware stores, mechanics, and chandleries to enable yachts to stock up on marine supplies. Previously, only the most relevant businesses were allowed to remain open.",2020-04-16,2020-04-16,,The policy’s end date is unknown or unreported,Antigua and Barbuda,ATG,AG,National,1,,,,Restriction and Regulation of Businesses,Shopping Centers,,"",,,,,,"","","","","","","","","","","",,,,"",Yes,Antigua and Barbuda,"One or more countries, but not all countries",,,,,,All Residents (Citizen Residents + Foreign Residents),,,,"Mandatory (Unspecified/Implied),Mandatory with Exceptions (Please list exceptions in the text entry)",National Government,,,,,https://tummgmt.eu.qualtrics.com/Q/File.php?F=F_3pcpRZR8EWVknGg,https://antiguaobserver.com/lockdown-continues-but-with-greater-freedoms-on-exercise-banks-and-some-businesses/,2022-04-07,2022-04-07T14:55:43Z,23,3,3,,,,,,,,,,,,,,,,,,,,,,,,,
R_3p9DvJ4PcQ4IbYIBd,4886584Bd,update,,,"","The Government of Antigua and Barbuda allowed a relaxation of the nationwide business restrictions on 16th of April:
""Among the essential services added to the list allowed to operate were hardware stores, mechanics, and chandleries to enable yachts to stock up on marine supplies. Dentists may now treat patients but must pay extra special care to decontaminating their instruments, Cabinet warned. Supermarkets are being encouraged to operate online sales and deliveries but will remain open from 7am until 12pm. Banks and other financial institutions may also open daily for the same five-hour period.
Mechanics can operate as needed, while automobile spare parts stores may also operate online, telephone and delivery services."" UPDATE: From April the 16th on, some more businesses are allowed to open. Those include hardware stores, mechanics, and chandleries to enable yachts to stock up on marine supplies. Previously, only the most relevant businesses were allowed to remain open.",2020-04-16,2020-04-16,,The policy’s end date is unknown or unreported,Antigua and Barbuda,ATG,AG,National,1,,,,Restriction and Regulation of Businesses,Commercial Businesses,,"",,,,,,"","","","","","","","","","","",,,,"",Yes,Antigua and Barbuda,"One or more countries, but not all countries",,,,,,All Residents (Citizen Residents + Foreign Residents),,,,"Mandatory (Unspecified/Implied),Mandatory with Exceptions (Please list exceptions in the text entry)",National Government,,,,,https://tummgmt.eu.qualtrics.com/Q/File.php?F=F_3pcpRZR8EWVknGg,https://antiguaobserver.com/lockdown-continues-but-with-greater-freedoms-on-exercise-banks-and-some-businesses/,2022-04-07,2022-04-07T14:55:43Z,23,3,3,,,,,,,,,,,,,,,,,,,,,,,,,
R_3p9DvJ4PcQ4IbYIEg,4886584Eg,update,,,"","The Government of Antigua and Barbuda allowed a relaxation of the nationwide business restrictions on 16th of April:
""Among the essential services added to the list allowed to operate were hardware stores, mechanics, and chandleries to enable yachts to stock up on marine supplies. Dentists may now treat patients but must pay extra special care to decontaminating their instruments, Cabinet warned. Supermarkets are being encouraged to operate online sales and deliveries but will remain open from 7am until 12pm. Banks and other financial institutions may also open daily for the same five-hour period.
Mechanics can operate as needed, while automobile spare parts stores may also operate online, telephone and delivery services."" UPDATE: From April the 16th on, some more businesses are allowed to open. Those include hardware stores, mechanics, and chandleries to enable yachts to stock up on marine supplies. Previously, only the most relevant businesses were allowed to remain open.",2020-04-16,2020-04-16,,The policy’s end date is unknown or unreported,Antigua and Barbuda,ATG,AG,National,1,,,,Restriction and Regulation of Businesses,Personal Grooming Businesses (e.g. hair salons),,"",,,,,,"","","","","","","","","","","",,,,"",Yes,Antigua and Barbuda,"One or more countries, but not all countries",,,,,,All Residents (Citizen Residents + Foreign Residents),,,,"Mandatory (Unspecified/Implied),Mandatory with Exceptions (Please list exceptions in the text entry)",National Government,,,,,https://tummgmt.eu.qualtrics.com/Q/File.php?F=F_3pcpRZR8EWVknGg,https://antiguaobserver.com/lockdown-continues-but-with-greater-freedoms-on-exercise-banks-and-some-businesses/,2022-04-07,2022-04-07T14:55:43Z,23,3,3,,,,,,,,,,,,,,,,,,,,,,,,,
R_3p9DvJ4PcQ4IbYIDn,4886584Dn,update,,,"","The Government of Antigua and Barbuda allowed a relaxation of the nationwide business restrictions on 16th of April:
""Among the essential services added to the list allowed to operate were hardware stores, mechanics, and chandleries to enable yachts to stock up on marine supplies. Dentists may now treat patients but must pay extra special care to decontaminating their instruments, Cabinet warned. Supermarkets are being encouraged to operate online sales and deliveries but will remain open from 7am until 12pm. Banks and other financial institutions may also open daily for the same five-hour period.
Mechanics can operate as needed, while automobile spare parts stores may also operate online, telephone and delivery services."" UPDATE: From April the 16th on, some more businesses are allowed to open. Those include hardware stores, mechanics, and chandleries to enable yachts to stock up on marine supplies. Previously, only the most relevant businesses were allowed to remain open.",2020-04-16,2020-04-16,,The policy’s end date is unknown or unreported,Antigua and Barbuda,ATG,AG,National,1,,,,Restriction and Regulation of Businesses,Other Businesses,,"",,,,,,"","","","","","","","","","","",,,,"",Yes,Antigua and Barbuda,"One or more countries, but not all countries",,,,,,All Residents (Citizen Residents + Foreign Residents),,,,"Mandatory (Unspecified/Implied),Mandatory with Exceptions (Please list exceptions in the text entry)",National Government,,,,,https://tummgmt.eu.qualtrics.com/Q/File.php?F=F_3pcpRZR8EWVknGg,https://antiguaobserver.com/lockdown-continues-but-with-greater-freedoms-on-exercise-banks-and-some-businesses/,2022-04-07,2022-04-07T14:55:43Z,23,3,3,,,,,,,,,,,,,,,,,,,,,,,,,
R_28NIhPXtQLYtyFbDn,240466Dn,new_entry,,,"",The Antigua and Barbuda tourism companies want to increase their activities again. There was a webinar concerning the plans on November 3rd.,2020-11-03,2020-11-03,2020-11-04,The policy is a one-time measure (e.g. publication of guidelines),Antigua and Barbuda,ATG,AG,National,1,,,,Restriction and Regulation of Businesses,Other Businesses,,"",,,,,,"","","","","","","","","","","",,Non-Essential Businesses,"This type of business  (""Other Businesses"") is allowed to open with conditions",Other condition not specified above (please provide detail in the text entry),Yes,Antigua and Barbuda,"One or more countries, but not all countries",,,,,,All Residents (Citizen Residents + Foreign Residents),No special population targeted,,,Voluntary/Recommended but No Penalties,Other (Please specify in the text box),,,,,https://tummgmt.eu.qualtrics.com/Q/File.php?F=F_3248511I9cz4NiC,https://ab.gov.ag/pdf/ACP_plans_more_Webinars.pdf,2022-01-21,2022-01-21T15:52:27Z,128,3,117,,,,,,,,,,,,,,,,,,,,,,,,,
R_339Zn4Cu0iALNOONA,8834849NA,new_entry,,,"",Government employees in Antigua and Barbuda are recommended to take vacation leave where possible. This request was published with the 24 hour curfew beginning at the 2nd of April.,2020-04-01,2020-04-02,2020-04-09,The policy has a clear end date,Antigua and Barbuda,ATG,AG,National,1,,,,Restriction and Regulation of Government Services,,,"",,,,,,"","","","","","","","","","","",,Non-Essential Government Services,This service is no longer provided by the government,"",,Antigua and Barbuda,,,,,,,All Residents (Citizen Residents + Foreign Residents),,,,Voluntary/Recommended but No Penalties,National Government,,,,,https://tummgmt.eu.qualtrics.com/Q/File.php?F=F_824kHT5osWMXQfn,http://abma.ag/wp-content/uploads/2020/03/stateofemergencyguidelines-apr2020.pdf,2020-04-03,2020-04-03T20:34:07Z,9,0,0,,,,,,,,,,,,,,,,,,,,,,,,,
R_3EnxACRHxq1AurVNA,8834849NA,update,,Strengthening,"","Public-facing government offices in Antigua and Barbuda are restricting opening hours and visitors. This measure begins, together with the 24 hour curfew, on April the 2nd. Government employees are recommended to work from home where possible. UPDATE: Public-facing government offices in Antigua and Barbuda are restricting opening hours and visitors. This measure begins, together with the 24 hour curfew, on April the 2nd. Government employees are recommended to work from home where possible.",2020-04-02,2020-04-02,2020-04-16,The policy has a clear end date,Antigua and Barbuda,ATG,AG,National,1,,,,Restriction and Regulation of Government Services,,,"",,,,,,"","","","","","","","","","","",,Non-Essential Government Services,This service is no longer provided by the government,"",,Antigua and Barbuda,,,,,,,All Residents (Citizen Residents + Foreign Residents),,,,Voluntary/Recommended but No Penalties,National Government,,,,,https://tummgmt.eu.qualtrics.com/Q/File.php?F=F_1LwFqiX3dhvLX55,https://www.gov.uk/foreign-travel-advice/antigua-and-barbuda/coronavirus ; https://ab.gov.ag/pdf/covid_news/Apr_7_2020_No_21_Extraordinary_Gazette.pdf,2020-04-11,2020-04-11T15:06:34Z,9,0,0,,,,,,,,,,,,,,,,,,,,,,,,,
R_305GW26DjNJ2tjsNA,976157,new_entry,,,"","The government of Antigua and Barbuda announced on the 22nd of March, that gatherings of more than 25 persons are prohibited. In a media statement of the government from the 25th of March, the officials recognized multiple violations of the restriction.",2020-03-22,2020-03-22,,The policy’s end date is unknown or unreported,Antigua and Barbuda,ATG,AG,National,1,,,,Restrictions of Mass Gatherings,,,"",,,,,,"","","","","","","","","","","",,,,"",,Antigua and Barbuda,,,,,,,All Residents (Citizen Residents + Foreign Residents),,,,Mandatory (Unspecified/Implied),National Government,,,,,https://tummgmt.eu.qualtrics.com/Q/File.php?F=F_1Hc3rLv4McuctM2,https://antigua-barbuda.com/covid-19-coronavirus-response-update-from-the-ministry-of-health,2022-01-21,2022-01-21T15:53:22Z,1,0,0,,,,,,,,,,,,,,,,,,,,,,,,,
R_80KmYO5wPt4xHLbNA,976157,update,,Strengthening,"","""No person shall–host or attend at any private party which includes any person from outside of his or her immediate household occupant; attend or participate in any organised sporting event or any sports stadium; hold any banquet, ball or reception; any social event. For the duration of the curfew period –weddings; meeting of a fraternal society, social or private club, civic organisation or association,are banned. Funerals, if held during the curfew period, must be conducted in the cemetery with no more than ten mourners, the  officiant,  two  representative  from  the  funeral  home  and  two  persons  employed  to  work  in  the  graveyard,  all  of whom shall practice social distancing and wear a face mask."" UPDATE: From the 2nd of April, all gatherings in Antigua and Barbuda are prohibited. Funerals are the only exceptions.",2020-04-02,2020-04-02,2020-04-16,The policy has a clear end date,Antigua and Barbuda,ATG,AG,National,1,,,,Restrictions of Mass Gatherings,,,"",,,,,,"","","","","","","","","","","",,,,"",,Antigua and Barbuda,,,,,,,All Residents (Citizen Residents + Foreign Residents),,,,Mandatory (Unspecified/Implied),National Government,,,,,https://tummgmt.eu.qualtrics.com/Q/File.php?F=F_sQYFIXPcUM6nCKd,https://ab.gov.ag/pdf/covid_news/Apr_7_2020_No_21_Extraordinary_Gazette.pdf,2020-04-11,2020-04-11T14:43:57Z,9,0,0,,,,,,,,,,,,,,,,,,,,,,,,,
R_3NweKfSruqem2w3NA,2065893,new_entry,,,"","""Prison visits and court cases across Antigua and Barbuda are suspended for two weeks to reduce the risk of coronavirus (COVID-19) transmissions. The Ministry said the suspension of prison visits also affects food and water drop-offs for inmates. Only the Prison Farm Gang members can enter and leave Her Majesty’s Prison. At the courts, some trials that have already started will continue and emergency applications heard but the Magistrates Court will continue to function under a very strict regulatory regime.
The Civil Registry will operate a next day service, where a drop box will be provided for drop-offs, while emergency applications will be facilitated.
Only three people will be allowed to enter the Land Registry and Intellectual Property Departments at a time.
The Legal Aid and Advice Centre will also be limiting public contact to one person per session. Scheduled interview sessions will be done via telephone and a drop off box will be provided for required documents.""",2020-03-16,2020-03-16,2020-03-30,The policy has a clear end date,Antigua and Barbuda,ATG,AG,National,1,,,,Social Distancing,,,"",,,,,,"","","","","","","","","","","",,,,"",,Antigua and Barbuda,,,,,,,All Residents (Citizen Residents + Foreign Residents),,,,Mandatory (Unspecified/Implied),National Government,,,,,https://tummgmt.eu.qualtrics.com/Q/File.php?F=F_29bkvIKuF7r0P6x,http://www.loopnewscaribbean.com/content/antigua-and-barbuda-ramps-covid-19-response-0,2020-04-11,2020-04-11T19:26:06Z,1,0,0,,,,,,,,,,,,,,,,,,,,,,,,,
R_Cay3P2wVzWWjt85NA,307952,new_entry,,,"","A statement by the Antigua Public Utility Authority informed the public about social distancing and hygiene measures on March 16th. ""Senior citizens will be given priority in customer lines, to limit exposure, controlled lines at our payment centers will be enforced, utilization of sanitization stationswill be made compulsory upon entrance of offices, a designated waiting area will be provided to facilitate the recommended social distance.""",2020-03-16,2020-03-16,,The policy’s end date is unknown or unreported,Antigua and Barbuda,ATG,AG,National,1,,,,Social Distancing,,,"",,,,,,"","","","","","","","","","","",,,,"",,Antigua and Barbuda,,,,,,,All Residents (Citizen Residents + Foreign Residents),,,,Mandatory (Unspecified/Implied),Other (Please specify in the text box),,,,,https://tummgmt.eu.qualtrics.com/Q/File.php?F=F_6A0jz3j3BMN3XjP,https://ab.gov.ag/pdf/APUA_COVID-19.pdf,2022-01-21,2022-01-21T15:54:08Z,1,0,0,,,,,,,,,,,,,,,,,,,,,,,,,
R_2rMGL4a2zOH9jH0Cp,44965,new_entry,,,"","Even though the Government of Antigua and Barbuda introduced a curfew before, the official statement published on April 22 included detailed social distancing rules for businesses, which are allowed to open during the curfew. ""Ensure that all customers and staff maintain physical distancing of no less than six feet in or around their business; determine the number of persons that may be permitted in the establishment at any one time by permitting one person for every fifty square feet of store space; place distance markers at six feet interval showing where persons are permitted to stand at a check out point; place distance markers at six feet interval to show where persons are permitted to stand while waiting outside of the establishment""",2020-04-22,2020-04-23,,The policy’s end date is unknown or unreported,Antigua and Barbuda,ATG,AG,National,1,,,,Social Distancing,Keeping a distance of at least 6 feet or 1.5 meters apart,,"",,,,,,"","","","","","","","","","","",,,,"",,Antigua and Barbuda,,,,,,,All Residents (Citizen Residents + Foreign Residents),,,,"Mandatory with Legal Penalties (Jail Time),Mandatory with Fines",National Government,,,,,https://tummgmt.eu.qualtrics.com/Q/File.php?F=F_1KqXJcnJ40GQImD,https://ab.gov.ag/pdf/covid_news/Essential_Services_Statement_April_23_2020_24Hrs_Lockdown_Continues.pdf,2022-01-21,2022-01-21T15:55:02Z,24,3,10,,,,,,,,,,,,,,,,,,,,,,,,,
