record_id,policy_id,entry_type,update_type,update_level,update_level_var,description,date_announced,date_start,date_end,date_end_spec,country,ISO_A3,ISO_A2,init_country_level,domestic_policy,province,ISO_L2,city,type,type_sub_cat,type_new_admin_coop,type_vac_cat,type_vac_mix,type_vac_reg,type_vac_purchase,type_vac_group,type_vac_group_rank,type_vac_who_pays,type_vac_dist_admin,type_vac_loc,type_vac_cost_num,type_vac_cost_scale,type_vac_cost_unit,type_vac_cost_gov_perc,type_vac_amt_num,type_vac_amt_scale,type_vac_amt_unit,type_vac_amt_gov_perc,type_text,institution_cat,institution_status,institution_conditions,target_init_same,target_country,target_geog_level,target_region,target_province,target_city,target_intl_org,target_other,target_who_what,target_who_gen,target_direction,travel_mechanism,compliance,enforcer,dist_index_high_est,dist_index_med_est,dist_index_low_est,dist_index_country_rank,pdf_link,link,collab,collab_id,date_updated,recorded_date,confirmed_cases,deaths,recovered,new_tests,total_tests,total_tests_per_thousand,tests_units,total_vaccinations,daily_vaccinations,total_vaccinations_per_hundred,daily_vaccinations_per_million,Rank_FP,Score_FP,muni_IDC,dispersive_IDC,constraining_IDC,sfi_SFI,ti_cpi_TI,pop_WDI_PW,gdp_WDI_PW,growth_WDI_PW,lnpop_WDI_PW,lngdp_WDI_PW,disap_FA,polpris_FA,latentmean_FA,transparencyindex_HR,EmigrantStock_EMS
R_2XnffWNcAYnGlUXNA,1225780,new_entry,,,"","Haiti: The new COVID-19 strategy developed by MSPP and UN partners has been adopted by the Multisectoral Commission. It aims at fighting disbelief, denial and refusal behaviours as positive cases
increase. The strategy will use more deeply rooted socio-cultural messages, embodied by credible influencers,
community and religious leaders, as well as coordinate institutional and community-led messaging and reinforce
digital media, radio and TV.",2020-04-18,2020-04-18,,The policy’s end date is unknown or unreported,Haiti,HTI,HT,National,1,,,,Anti-Disinformation Measures,,,"",,,,,,"","","","","","","","","","","",,,,"",,Haiti,,,,,,,All Residents (Citizen Residents + Foreign Residents),No special population targeted,,,Mandatory (Unspecified/Implied),"National Government,Ministry/Department of Health,Other (Please specify in the text box)",78.5163042626866,74.8379341921187,71.4333420290805,105,https://tummgmt.eu.qualtrics.com/Q/File.php?F=F_XyMisrDS3UIrGBH,https://www.humanitarianresponse.info/sites/www.humanitarianresponse.info/files/documents/files/20200428_-_flash_update_no._5_covid-19_-_ocha_haiti_-_en.pdf,CoronaNet (original),,2021-04-14,2021-04-14T19:01:14Z,43,3,0,,,,,,,,,83,30.2,2,0.199364259839058,-0.0487236380577087,14,20,11123176,8123218871.19841,1.48387978817684,16.2245414175183,22.8179923252784,2,2,0.525868432619621,-0.587844560161745,18756
R_1DHJvj5faWDsmeDNA,6333171,new_entry,,,"","On May 21, a Haitian presidential decree strictly prohibited sharing on social media any images of bodies of people who died from Covid-19 -- under the threat of fine of nearly $200 or 15 days in jail.",2020-05-21,2020-05-21,,The policy’s end date is unknown or unreported,Haiti,HTI,HT,National,1,,,,Anti-Disinformation Measures,,,"",,,,,,"","","","","","","","","","","",,,,"",,Haiti,,,,,,,All Residents (Citizen Residents + Foreign Residents),People with certain health conditions (please note which health conditions in the text entry),,,"Mandatory with Legal Penalties (Jail Time),Mandatory with Fines",National Government,78.6850780648623,74.8985530938425,70.8731606489268,112,https://tummgmt.eu.qualtrics.com/Q/File.php?F=F_BV3a5IlUHckGEUh,https://edition.cnn.com/2020/06/10/americas/haiti-coronavirus-harsh-measures-intl/index.html,CoronaNet (original),,2021-04-14,2021-04-14T19:53:58Z,596,22,21,,,,,,,,,83,30.2,2,0.199364259839058,-0.0487236380577087,14,20,11123176,8123218871.19841,1.48387978817684,16.2245414175183,22.8179923252784,2,2,0.525868432619621,-0.587844560161745,18756
R_1PXkECtWFZHWltDNA,8463103,new_entry,,,"","Beginning on May 21, 2020, Haiti prohibits taking and sharing photos or video of Covid-19 patients without their authorization. Violators can be fined 20.000 Gourdes, imprisoned for 15 days, and sentenced to 30 days of communal labor.",2020-05-21,2020-05-21,,The policy’s end date is unknown or unreported,Haiti,HTI,HT,National,1,,,,Anti-Disinformation Measures,,,"",,,,,,"","","","","","","","","","","",,,,"",,Haiti,,,,,,,All Residents (Citizen Residents + Foreign Residents),People with certain health conditions (please note which health conditions in the text entry),,,"Mandatory with Legal Penalties (Jail Time),Mandatory with Fines,Mandatory with Exceptions (Please list exceptions in the text entry)",National Government,78.6850780648623,74.8985530938425,70.8731606489268,112,https://tummgmt.eu.qualtrics.com/Q/File.php?F=F_PuN3ac72PMMXWj7 ; https://tummgmt.eu.qualtrics.com/Q/File.php?F=F_w1Pg9QIs0obcnnP,https://edition.cnn.com/2020/06/10/americas/haiti-coronavirus-harsh-measures-intl/index.html,CoronaNet (original),,2021-04-14,2021-04-14T20:06:32Z,596,22,21,,,,,,,,,83,30.2,2,0.199364259839058,-0.0487236380577087,14,20,11123176,8123218871.19841,1.48387978817684,16.2245414175183,22.8179923252784,2,2,0.525868432619621,-0.587844560161745,18756
R_xydnhxhjK9aHdBvEr,2563374Er,new_entry,,,"","Haiti: Schools, universities, places of worship and industrial parks will be closed from March 19, 2020.",2020-03-19,2020-03-19,,The policy’s end date is unknown or unreported,Haiti,HTI,HT,National,1,,,,Closure and Regulation of Schools,Primary Schools (generally for children ages 10 and below),,"",,,,,,"","","","","","","","","","","",,,Primary Schools closed/locked down,"",Yes,Haiti,"One or more countries, but not all countries",,,,,,All Residents (Citizen Residents + Foreign Residents),,,,Mandatory (Unspecified/Implied),National Government,57.8062021870627,54.0428134433679,49.9715778961035,86,https://tummgmt.eu.qualtrics.com/Q/File.php?F=F_e4ia4SvaVRpFpWp,https://www.reuters.com/article/us-health-coronavirus-haiti/haiti-declares-emergency-over-coronavirus-imposes-curfew-shuts-border-idUSKBN21700V,CoronaNet (original),,2021-10-22,2021-10-22T14:16:07Z,0,0,0,,,,,,,,,83,30.2,2,0.199364259839058,-0.0487236380577087,14,20,11123176,8123218871.19841,1.48387978817684,16.2245414175183,22.8179923252784,2,2,0.525868432619621,-0.587844560161745,18756
R_xydnhxhjK9aHdBvGb,2563374Gb,new_entry,,,"","Haiti: Schools, universities, places of worship and industrial parks will be closed from March 19, 2020.",2020-03-19,2020-03-19,,The policy’s end date is unknown or unreported,Haiti,HTI,HT,National,1,,,,Closure and Regulation of Schools,Secondary Schools (generally for children ages 10 to 18),,"",,,,,,"","","","","","","","","","","",,,Secondary Schools closed/locked down,"",Yes,Haiti,"One or more countries, but not all countries",,,,,,All Residents (Citizen Residents + Foreign Residents),,,,Mandatory (Unspecified/Implied),National Government,57.8062021870627,54.0428134433679,49.9715778961035,86,https://tummgmt.eu.qualtrics.com/Q/File.php?F=F_e4ia4SvaVRpFpWp,https://www.reuters.com/article/us-health-coronavirus-haiti/haiti-declares-emergency-over-coronavirus-imposes-curfew-shuts-border-idUSKBN21700V,CoronaNet (original),,2021-10-22,2021-10-22T14:16:07Z,0,0,0,,,,,,,,,83,30.2,2,0.199364259839058,-0.0487236380577087,14,20,11123176,8123218871.19841,1.48387978817684,16.2245414175183,22.8179923252784,2,2,0.525868432619621,-0.587844560161745,18756
R_xydnhxhjK9aHdBvCf,2563374Cf,new_entry,,,"","Haiti: Schools, universities, places of worship and industrial parks will be closed from March 19, 2020.",2020-03-19,2020-03-19,,The policy’s end date is unknown or unreported,Haiti,HTI,HT,National,1,,,,Closure and Regulation of Schools,Higher education institutions (i.e. degree granting institutions),,"",,,,,,"","","","","","","","","","","",,,Higher education institutions closed/locked down,"",Yes,Haiti,"One or more countries, but not all countries",,,,,,All Residents (Citizen Residents + Foreign Residents),,,,Mandatory (Unspecified/Implied),National Government,57.8062021870627,54.0428134433679,49.9715778961035,86,https://tummgmt.eu.qualtrics.com/Q/File.php?F=F_e4ia4SvaVRpFpWp,https://www.reuters.com/article/us-health-coronavirus-haiti/haiti-declares-emergency-over-coronavirus-imposes-curfew-shuts-border-idUSKBN21700V,CoronaNet (original),,2021-10-22,2021-10-22T14:16:07Z,0,0,0,,,,,,,,,83,30.2,2,0.199364259839058,-0.0487236380577087,14,20,11123176,8123218871.19841,1.48387978817684,16.2245414175183,22.8179923252784,2,2,0.525868432619621,-0.587844560161745,18756
R_3ijPzcFQxXqdbICEr,2563374Er,update,End of Policy,,"","Schools, universities, places of worship and industrial parks would be closed UPDATE: Haiti re-opened schools beginning on Monday, August 10.",2020-03-19,2020-03-19,2020-08-10,The policy has a clear end date,Haiti,HTI,HT,National,1,,,,Closure and Regulation of Schools,Primary Schools (generally for children ages 10 and below),,"",,,,,,"","","","","","","","","","","",,,Primary Schools closed/locked down,"",Yes,Haiti,"One or more countries, but not all countries",,,,,,All Residents (Citizen Residents + Foreign Residents),,,,Mandatory (Unspecified/Implied),National Government,57.8062021870627,54.0428134433679,49.9715778961035,86,https://tummgmt.eu.qualtrics.com/Q/File.php?F=F_e4ia4SvaVRpFpWp ; https://tummgmt.eu.qualtrics.com/Q/File.php?F=F_2Ve7oDAvoOk66Bn,NA ; https://www.voanews.com/covid-19-pandemic/haiti-schools-reopen-first-time-five-months-coronavirus-outbreak,CoronaNet (original),,2020-08-24,2020-08-24T12:22:56Z,0,0,0,,,,,,,,,83,30.2,2,0.199364259839058,-0.0487236380577087,14,20,11123176,8123218871.19841,1.48387978817684,16.2245414175183,22.8179923252784,2,2,0.525868432619621,-0.587844560161745,18756
R_3ijPzcFQxXqdbICGb,2563374Gb,update,End of Policy,,"","Schools, universities, places of worship and industrial parks would be closed UPDATE: Haiti re-opened schools beginning on Monday, August 10.",2020-03-19,2020-03-19,2020-08-10,The policy has a clear end date,Haiti,HTI,HT,National,1,,,,Closure and Regulation of Schools,Secondary Schools (generally for children ages 10 to 18),,"",,,,,,"","","","","","","","","","","",,,Secondary Schools closed/locked down,"",Yes,Haiti,"One or more countries, but not all countries",,,,,,All Residents (Citizen Residents + Foreign Residents),,,,Mandatory (Unspecified/Implied),National Government,57.8062021870627,54.0428134433679,49.9715778961035,86,https://tummgmt.eu.qualtrics.com/Q/File.php?F=F_e4ia4SvaVRpFpWp ; https://tummgmt.eu.qualtrics.com/Q/File.php?F=F_2Ve7oDAvoOk66Bn,NA ; https://www.voanews.com/covid-19-pandemic/haiti-schools-reopen-first-time-five-months-coronavirus-outbreak,CoronaNet (original),,2020-08-24,2020-08-24T12:22:56Z,0,0,0,,,,,,,,,83,30.2,2,0.199364259839058,-0.0487236380577087,14,20,11123176,8123218871.19841,1.48387978817684,16.2245414175183,22.8179923252784,2,2,0.525868432619621,-0.587844560161745,18756
R_3ijPzcFQxXqdbICCf,2563374Cf,update,End of Policy,,"","Schools, universities, places of worship and industrial parks would be closed UPDATE: Haiti re-opened schools beginning on Monday, August 10.",2020-03-19,2020-03-19,2020-08-10,The policy has a clear end date,Haiti,HTI,HT,National,1,,,,Closure and Regulation of Schools,Higher education institutions (i.e. degree granting institutions),,"",,,,,,"","","","","","","","","","","",,,Higher education institutions closed/locked down,"",Yes,Haiti,"One or more countries, but not all countries",,,,,,All Residents (Citizen Residents + Foreign Residents),,,,Mandatory (Unspecified/Implied),National Government,57.8062021870627,54.0428134433679,49.9715778961035,86,https://tummgmt.eu.qualtrics.com/Q/File.php?F=F_e4ia4SvaVRpFpWp ; https://tummgmt.eu.qualtrics.com/Q/File.php?F=F_2Ve7oDAvoOk66Bn,NA ; https://www.voanews.com/covid-19-pandemic/haiti-schools-reopen-first-time-five-months-coronavirus-outbreak,CoronaNet (original),,2020-08-24,2020-08-24T12:22:56Z,0,0,0,,,,,,,,,83,30.2,2,0.199364259839058,-0.0487236380577087,14,20,11123176,8123218871.19841,1.48387978817684,16.2245414175183,22.8179923252784,2,2,0.525868432619621,-0.587844560161745,18756
R_9FWyROpm4SCk6hXNA,2815531,new_entry,,,"","In Haiti, a curfew will be in force from 8 p.m. to 5 a.m. as of Friday (March 20, 2020).",2020-03-19,2020-03-19,,The policy’s end date is unknown or unreported,Haiti,HTI,HT,National,1,,,,Curfew,,,"",,,,,,"","","","","","","","","","","",,,,"",Yes,Haiti,"One or more countries, but not all countries",,,,,,All (Travelers + Residents),No special population targeted,,,"Mandatory with Legal Penalties (Jail Time),Mandatory with Fines,Mandatory with Exceptions (Please list exceptions in the text entry)",National Government,57.8062021870627,54.0428134433679,49.9715778961035,86,https://tummgmt.eu.qualtrics.com/Q/File.php?F=F_3D79WaanoC9O3iQ ; https://tummgmt.eu.qualtrics.com/Q/File.php?F=F_3Ib4fx52mkzXr08,https://www.reuters.com/article/us-health-coronavirus-haiti/haiti-declares-emergency-over-coronavirus-imposes-curfew-shuts-border-idUSKBN21700V,CoronaNet (original),,2021-10-22,2021-10-22T14:17:27Z,0,0,0,,,,,,,,,83,30.2,2,0.199364259839058,-0.0487236380577087,14,20,11123176,8123218871.19841,1.48387978817684,16.2245414175183,22.8179923252784,2,2,0.525868432619621,-0.587844560161745,18756
R_2Srz895L0zrYR1FNA,2815531,update,End of Policy,,"","a curfew would be in force from 8 p.m. to 5 a.m. as of Friday UPDATE: As of July 5, the curfew hours have been reduced to the period between 1 AM and 4 AM.",2020-03-19,2020-03-19,2020-07-05,The policy has a clear end date,Haiti,HTI,HT,National,1,,,,Curfew,,,"",,,,,,"","","","","","","","","","","",,,,"",Yes,Haiti,"One or more countries, but not all countries",,,,,,All (Travelers + Residents),No special population targeted,,,"Mandatory with Legal Penalties (Jail Time),Mandatory with Fines,Mandatory with Exceptions (Please list exceptions in the text entry)",National Government,57.8062021870627,54.0428134433679,49.9715778961035,86,https://tummgmt.eu.qualtrics.com/Q/File.php?F=F_3D79WaanoC9O3iQ ; https://tummgmt.eu.qualtrics.com/Q/File.php?F=F_0whiGlwNjweylRT,NA ; https://www.worldaware.com/covid-19-alert-haiti-continues-easing-internal-restrictions-early-july-curfew-effect-until-july-19 ; https://ht.usembassy.gov/covid-19-information/,CoronaNet (original),,2020-08-24,2020-08-24T18:48:54Z,0,0,0,,,,,,,,,83,30.2,2,0.199364259839058,-0.0487236380577087,14,20,11123176,8123218871.19841,1.48387978817684,16.2245414175183,22.8179923252784,2,2,0.525868432619621,-0.587844560161745,18756
R_1Fxnx6uUYI4SrDsNA,8194674,new_entry,,,"","As of July 5, the curfew in Haiti only applies to the hours between Midnight and 4 AM",2020-07-05,2020-07-05,,The policy’s end date is unknown or unreported,Haiti,HTI,HT,National,1,,,,Curfew,,,"",,,,,,"","","","","","","","","","","",,,,"",Yes,Haiti,"One or more countries, but not all countries",,,,,,All Residents (Citizen Residents + Foreign Residents),No special population targeted,,,Mandatory (Unspecified/Implied),National Government,69.5282137868849,65.8839486225503,61.8545250079098,93,https://tummgmt.eu.qualtrics.com/Q/File.php?F=F_O7FefFOjluFgwVj,https://www.worldaware.com/covid-19-alert-haiti-continues-easing-internal-restrictions-early-july-curfew-effect-until-july-19 ; https://ht.usembassy.gov/covid-19-information/,CoronaNet (original),,2021-10-22,2021-10-22T14:18:18Z,6230,110,1549,,,,,,,,,83,30.2,2,0.199364259839058,-0.0487236380577087,14,20,11123176,8123218871.19841,1.48387978817684,16.2245414175183,22.8179923252784,2,2,0.525868432619621,-0.587844560161745,18756
R_OkU8c6vbNaeDMqZNA,3432557,new_entry,,,"","PORT-AU-PRINCE (Reuters) - Haiti’s government on Thursday declared a state of emergency over the coronavirus outbreak,",2020-03-19,2020-03-19,,The policy’s end date is unknown or unreported,Haiti,HTI,HT,National,1,,,,Declaration of Emergency,,,"",,,,,,"","","","","","","","","","","",,,,"",,Haiti,,,,,,,All Residents (Citizen Residents + Foreign Residents),,,,Mandatory (Unspecified/Implied),National Government,57.8062021870627,54.0428134433679,49.9715778961035,86,https://tummgmt.eu.qualtrics.com/Q/File.php?F=F_9AZtenjcHGdTASR,https://www.reuters.com/article/us-health-coronavirus-haiti/haiti-declares-emergency-over-coronavirus-imposes-curfew-shuts-border-idUSKBN21700V,CoronaNet (original),,2021-10-22,2021-10-22T14:19:19Z,0,0,0,,,,,,,,,83,30.2,2,0.199364259839058,-0.0487236380577087,14,20,11123176,8123218871.19841,1.48387978817684,16.2245414175183,22.8179923252784,2,2,0.525868432619621,-0.587844560161745,18756
R_1llSiqLtEGXoFc7NA,3432557,update,Change of Policy,Strengthening,timing of policy strengthening,"PORT-AU-PRINCE (Reuters) - Haiti’s government on Thursday (March 19) declared a state of emergency over the coronavirus outbreak. On May 20, it was extended until the end of July. UPDATE: State of emergency first declared on March 19 has been renewed until the end of July on May 20",2020-03-19,2020-03-19,2020-07-31,The policy has a clear end date,Haiti,HTI,HT,National,1,,,,Declaration of Emergency,,,"",,,,,,"","","","","","","","","","","",,,,"",,Haiti,,,,,,,All Residents (Citizen Residents + Foreign Residents),,,,Mandatory (Unspecified/Implied),National Government,57.8062021870627,54.0428134433679,49.9715778961035,86,https://tummgmt.eu.qualtrics.com/Q/File.php?F=F_9AZtenjcHGdTASR ; https://tummgmt.eu.qualtrics.com/Q/File.php?F=F_2E4D64yavW8JuGk,NA ; https://www.humanitarianresponse.info/sites/www.humanitarianresponse.info/files/documents/files/20200626_-_flash_update_no._7_covid-19_-_ocha_haiti_-_fr.pdf,CoronaNet (original),,2020-07-02,2020-07-02T15:35:57Z,0,0,0,,,,,,,,,83,30.2,2,0.199364259839058,-0.0487236380577087,14,20,11123176,8123218871.19841,1.48387978817684,16.2245414175183,22.8179923252784,2,2,0.525868432619621,-0.587844560161745,18756
R_3PCdb4RVqBGLRjsNA,3432557,update,Change of Policy,Strengthening,timing of policy strengthening,"On April 20, 2020, Haiti extends the state of emergency first announced on March 19, 2020, for two more months. UPDATE: State of emergency declaration renewed on April 20 for a duration of 2 months (until June 20).",2020-04-20,2020-04-20,2020-06-20,The policy has a clear end date,Haiti,HTI,HT,National,1,,,,Declaration of Emergency,,,"",,,,,,"","","","","","","","","","","",,,,"",,Haiti,,,,,,,All Residents (Citizen Residents + Foreign Residents),,,,Mandatory (Unspecified/Implied),National Government,78.3370103589494,75.1145176800236,71.4216854620174,109,https://tummgmt.eu.qualtrics.com/Q/File.php?F=F_9AZtenjcHGdTASR ; https://tummgmt.eu.qualtrics.com/Q/File.php?F=F_1hWFUyuoMAU9FYS,https://www.reuters.com/article/us-health-coronavirus-haiti/haiti-declares-emergency-over-coronavirus-imposes-curfew-shuts-border-idUSKBN21700V,CoronaNet (original),,2020-06-16,2020-06-16T14:53:24Z,44,3,0,,,,,,,,,83,30.2,2,0.199364259839058,-0.0487236380577087,14,20,11123176,8123218871.19841,1.48387978817684,16.2245414175183,22.8179923252784,2,2,0.525868432619621,-0.587844560161745,18756
R_1GHUhyVtOYJt3aGDr,3841017,new_entry,,,"","Beginning midnight local time on March 16, Haiti is suspending flights from Europe, Canada, the Dominican Republic and Latin America for the next two weeks, Prime Minister Joseph Jouthe announced on Twitter.
Flights from the United States will still be permitted, ""after an agreement with American authorities,"" Jouthe tweeted.",2020-03-15,2020-03-16,2020-03-30,The policy has a clear end date,Haiti,HTI,HT,National,0,,,,External Border Restrictions,Other External Border Restriction,,"",,,,,,"","","","","","","","","","","",,,,"",No,"Canada,Dominican Republic,Ukraine,France,Spain,Sweden,Norway,Germany,Finland,Poland,Italy,United Kingdom,Romania,Belarus,Greece,Bulgaria,Iceland,Hungary,Portugal,Austria,Czech Republic,Serbia,Ireland,Lithuania,Latvia,Croatia,Bosnia and Herzegovina,Slovakia,Estonia,Denmark,Switzerland,Netherlands,Moldova,Belgium,Armenia,Albania,Macedonia,Slovenia,Montenegro,Kosovo,Cyprus,Luxembourg,Georgia,Andorra,Malta,Liechtenstein,San Marino,Monaco,Vatican,Argentina,Bolivia,Brazil,Chile,Colombia,Ecuador,Falkland Islands,Guyana,Paraguay,Peru,Suriname,Uruguay,Venezuela",One or more countries and one or more regional groupings,"Europe,Latin America",,,,,All Travelers (Citizen Travelers + Foreign Travelers ),,Inbound,Flights,Mandatory (Unspecified/Implied),National Government,40.7822627539237,36.7171690782598,32.4028264104637,28,https://tummgmt.eu.qualtrics.com/Q/File.php?F=F_29gYkOWqE3ug3n0,https://twitter.com/JoutheJoseph/status/1239253924655304704 ; https://edition.cnn.com/travel/article/coronavirus-travel-bans/index.html,CoronaNet (original),,2020-05-25,2020-05-25T11:36:15Z,0,0,0,,,,,,,,,83,30.2,2,0.199364259839058,-0.0487236380577087,14,20,11123176,8123218871.19841,1.48387978817684,16.2245414175183,22.8179923252784,2,2,0.525868432619621,-0.587844560161745,18756
R_3nkJCQmYkNVOzBrDr,735359,new_entry,,,"","Haitian President Jovenel Moise told a news conference that all the Caribbean country’s ports, airports and borders would be closed to people from midnight on Thursday (March 19, 2020), though they would remain open for goods traffic.",2020-03-19,2020-03-19,,The policy’s end date is unknown or unreported,Haiti,HTI,HT,National,0,,,,External Border Restrictions,Other External Border Restriction,,"",,,,,,"","","","","","","","","","","",,,,"",No,All countries,All countries,,,,,,All (Travelers + Residents),,Inbound/Outbound,All kinds of transport,"Mandatory (Unspecified/Implied),Mandatory with Exceptions (Please list exceptions in the text entry)",National Government,57.8062021870627,54.0428134433679,49.9715778961035,86,https://tummgmt.eu.qualtrics.com/Q/File.php?F=F_1l4PUM1Y2OJXiTe,https://www.reuters.com/article/us-health-coronavirus-haiti/haiti-declares-emergency-over-coronavirus-imposes-curfew-shuts-border-idUSKBN21700V,CoronaNet (original),,2021-10-22,2021-10-22T14:20:10Z,0,0,0,,,,,,,,,83,30.2,2,0.199364259839058,-0.0487236380577087,14,20,11123176,8123218871.19841,1.48387978817684,16.2245414175183,22.8179923252784,2,2,0.525868432619621,-0.587844560161745,18756
R_3I5LVXkDX9Kx6DkDr,735359,update,End of Policy,,"","President Jovenel Moise told a news conference that all the Caribbean country’s ports, airports and borders would be closed to people from midnight on Thursday, though they would remain open for goods traffic. UPDATE: The land border with the Dominican Republic, as well as the airports of Port-au-Prince and Cap-Haitien have reopened as of July 1. Commercial flight services have resumed from that date.",2020-03-19,2020-03-19,2020-07-01,The policy has a clear end date,Haiti,HTI,HT,National,0,,,,External Border Restrictions,Other External Border Restriction,,"",,,,,,"","","","","","","","","","","",,,,"",No,All countries,All countries,,,,,,All (Travelers + Residents),,Inbound/Outbound,All kinds of transport,"Mandatory (Unspecified/Implied),Mandatory with Exceptions (Please list exceptions in the text entry)",National Government,57.8062021870627,54.0428134433679,49.9715778961035,86,https://tummgmt.eu.qualtrics.com/Q/File.php?F=F_1l4PUM1Y2OJXiTe ; https://tummgmt.eu.qualtrics.com/Q/File.php?F=F_1LCLlLVXEOabm9t,NA ; https://ht.usembassy.gov/covid-19-information/,CoronaNet (original),,2020-08-24,2020-08-24T12:31:43Z,0,0,0,,,,,,,,,83,30.2,2,0.199364259839058,-0.0487236380577087,14,20,11123176,8123218871.19841,1.48387978817684,16.2245414175183,22.8179923252784,2,2,0.525868432619621,-0.587844560161745,18756
R_9RYRUbST912FOStCc,6551927,new_entry,,,"","Since the re-opening of its airports on July 1, Haiti is screening the body temperature of all travellers arriving by air. Furthermore, travellers have to complete a health declaration form self declaring their COVID-19 status, as well as location and contact information for their stay in Haiti.",2020-07-01,2020-07-01,,The policy’s end date is unknown or unreported,Haiti,HTI,HT,National,0,,,,External Border Restrictions,Health Screenings (e.g. temperature checks),,"",,,,,,"","","","","","","","","","","",,,,"",No,All countries,All countries,,,,,,All Travelers (Citizen Travelers + Foreign Travelers ),No special population targeted,Inbound,Flights,Mandatory (Unspecified/Implied),National Government,69.6005481166649,65.857473620196,62.354637592656,91,https://tummgmt.eu.qualtrics.com/Q/File.php?F=F_1OiYqzZ3fOiYDYx,https://ht.usembassy.gov/covid-19-information/,CoronaNet (original),,2021-04-14,2021-04-14T19:55:50Z,5933,105,1032,,,,,,,,,83,30.2,2,0.199364259839058,-0.0487236380577087,14,20,11123176,8123218871.19841,1.48387978817684,16.2245414175183,22.8179923252784,2,2,0.525868432619621,-0.587844560161745,18756
R_9RYRUbST912FOStDr,6551927,new_entry,,,"","Since the re-opening of its airports on July 1, Haiti is screening the body temperature of all travellers arriving by air. Furthermore, travellers have to complete a health declaration form self declaring their COVID-19 status, as well as location and contact information for their stay in Haiti.",2020-07-01,2020-07-01,,The policy’s end date is unknown or unreported,Haiti,HTI,HT,National,0,,,,External Border Restrictions,Other External Border Restriction,,"",,,,,,"","","","","","","","","","","",,,,"",No,All countries,All countries,,,,,,All Travelers (Citizen Travelers + Foreign Travelers ),No special population targeted,Inbound,Flights,Mandatory (Unspecified/Implied),National Government,69.6005481166649,65.857473620196,62.354637592656,91,https://tummgmt.eu.qualtrics.com/Q/File.php?F=F_1OiYqzZ3fOiYDYx,https://ht.usembassy.gov/covid-19-information/,CoronaNet (original),,2021-04-14,2021-04-14T19:55:50Z,5933,105,1032,,,,,,,,,83,30.2,2,0.199364259839058,-0.0487236380577087,14,20,11123176,8123218871.19841,1.48387978817684,16.2245414175183,22.8179923252784,2,2,0.525868432619621,-0.587844560161745,18756
R_10wkrR5BIG62ZglBy,5409630,new_entry,,,"","Beginning on February 9, 2021 Haiti will require a negative PCR or Antigen test taken less than 72 hours before boarding for all international air passengers into the country, as announced on February 3. Exempt from this rule are people who have recovered from COVID-19, they will have to present a positive test and a certificate of recovery from their physician.",2021-02-03,2021-02-09,2023-02-14,The policy has an unlimited time span (e.g. recommendation to wash one's hands; passing of a legal bill),Haiti,HTI,HT,National,0,,,,External Border Restrictions,Health Certificates,,"",,,,,,"","","","","","","","","","","",,,,"",No,All countries,All countries,,,,,,All Travelers (Citizen Travelers + Foreign Travelers ),Other population not specifed above,Inbound,Flights,Mandatory (Unspecified/Implied),National Government,,,,,https://tummgmt.eu.qualtrics.com/Q/File.php?F=F_3nqF1eIPLnWDiJI,https://ht.usembassy.gov/covid-19-information/ ; https://www.icihaiti.com/en/news-32927-icihaiti-flash-covid-test-compulsory-for-all-passengers-to-haiti.html,CoronaNet (original),,2021-12-06,2021-12-06T14:42:47Z,12016,246,9177,,,,,,,,,83,30.2,2,0.199364259839058,-0.0487236380577087,14,20,11123176,8123218871.19841,1.48387978817684,16.2245414175183,22.8179923252784,2,2,0.525868432619621,-0.587844560161745,18756
R_p6P9KofGSbLfkatNA,3170249,new_entry,,,"","Haiti (Presidential Decree May 21, 2020):
Anyone who has been in close contact with a patient, suffering from the pandemic / epidemic virus, must automatically quarantine himself or go for screening within a period not exceeding forty-eight (48) hours or less, as specified by the Ministry of Public Health, and comply with all other measures to combat the pandemic / epidemic provided for by Order adopted by the Council of Ministers.

Original Text:
Toute personne ayant été en contact étroit avec un malade, atteint du virus de la pandémie / épidémie, doit se mettre automatiquement en quarantaine ou aller se faire dépister dans un délai ne dépassant pas quarante-huit (48) heures ou tout laps de temps plus court prévu par le Ministère chargé de la Santé Publique, et respecter toutes autres mesures de lutte contre la pandémie / épidémie prévues par Arrête pris en Conseil des Ministres",2020-05-21,2020-05-21,,The policy’s end date is unknown or unreported,Haiti,HTI,HT,National,0,,,,Health Monitoring,,,"",,,,,,"","","","","","","","","","","",,,,"",Yes,Haiti,"One or more countries, but not all countries",,,,,,,Other population not specifed above,,,Mandatory (Unspecified/Implied),"National Government,Ministry/Department of Health",78.6850780648623,74.8985530938425,70.8731606489268,112,https://tummgmt.eu.qualtrics.com/Q/File.php?F=F_1isnPxm13HJ1Ch6,https://www.slideshare.net/Communication_HT/dcret-fixant-les-rgles-gnrales-de-protection-de-la-population-en-cas-de-pandmieepidmie-234488292 ; https://www.haitilibre.com/article-30843-haiti-flash-decret-presidentiel-fixant-les-regles-generales-de-protection-de-la-population-face-au-covid-19.html,CoronaNet (original),,2021-04-14,2021-04-14T19:19:20Z,596,22,21,,,,,,,,,83,30.2,2,0.199364259839058,-0.0487236380577087,14,20,11123176,8123218871.19841,1.48387978817684,16.2245414175183,22.8179923252784,2,2,0.525868432619621,-0.587844560161745,18756
R_vBmnOyhUYKWB7LXCr,1184260,new_entry,,,"","On Sunday, April 19, the President of Haiti announced that 5 million face masks would be available in Haiti and that distribution on public markets had already begun.",2020-04-19,2020-04-19,2020-05-03,The policy has an imprecise natural end date (e.g. masks will be distributed until they run out),Haiti,HTI,HT,National,0,,,,Health Resources,Masks,,"",,,,,,"","","","","","","","","","","",,,,"",Yes,Haiti,"One or more countries, but not all countries",,,,,,,No special population targeted,,,Voluntary/Recommended but No Penalties,"National Government,Provincial/State Government",78.3813909767937,74.9068265303429,71.1475737680439,103,https://tummgmt.eu.qualtrics.com/Q/File.php?F=F_1GNEsY4JmSPZiHX,https://www.haitilibre.com/article-30573-haiti-covid-19-la-distribution-de-5-millions-de-masques-a-commence.html,CoronaNet (original),,2021-04-14,2021-04-14T18:58:55Z,44,3,0,,,,,,,,,83,30.2,2,0.199364259839058,-0.0487236380577087,14,20,11123176,8123218871.19841,1.48387978817684,16.2245414175183,22.8179923252784,2,2,0.525868432619621,-0.587844560161745,18756
R_XEXeRX1Wn4SEb7PCr,2361472,new_entry,,,"","The President announced on 15 May that all shipments of equipment and material for the COVID-19 response worth US$ 18 million that had been ordered by the Government had arrived in Haiti by air. The shipments include PPE (visors, chirurgical masks, N95 masks, and protective goggles), oxygen, oxygen generators, hospital beds andventilators",2020-05-15,2020-05-15,2020-05-29,The policy has an imprecise natural end date (e.g. masks will be distributed until they run out),Haiti,HTI,HT,National,0,,,,Health Resources,Masks,,"",,,,,,"","","","","","","","","","","",,,,"",Yes,Haiti,"One or more countries, but not all countries",,,,,,,No special population targeted,,,Voluntary/Recommended but No Penalties,National Government,78.6171051122239,74.9364043376532,71.4550939859693,109,https://tummgmt.eu.qualtrics.com/Q/File.php?F=F_ROX2IaJbnDz0enn,https://www.humanitarianresponse.info/en/operations/haïti/document/haiti-covid-19-flash-update-no-6-21-may-2020-fr-en,CoronaNet (original),,2021-04-14,2021-04-14T19:11:23Z,234,18,29,,,,,,,,,83,30.2,2,0.199364259839058,-0.0487236380577087,14,20,11123176,8123218871.19841,1.48387978817684,16.2245414175183,22.8179923252784,2,2,0.525868432619621,-0.587844560161745,18756
R_XEXeRX1Wn4SEb7PHb,2361472,new_entry,,,"","The President announced on 15 May that all shipments of equipment and material for the COVID-19 response worth US$ 18 million that had been ordered by the Government had arrived in Haiti by air. The shipments include PPE (visors, chirurgical masks, N95 masks, and protective goggles), oxygen, oxygen generators, hospital beds andventilators",2020-05-15,2020-05-15,2020-05-29,The policy has an imprecise natural end date (e.g. masks will be distributed until they run out),Haiti,HTI,HT,National,0,,,,Health Resources,Ventilators,,"",,,,,,"","","","","","","","","","","",,,,"",Yes,Haiti,"One or more countries, but not all countries",,,,,,,No special population targeted,,,Voluntary/Recommended but No Penalties,National Government,78.6171051122239,74.9364043376532,71.4550939859693,109,https://tummgmt.eu.qualtrics.com/Q/File.php?F=F_ROX2IaJbnDz0enn,https://www.humanitarianresponse.info/en/operations/haïti/document/haiti-covid-19-flash-update-no-6-21-may-2020-fr-en,CoronaNet (original),,2021-04-14,2021-04-14T19:11:23Z,234,18,29,,,,,,,,,83,30.2,2,0.199364259839058,-0.0487236380577087,14,20,11123176,8123218871.19841,1.48387978817684,16.2245414175183,22.8179923252784,2,2,0.525868432619621,-0.587844560161745,18756
R_XEXeRX1Wn4SEb7PEm,2361472,new_entry,,,"","The President announced on 15 May that all shipments of equipment and material for the COVID-19 response worth US$ 18 million that had been ordered by the Government had arrived in Haiti by air. The shipments include PPE (visors, chirurgical masks, N95 masks, and protective goggles), oxygen, oxygen generators, hospital beds andventilators",2020-05-15,2020-05-15,2020-05-29,The policy has an imprecise natural end date (e.g. masks will be distributed until they run out),Haiti,HTI,HT,National,0,,,,Health Resources,Personal Protective Equipment,,"",,,,,,"","","","","","","","","","","",,,,"",Yes,Haiti,"One or more countries, but not all countries",,,,,,,No special population targeted,,,Voluntary/Recommended but No Penalties,National Government,78.6171051122239,74.9364043376532,71.4550939859693,109,https://tummgmt.eu.qualtrics.com/Q/File.php?F=F_ROX2IaJbnDz0enn,https://www.humanitarianresponse.info/en/operations/haïti/document/haiti-covid-19-flash-update-no-6-21-may-2020-fr-en,CoronaNet (original),,2021-04-14,2021-04-14T19:11:23Z,234,18,29,,,,,,,,,83,30.2,2,0.199364259839058,-0.0487236380577087,14,20,11123176,8123218871.19841,1.48387978817684,16.2245414175183,22.8179923252784,2,2,0.525868432619621,-0.587844560161745,18756
R_XEXeRX1Wn4SEb7PDy,2361472,new_entry,,,"","The President announced on 15 May that all shipments of equipment and material for the COVID-19 response worth US$ 18 million that had been ordered by the Government had arrived in Haiti by air. The shipments include PPE (visors, chirurgical masks, N95 masks, and protective goggles), oxygen, oxygen generators, hospital beds andventilators",2020-05-15,2020-05-15,2020-05-29,The policy has an imprecise natural end date (e.g. masks will be distributed until they run out),Haiti,HTI,HT,National,0,,,,Health Resources,Other Health Materials,,"",,,,,,"","","","","","","","","","","",,,,"",Yes,Haiti,"One or more countries, but not all countries",,,,,,,No special population targeted,,,Voluntary/Recommended but No Penalties,National Government,78.6171051122239,74.9364043376532,71.4550939859693,109,https://tummgmt.eu.qualtrics.com/Q/File.php?F=F_ROX2IaJbnDz0enn,https://www.humanitarianresponse.info/en/operations/haïti/document/haiti-covid-19-flash-update-no-6-21-may-2020-fr-en,CoronaNet (original),,2021-04-14,2021-04-14T19:11:23Z,234,18,29,,,,,,,,,83,30.2,2,0.199364259839058,-0.0487236380577087,14,20,11123176,8123218871.19841,1.48387978817684,16.2245414175183,22.8179923252784,2,2,0.525868432619621,-0.587844560161745,18756
R_XEXeRX1Wn4SEb7PDx,2361472,new_entry,,,"","The President announced on 15 May that all shipments of equipment and material for the COVID-19 response worth US$ 18 million that had been ordered by the Government had arrived in Haiti by air. The shipments include PPE (visors, chirurgical masks, N95 masks, and protective goggles), oxygen, oxygen generators, hospital beds andventilators",2020-05-15,2020-05-15,2020-05-29,The policy has an imprecise natural end date (e.g. masks will be distributed until they run out),Haiti,HTI,HT,National,0,,,,Health Resources,Other Health Infrastructure,,"",,,,,,"","","","","","","","","","","",,,,"",Yes,Haiti,"One or more countries, but not all countries",,,,,,,No special population targeted,,,Voluntary/Recommended but No Penalties,National Government,78.6171051122239,74.9364043376532,71.4550939859693,109,https://tummgmt.eu.qualtrics.com/Q/File.php?F=F_ROX2IaJbnDz0enn,https://www.humanitarianresponse.info/en/operations/haïti/document/haiti-covid-19-flash-update-no-6-21-may-2020-fr-en,CoronaNet (original),,2021-04-14,2021-04-14T19:11:23Z,234,18,29,,,,,,,,,83,30.2,2,0.199364259839058,-0.0487236380577087,14,20,11123176,8123218871.19841,1.48387978817684,16.2245414175183,22.8179923252784,2,2,0.525868432619621,-0.587844560161745,18756
R_3PmJ4ep4rmNRpjnHb,2487145,new_entry,,,"","An American (USAID) donation of 37 ventilators has arrived in Haiti on September 3, and will be deployed in hospitals across the country. Furthermore, USAID donated 16.1 Million US$ for training medical staff in Haiti.",2020-09-05,2020-09-03,2020-09-17,The policy has an imprecise natural end date (e.g. masks will be distributed until they run out),Haiti,HTI,HT,National,0,,,,Health Resources,Ventilators,,"",,,,,,"","","","","","","","","","","",,,,"",Yes,Haiti,"One or more countries, but not all countries",,,,,,,No special population targeted,,,Mandatory (Unspecified/Implied),Other (Please specify in the text box),44.3875999864741,39.7954640931808,35.5944632918103,15,https://tummgmt.eu.qualtrics.com/Q/File.php?F=F_7QAVUr2qV3bj2il,https://www.haitilibre.com/article-31720-haiti-usa-don-americain-de-37-respirateurs-artificiels-pour-lutter-contre-le-covid-19.html,CoronaNet (original),,2021-04-14,2021-04-14T19:15:26Z,8258,206,5870,,,,,,,,,83,30.2,2,0.199364259839058,-0.0487236380577087,14,20,11123176,8123218871.19841,1.48387978817684,16.2245414175183,22.8179923252784,2,2,0.525868432619621,-0.587844560161745,18756
R_3PmJ4ep4rmNRpjnGv,2487145,new_entry,,,"","An American (USAID) donation of 37 ventilators has arrived in Haiti on September 3, and will be deployed in hospitals across the country. Furthermore, USAID donated 16.1 Million US$ for training medical staff in Haiti.",2020-09-05,2020-09-03,2020-09-17,The policy has an imprecise natural end date (e.g. masks will be distributed until they run out),Haiti,HTI,HT,National,0,,,,Health Resources,Unspecified Health Infrastructure,,"",,,,,,"","","","","","","","","","","",,,,"",Yes,Haiti,"One or more countries, but not all countries",,,,,,,No special population targeted,,,Mandatory (Unspecified/Implied),Other (Please specify in the text box),44.3875999864741,39.7954640931808,35.5944632918103,15,https://tummgmt.eu.qualtrics.com/Q/File.php?F=F_7QAVUr2qV3bj2il,https://www.haitilibre.com/article-31720-haiti-usa-don-americain-de-37-respirateurs-artificiels-pour-lutter-contre-le-covid-19.html,CoronaNet (original),,2021-04-14,2021-04-14T19:15:26Z,8258,206,5870,,,,,,,,,83,30.2,2,0.199364259839058,-0.0487236380577087,14,20,11123176,8123218871.19841,1.48387978817684,16.2245414175183,22.8179923252784,2,2,0.525868432619621,-0.587844560161745,18756
R_3PmJ4ep4rmNRpjnGx,2487145,new_entry,,,"","An American (USAID) donation of 37 ventilators has arrived in Haiti on September 3, and will be deployed in hospitals across the country. Furthermore, USAID donated 16.1 Million US$ for training medical staff in Haiti.",2020-09-05,2020-09-03,2020-09-17,The policy has an imprecise natural end date (e.g. masks will be distributed until they run out),Haiti,HTI,HT,National,0,,,,Health Resources,Unspecified Health Staff,,"",,,,,,"","","","","","","","","","","",,,,"",Yes,Haiti,"One or more countries, but not all countries",,,,,,,No special population targeted,,,Mandatory (Unspecified/Implied),Other (Please specify in the text box),44.3875999864741,39.7954640931808,35.5944632918103,15,https://tummgmt.eu.qualtrics.com/Q/File.php?F=F_7QAVUr2qV3bj2il,https://www.haitilibre.com/article-31720-haiti-usa-don-americain-de-37-respirateurs-artificiels-pour-lutter-contre-le-covid-19.html,CoronaNet (original),,2021-04-14,2021-04-14T19:15:26Z,8258,206,5870,,,,,,,,,83,30.2,2,0.199364259839058,-0.0487236380577087,14,20,11123176,8123218871.19841,1.48387978817684,16.2245414175183,22.8179923252784,2,2,0.525868432619621,-0.587844560161745,18756
R_dfXm47DyEnCZLgZGn,426791,new_entry,,,"","On October 8, Haiti received a donation of 5,000 rapid test kits from the government of Taiwan.",2020-10-09,2020-10-08,2020-10-22,The policy has an imprecise natural end date (e.g. masks will be distributed until they run out),Haiti,HTI,HT,National,0,,,,Health Resources,Test Kits,,"",,,,,,"","","","","","","","","","","",,,,"",Yes,Haiti,"One or more countries, but not all countries",,,,,,,No special population targeted,,,Mandatory (Unspecified/Implied),"National Government,Other (Please specify in the text box)",61.8762851163664,57.9081889446404,54.6262094852875,76,https://tummgmt.eu.qualtrics.com/Q/File.php?F=F_2VpRkiekBH4Sbrh,https://www.haitilibre.com/article-32001-haiti-taiwan-don-de-5-000-tests-de-depistage-rapide-du-covid-19.html,CoronaNet (original),,2021-04-14,2021-04-14T19:41:11Z,8838,229,7013,,,,,,,,,83,30.2,2,0.199364259839058,-0.0487236380577087,14,20,11123176,8123218871.19841,1.48387978817684,16.2245414175183,22.8179923252784,2,2,0.525868432619621,-0.587844560161745,18756
R_12MGzMZvwpcHdfhBt,9510273,new_entry,,,"","As announced on January 28, 2021, a COVID-19 testing facility has been set up at Toussaint Louverture International Airport, Haiti. This is to enable outbound travelers to comply with requirements by many other countries to present a recent negative COVID-19 test. The facility is set up by a private operator with authorization by the ministry of health.",2021-01-28,2021-01-28,,The policy’s end date is unknown or unreported,Haiti,HTI,HT,National,0,,,,Health Testing,Fixed Health Testing stations (excluding drive-ins),,"",,,,,,"","","","","","","","","","","",,,,"",Yes,Haiti,"One or more countries, but not all countries",,,,,,,Everyone (i.e. Asymptomatic and symptomatic people),,,Voluntary/Recommended but No Penalties,"Ministry/Department of Health,Other (Please specify in the text box)",,,,,https://tummgmt.eu.qualtrics.com/Q/File.php?F=F_1dmL3OJUVzw7Iwr,https://www.haitilibre.com/en/news-32878-haiti-flash-covid-19-screening-site-available-at-toussaint-louverture-airport.html,CoronaNet (original),,2021-04-10,2021-04-10T10:04:32Z,11286,243,9016,,,,,,,,,83,30.2,2,0.199364259839058,-0.0487236380577087,14,20,11123176,8123218871.19841,1.48387978817684,16.2245414175183,22.8179923252784,2,2,0.525868432619621,-0.587844560161745,18756
R_3R4TrAWSAHkeNkDAw,4562701,new_entry,,,"","Haiti: As part of the response to COVID-19, the Government announced on 15 April, at a press conference at the CIPC, the publication of a protocol for the care of COVID-19 deceased persons.",2020-04-15,2020-04-15,,The policy’s end date is unknown or unreported,Haiti,HTI,HT,National,1,,,,Hygiene,Burial procedures,,"",,,,,,"","","","","","","","","","","",,,,"",,Haiti,,,,,,,All Residents (Citizen Residents + Foreign Residents),,,,Mandatory (Unspecified/Implied),National Government,78.4771155160223,74.9570171972027,70.9406628123812,108,https://tummgmt.eu.qualtrics.com/Q/File.php?F=F_cHq51F6zTekZzNL,https://reliefweb.int/report/haiti/haiti-covid-19-flash-update-no-5-29-april-2020-1700-haiti-time,CoronaNet (original),,2021-04-14,2021-04-14T19:43:00Z,40,3,0,,,,,,,,,83,30.2,2,0.199364259839058,-0.0487236380577087,14,20,11123176,8123218871.19841,1.48387978817684,16.2245414175183,22.8179923252784,2,2,0.525868432619621,-0.587844560161745,18756
R_ue69OhujfsTvuMxCj,2445870,new_entry,,,"","(Haiti) - Presidential decree: Any driver of a vehicle or transport equipment shall carry out disinfectant cleaning of the vehicle or transport equipment at least once a day.

The vehicle or transport equipment must be ventilated permanently.

The violation of these provisions by the driver is liable to three thousand (3,000.00) Gourdes of fine, five (5) days imprisonment or fifteen (15) days of community service to be determined by the Municipal Council.

Article 3.- Tout conducteur de véhicule ou matériel de transport procède au nettoyage désinfectant du véhicule ou matériel de transport au moins une fois par jour.

Le véhicule ou matériel de transport est en permanence aéré.

La violation de ces dispositions par le conducteur est passible de trois mille (3,000.00) Gourdes d'amende, de cinq (5) jours d'emprisonnement ou de quinze (15) jours de travail d'intérêt général à déterminer par le Conseil Municipal.",2020-05-21,2020-05-21,,The policy’s end date is unknown or unreported,Haiti,HTI,HT,National,1,,,,Hygiene,Hygiene measures for public transport,,"",,,,,,"","","","","","","","","","","",,,,"",,Haiti,,,,,,,All Residents (Citizen Residents + Foreign Residents),Other population not specifed above,,,"Mandatory with Legal Penalties (Jail Time),Mandatory with Fines","National Government,Municipal Government",78.6850780648623,74.8985530938425,70.8731606489268,112,https://tummgmt.eu.qualtrics.com/Q/File.php?F=F_2f0uzdARKsr8wOa,https://www.slideshare.net/Communication_HT/dcret-fixant-les-rgles-gnrales-de-protection-de-la-population-en-cas-de-pandmieepidmie-234488292 ; https://www.haitilibre.com/article-30843-haiti-flash-decret-presidentiel-fixant-les-regles-generales-de-protection-de-la-population-face-au-covid-19.html,CoronaNet (original),,2021-04-14,2021-04-14T19:13:33Z,596,22,21,,,,,,,,,83,30.2,2,0.199364259839058,-0.0487236380577087,14,20,11123176,8123218871.19841,1.48387978817684,16.2245414175183,22.8179923252784,2,2,0.525868432619621,-0.587844560161745,18756
R_ue69OhujfsTvuMxDn,2445870,new_entry,,,"","(Haiti) - Presidential decree: Any driver of a vehicle or transport equipment shall carry out disinfectant cleaning of the vehicle or transport equipment at least once a day.

The vehicle or transport equipment must be ventilated permanently.

The violation of these provisions by the driver is liable to three thousand (3,000.00) Gourdes of fine, five (5) days imprisonment or fifteen (15) days of community service to be determined by the Municipal Council.

Article 3.- Tout conducteur de véhicule ou matériel de transport procède au nettoyage désinfectant du véhicule ou matériel de transport au moins une fois par jour.

Le véhicule ou matériel de transport est en permanence aéré.

La violation de ces dispositions par le conducteur est passible de trois mille (3,000.00) Gourdes d'amende, de cinq (5) jours d'emprisonnement ou de quinze (15) jours de travail d'intérêt général à déterminer par le Conseil Municipal.",2020-05-21,2020-05-21,,The policy’s end date is unknown or unreported,Haiti,HTI,HT,National,1,,,,Hygiene,Other Areas Hygiene Measures Applied,,"",,,,,,"","","","","","","","","","","",,,,"",,Haiti,,,,,,,All Residents (Citizen Residents + Foreign Residents),Other population not specifed above,,,"Mandatory with Legal Penalties (Jail Time),Mandatory with Fines","National Government,Municipal Government",78.6850780648623,74.8985530938425,70.8731606489268,112,https://tummgmt.eu.qualtrics.com/Q/File.php?F=F_2f0uzdARKsr8wOa,https://www.slideshare.net/Communication_HT/dcret-fixant-les-rgles-gnrales-de-protection-de-la-population-en-cas-de-pandmieepidmie-234488292 ; https://www.haitilibre.com/article-30843-haiti-flash-decret-presidentiel-fixant-les-regles-generales-de-protection-de-la-population-face-au-covid-19.html,CoronaNet (original),,2021-04-14,2021-04-14T19:13:33Z,596,22,21,,,,,,,,,83,30.2,2,0.199364259839058,-0.0487236380577087,14,20,11123176,8123218871.19841,1.48387978817684,16.2245414175183,22.8179923252784,2,2,0.525868432619621,-0.587844560161745,18756
R_bPhZ6Y3chOVaJ21NA,6975882,new_entry,,,"","Haitian regulatory authorities announced on Monday, April 6, that intermunicipal public transport between Les Cayes (Arrondissement des Cayes) and Port-au-Prince (Arrondissement des Port-au-Prince) will be suspended at midnight (local time) until further notice due to the ongoing coronavirus disease (COVID-19) pandemic.",2020-04-06,2020-04-06,,The policy’s end date is unknown or unreported,Haiti,HTI,HT,Municipal,1,Sud,,Les Cayes,Internal Border Restrictions,,,"",,,,,,"","","","","","","","","","","",,,,"",No,Haiti,One or more cities within one or more countries,,Sud,Port-au-Prince,,,All (Travelers + Residents),No special population targeted,,,Mandatory (Unspecified/Implied),Municipal Government,74.5980640785523,71.0308093841739,67.2477093282367,95,https://tummgmt.eu.qualtrics.com/Q/File.php?F=F_3iliiAs00fPMZfv,https://www.garda.com/crisis24/news-alerts/329691/haiti-authorities-suspend-public-transportation-between-les-cayes-and-port-au-prince-over-covid-19-fears-april-6-update-3,CoronaNet (original),,2021-04-14,2021-04-14T19:57:30Z,21,0,0,,,,,,,,,83,30.2,2,0.199364259839058,-0.0487236380577087,14,20,11123176,8123218871.19841,1.48387978817684,16.2245414175183,22.8179923252784,2,2,0.525868432619621,-0.587844560161745,18756
R_1d3HIlkJNQ9uZ78NA,1354817,new_entry,,,"","Haiti: According to reports on Saturday, April 11, authorities announced the closure to roadway access into the South Department for a period of 15 days, effective from Friday, April 10, through Saturday, April, 25.",2020-04-11,2020-04-10,2020-04-25,The policy has a clear end date,Haiti,HTI,HT,Provincial,1,Sud,,,Internal Border Restrictions,,,"",,,,,,"","","","","","","","","","","",,,,"",No,Haiti,One or more provinces within one or more countries,,All (entire country),,,,All (Travelers + Residents),No special population targeted,,,Mandatory (Unspecified/Implied),"National Government,Provincial/State Government,Police",77.8252644579129,74.0873965357387,70.578228224334,99,https://tummgmt.eu.qualtrics.com/Q/File.php?F=F_2c1kjkWnL9bvnfa,https://www.garda.com/crisis24/news-alerts/331571/haiti-authorities-close-all-roads-with-access-to-south-department-for-15-days-amid-coronavirus-disease-covid-19-april-11-update-4,CoronaNet (original),,2020-06-16,2020-06-16T17:23:30Z,30,2,0,,,,,,,,,83,30.2,2,0.199364259839058,-0.0487236380577087,14,20,11123176,8123218871.19841,1.48387978817684,16.2245414175183,22.8179923252784,2,2,0.525868432619621,-0.587844560161745,18756
R_AcG8YoeOBjxjiExNA,1388468,new_entry,,,"","On March 19, the President of Haiti announced that people should stay at home and limit their movements to essential movements only.",2020-03-19,2020-03-19,2020-07-20,The policy has a clear end date,Haiti,HTI,HT,National,1,,,,Lockdown,,,"",,,,,,"","","","","","","","","","","",,,,"",Yes,Haiti,"One or more countries, but not all countries",,,,,,All Residents (Citizen Residents + Foreign Residents),No special population targeted,,,Mandatory (Unspecified/Implied),National Government,57.8062021870627,54.0428134433679,49.9715778961035,86,https://tummgmt.eu.qualtrics.com/Q/File.php?F=F_24l9afQ1VyZRSdp,https://www.gov.uk/foreign-travel-advice/haiti/staying-during-coronavirus,CoronaNet (original),,2020-06-16,2020-06-16T16:02:23Z,0,0,0,,,,,,,,,83,30.2,2,0.199364259839058,-0.0487236380577087,14,20,11123176,8123218871.19841,1.48387978817684,16.2245414175183,22.8179923252784,2,2,0.525868432619621,-0.587844560161745,18756
R_1K2N4lvSoaCa45JNA,4067327,new_entry,,,"","By presidential decree issued on May 21, 2020, any movement by individuals who tested positive for COVID-19 is prohibited, except to go to the hospital or upon prior authorization.",2020-05-21,2020-05-21,,The policy’s end date is unknown or unreported,Haiti,HTI,HT,National,1,,,,Lockdown,,,"",,,,,,"","","","","","","","","","","",,,,"",Yes,Haiti,"One or more countries, but not all countries",,,,,,All Residents (Citizen Residents + Foreign Residents),People with certain health conditions (please note which health conditions in the text entry),,,Mandatory (Unspecified/Implied),National Government,78.6850780648623,74.8985530938425,70.8731606489268,112,https://tummgmt.eu.qualtrics.com/Q/File.php?F=F_22W8XLYHwe60f6J,https://www.haitilibre.com/article-30843-haiti-flash-decret-presidentiel-fixant-les-regles-generales-de-protection-de-la-population-face-au-covid-19.html,CoronaNet (original),,2021-04-14,2021-04-14T19:39:35Z,596,22,21,,,,,,,,,83,30.2,2,0.199364259839058,-0.0487236380577087,14,20,11123176,8123218871.19841,1.48387978817684,16.2245414175183,22.8179923252784,2,2,0.525868432619621,-0.587844560161745,18756
R_3NFp9ntyEpRTZwMDe,5197208,new_entry,,,"","The Haitian Ministry of National Education and Vocational Training (MENFP), as of April 6, 2020, has set up a Task Force to respond to COVID- 19 in the education sector. This Task Force has been working closely with the UN in coordinating the response. A response plan for the Education sector has been prepared aiming, among other objectives, to enable distance learning for students and their return to school when feasible.",2020-04-06,2020-04-06,,The policy’s end date is unknown or unreported,Haiti,HTI,HT,National,1,,,,"New Task Force, Bureau or Administrative Configuration",New Task Force or Bureau (i.e. establishment of a temporary body),,"",,,,,,"","","","","","","","","","","",,,,"",,Haiti,,,,,,,All Residents (Citizen Residents + Foreign Residents),Other population not specifed above,,,Mandatory (Unspecified/Implied),"National Government,Other (Please specify in the text box)",74.5980640785523,71.0308093841739,67.2477093282367,95,https://tummgmt.eu.qualtrics.com/Q/File.php?F=F_1doaVVvvZUWVSet,https://www.humanitarianresponse.info/sites/www.humanitarianresponse.info/files/documents/files/20200406_-_flash_update_no._3_covid-19_-_ocha_haiti_-_en.pdf,CoronaNet (original),,2021-04-14,2021-04-14T19:48:16Z,21,0,0,,,,,,,,,83,30.2,2,0.199364259839058,-0.0487236380577087,14,20,11123176,8123218871.19841,1.48387978817684,16.2245414175183,22.8179923252784,2,2,0.525868432619621,-0.587844560161745,18756
R_RK4GAju46y0v2cVDe,8945651,new_entry,,,"","As of April 6, 2020, the government of Haiti has set up a structure for crisis management under the authority of the Prime Minister, which includes three dedicated cells: a scientific cell, a communications cell and a cell for socio-economic response.",2020-04-06,2020-04-06,,The policy’s end date is unknown or unreported,Haiti,HTI,HT,National,1,,,,"New Task Force, Bureau or Administrative Configuration",New Task Force or Bureau (i.e. establishment of a temporary body),,"",,,,,,"","","","","","","","","","","",,,,"",,Haiti,,,,,,,All Residents (Citizen Residents + Foreign Residents),No special population targeted,,,Mandatory (Unspecified/Implied),"National Government,New (COVID-19 specific) Task Force",74.5980640785523,71.0308093841739,67.2477093282367,95,https://tummgmt.eu.qualtrics.com/Q/File.php?F=F_3Di4Uu9YmlUjxnz,https://www.humanitarianresponse.info/sites/www.humanitarianresponse.info/files/documents/files/20200406_-_flash_update_no._3_covid-19_-_ocha_haiti_-_en.pdf,CoronaNet (original),,2021-04-14,2021-04-14T20:07:39Z,21,0,0,,,,,,,,,83,30.2,2,0.199364259839058,-0.0487236380577087,14,20,11123176,8123218871.19841,1.48387978817684,16.2245414175183,22.8179923252784,2,2,0.525868432619621,-0.587844560161745,18756
R_1HbKQHHqfZZH1eiDe,4754798,new_entry,,,"","Haiti: In addition to the three COVID-19 response coordination cells recently established by the Prime Minister (scientific, communication and socio-economic) the President has created the Multisectoral Commission for the Management of the COVID-19 Pandemic, as of April 14, 2020.",2020-04-14,2020-04-14,,The policy’s end date is unknown or unreported,Haiti,HTI,HT,National,1,,,,"New Task Force, Bureau or Administrative Configuration",New Task Force or Bureau (i.e. establishment of a temporary body),,"",,,,,,"","","","","","","","","","","",,,,"",,Haiti,,,,,,,All Residents (Citizen Residents + Foreign Residents),,,,Mandatory (Unspecified/Implied),"National Government,Ministry/Department of Health",78.124365638345,74.5195417005379,70.9744139558938,98,https://tummgmt.eu.qualtrics.com/Q/File.php?F=F_27DS6a1XKcYBDj6,https://reliefweb.int/report/haiti/haiti-covid-19-flash-update-no-4-14-april-2020-1200-haiti-time,CoronaNet (original),,2021-04-14,2021-04-14T19:44:52Z,40,3,0,,,,,,,,,83,30.2,2,0.199364259839058,-0.0487236380577087,14,20,11123176,8123218871.19841,1.48387978817684,16.2245414175183,22.8179923252784,2,2,0.525868432619621,-0.587844560161745,18756
R_2TGfO2yeAiHIZ6mNA,6395805,new_entry,,,"","On March 25, the Prime Minister  announced additional extraordinary measures, such as a month's advance salary payment to public officials.",2020-03-25,2020-03-25,2020-04-30,The policy has a clear end date,Haiti,HTI,HT,National,0,,,,Other Policy Not Listed Above,,,"",,,,,,"","","","","","","","","","","",Provision of benefits to parts of the workforce to mitigate economic impacts of the pandemic.,,,"",Yes,Haiti,"One or more countries, but not all countries",,,,,,,Other workers where the distinction between essential or non-essential is not explictely made (please note the occupation in the text entry),,,Mandatory (Other; please list other enforcement mechanisms in the text entry),National Government,68.7086409245063,64.7456803681583,61.0186745207143,90,https://tummgmt.eu.qualtrics.com/Q/File.php?F=F_xbyvcng742E1gTD,https://www.humanitarianresponse.info/sites/www.humanitarianresponse.info/files/documents/files/flash_update_no._2_covid-19_-_ocha_haiti_-_en.pdf,CoronaNet (original),,2020-06-16,2020-06-16T18:38:56Z,7,0,0,,,,,,,,,83,30.2,2,0.199364259839058,-0.0487236380577087,14,20,11123176,8123218871.19841,1.48387978817684,16.2245414175183,22.8179923252784,2,2,0.525868432619621,-0.587844560161745,18756
R_10oWd3zHYbHhWj6NA,1263618,new_entry,,,"","On March 25, the Prime Minister of Haiti announced that regular food rations will be provided for children who usually benefit from school feeding programmes.",2020-03-25,2020-03-25,2020-04-08,The policy has an imprecise natural end date (e.g. masks will be distributed until they run out),Haiti,HTI,HT,National,0,,,,Other Policy Not Listed Above,,,"",,,,,,"","","","","","","","","","","",Extraordinary provision of goods to mitigate negative social effects by the pandemic.,,,"",Yes,Haiti,"One or more countries, but not all countries",,,,,,,Other population not specifed above,,,Voluntary/Recommended but No Penalties,National Government,68.7086409245063,64.7456803681583,61.0186745207143,90,https://tummgmt.eu.qualtrics.com/Q/File.php?F=F_1IEJYYLZn0lokzc,https://www.humanitarianresponse.info/en/operations/haïti/document/haiti-covid-19-flash-update-no-2-31-mar-2020-fr-en,CoronaNet (original),,2021-04-14,2021-04-14T19:03:27Z,7,0,0,,,,,,,,,83,30.2,2,0.199364259839058,-0.0487236380577087,14,20,11123176,8123218871.19841,1.48387978817684,16.2245414175183,22.8179923252784,2,2,0.525868432619621,-0.587844560161745,18756
R_1rC77hQufbDWXw3NA,3327479,new_entry,,,"","By presidential decree issued on May 21, 2020, Haiti subjects the intentional/voluntary spreading of the coronavirus to fines of 25,000 gourdes, notwithstanding potential other penalties foreseen by the penal code.",2020-05-21,2020-05-21,,The policy’s end date is unknown or unreported,Haiti,HTI,HT,National,0,,,,Other Policy Not Listed Above,,,"",,,,,,"","","","","","","","","","","",Haiti subjects the intentional/voluntary spreading of the coronavirus to fines.,,,"",Yes,Haiti,"One or more countries, but not all countries",,,,,,,People with certain health conditions (please note which health conditions in the text entry),,,Mandatory with Fines,National Government,78.6850780648623,74.8985530938425,70.8731606489268,112,https://tummgmt.eu.qualtrics.com/Q/File.php?F=F_3kzXi7BGl2P1zR0,https://www.haitilibre.com/article-30843-haiti-flash-decret-presidentiel-fixant-les-regles-generales-de-protection-de-la-population-face-au-covid-19.html,CoronaNet (original),,2021-04-14,2021-04-14T19:29:06Z,596,22,21,,,,,,,,,83,30.2,2,0.199364259839058,-0.0487236380577087,14,20,11123176,8123218871.19841,1.48387978817684,16.2245414175183,22.8179923252784,2,2,0.525868432619621,-0.587844560161745,18756
R_2cvKWaXSmzku8l0Bf,830935,new_entry,,,"","Haiti: On 16 March, a Center of Permanent Information on the Coronavirus (CIPC) was launched by the Prime Minister and the Minister of Health. The CIPC is responsible for carrying out awareness-raising actions, health recommendations, through the media, or the coordination of the Ministry of Culture and Communication and under the direction of the Prime Minister's Office. The population will be informed about the prevention, protection and evolution of COVID-19 in the event of a possible appearance and spread of the virus on national soil. Two telephone lines (4343-3333 and 116), have been made available to the public for all information related to the Coronavirus.",2020-03-16,2020-03-16,,The policy’s end date is unknown or unreported,Haiti,HTI,HT,National,1,,,,Public Awareness Measures,Disseminating information related to COVID-19 to the public that is reliable and factually accurate,,"",,,,,,"","","","","","","","","","","",,,,"",,Haiti,,,,,,,All Residents (Citizen Residents + Foreign Residents),No special population targeted,,,Mandatory (Unspecified/Implied),"National Government,Ministry/Department of Health",40.7822627539237,36.7171690782598,32.4028264104637,28,https://tummgmt.eu.qualtrics.com/Q/File.php?F=F_YQzqoz7yAClCeEF,https://www.humanitarianresponse.info/sites/www.humanitarianresponse.info/files/documents/files/20200323_-_flash_update_no._1_covid-19_-_ocha_haiti_-_en.pdf,CoronaNet (original),,2021-04-14,2021-04-14T20:02:58Z,0,0,0,,,,,,,,,83,30.2,2,0.199364259839058,-0.0487236380577087,14,20,11123176,8123218871.19841,1.48387978817684,16.2245414175183,22.8179923252784,2,2,0.525868432619621,-0.587844560161745,18756
R_3MArsBTGLOEg4stBf,5531556,new_entry,,,"","The Haitian Ministry of Health, in cooperation with the UN Population Fund (UNFPA), has launched the information program ""ALo SajFanm"" to inform pregnant women on protection measures for themselves and their babies with regard to the pandemic. Communication via 35 radio stations and printed documents.",2020-06-26,2020-06-26,2020-06-27,The policy is a one-time measure (e.g. publication of guidelines),Haiti,HTI,HT,National,1,,,,Public Awareness Measures,Disseminating information related to COVID-19 to the public that is reliable and factually accurate,,"",,,,,,"","","","","","","","","","","",,,,"",Yes,Haiti,"One or more countries, but not all countries",,,,,,All Residents (Citizen Residents + Foreign Residents),Other population not specifed above,,,Voluntary/Recommended but No Penalties,"National Government,Ministry/Department of Health,Other (Please specify in the text box)",69.3584184958076,65.9291399198403,62.4715946401962,91,https://tummgmt.eu.qualtrics.com/Q/File.php?F=F_33j6ofnj4RExNi9,https://www.humanitarianresponse.info/sites/www.humanitarianresponse.info/files/documents/files/20200626_-_flash_update_no._7_covid-19_-_ocha_haiti_-_fr.pdf,CoronaNet (original),,2021-04-14,2021-04-14T19:50:56Z,5429,92,641,,,,,,,,,83,30.2,2,0.199364259839058,-0.0487236380577087,14,20,11123176,8123218871.19841,1.48387978817684,16.2245414175183,22.8179923252784,2,2,0.525868432619621,-0.587844560161745,18756
R_3F3vWr8mUawkF6ZBf,8418441,new_entry,,,"","The Haitian Office of Citizen Protection (OPC), together with the UN, supports sensibilization measures by two Haitian NGOs for police officers and prison guards to prevent infections in prisons and to make them aware of prisoners' rights.",2020-06-26,2020-06-26,,The policy’s end date is unknown or unreported,Haiti,HTI,HT,National,1,,,,Public Awareness Measures,Disseminating information related to COVID-19 to the public that is reliable and factually accurate,,"",,,,,,"","","","","","","","","","","",,,,"",Yes,Haiti,"One or more countries, but not all countries",,,,,,All Residents (Citizen Residents + Foreign Residents),Essential workers (please note their occuption in the text entry where applicable),,,Voluntary/Recommended but No Penalties,"National Government,Other (Please specify in the text box)",69.3584184958076,65.9291399198403,62.4715946401962,91,https://tummgmt.eu.qualtrics.com/Q/File.php?F=F_egFxDL8U8p8txyV,https://www.humanitarianresponse.info/sites/www.humanitarianresponse.info/files/documents/files/20200626_-_flash_update_no._7_covid-19_-_ocha_haiti_-_fr.pdf,CoronaNet (original),,2021-04-14,2021-04-14T20:04:30Z,5429,92,641,,,,,,,,,83,30.2,2,0.199364259839058,-0.0487236380577087,14,20,11123176,8123218871.19841,1.48387978817684,16.2245414175183,22.8179923252784,2,2,0.525868432619621,-0.587844560161745,18756
R_2uW0v9YDSPP7DCKBv,8076479,new_entry,,,"","As announced on September 5, the Association of Haitian Journalists, in cooperation with UNICEF and UNESCO, will finance a series of journalistic projects covering different aspects of the pandemic in Haiti, to be completed between October 15 and November 15, 2020. Each project will be funded with 30,000 gourdes.",2020-09-05,2020-09-05,2020-11-15,The policy has a clear end date,Haiti,HTI,HT,National,1,,,,Public Awareness Measures,Gathering information related to COVID-19 from the public,,"",,,,,,"","","","","","","","","","","",,,,"",Yes,Haiti,"One or more countries, but not all countries",,,,,,All Residents (Citizen Residents + Foreign Residents),No special population targeted,,,Voluntary/Recommended but No Penalties,Other (Please specify in the text box),44.6441175515644,40.0218281203875,35.2572791978235,15,https://tummgmt.eu.qualtrics.com/Q/File.php?F=F_12KAYgsWRIsoeVa,https://www.haitilibre.com/article-31723-haiti-avis-concours-pour-le-financement-de-mini-enquetes-sur-le-covid-19-inscriptions-ouvertes.html,CoronaNet (original),,2020-09-11,2020-09-11T10:05:33Z,8326,212,5933,,,,,,,,,83,30.2,2,0.199364259839058,-0.0487236380577087,14,20,11123176,8123218871.19841,1.48387978817684,16.2245414175183,22.8179923252784,2,2,0.525868432619621,-0.587844560161745,18756
R_1K8EpXpAjGwwp2KEh,6226282,new_entry,,,"","On March 19, 2020, the President of Haiti announced a mandatory 14-day quarantine for anyone entering the country.",2020-03-19,2020-03-19,,The policy’s end date is unknown or unreported,Haiti,HTI,HT,National,0,,,,Quarantine,Other Quarantine,,"",,,,,,"","","","","","","","","","","",,,,"",No,All countries,All countries,,,,,,All Travelers (Citizen Travelers + Foreign Travelers ),No special population targeted,Inbound,All kinds of transport,Mandatory (Unspecified/Implied),National Government,57.8062021870627,54.0428134433679,49.9715778961035,86,https://tummgmt.eu.qualtrics.com/Q/File.php?F=F_RPsSVAMAwlEuu4h,https://www.gov.uk/foreign-travel-advice/haiti/staying-during-coronavirus,CoronaNet (original),,2021-04-14,2021-04-14T19:52:29Z,0,0,0,,,,,,,,,83,30.2,2,0.199364259839058,-0.0487236380577087,14,20,11123176,8123218871.19841,1.48387978817684,16.2245414175183,22.8179923252784,2,2,0.525868432619621,-0.587844560161745,18756
R_1JEJTxcbhatbBhCGc,3171989,new_entry,,,"","Haiti (Presidential Decree May 21, 2020):
Anyone who has been in close contact with a patient, suffering from the pandemic / epidemic virus, must automatically quarantine himself or go for screening within a period not exceeding forty-eight (48) hours or less, as specified by the Ministry of Public Health, and comply with all other measures to combat the pandemic / epidemic provided for by Order adopted by the Council of Ministers.

Original Text:
Toute personne ayant été en contact étroit avec un malade, atteint du virus de la pandémie / épidémie, doit se mettre automatiquement en quarantaine ou aller se faire dépister dans un délai ne dépassant pas quarante-huit (48) heures ou tout laps de temps plus court prévu par le Ministère chargé de la Santé Publique, et respecter toutes autres mesures de lutte contre la pandémie / épidémie prévues par Arrête pris en Conseil des Ministres",2020-05-21,2020-05-21,,The policy’s end date is unknown or unreported,Haiti,HTI,HT,National,0,,,,Quarantine,Self-Quarantine (i.e. quarantine at home),,"",,,,,,"","","","","","","","","","","",,,,"",Yes,Haiti,"One or more countries, but not all countries",,,,,,,Other population not specifed above,,,Mandatory (Unspecified/Implied),"National Government,Ministry/Department of Health",78.6850780648623,74.8985530938425,70.8731606489268,112,https://tummgmt.eu.qualtrics.com/Q/File.php?F=F_1jcV0GWkS1yKiqb,https://www.slideshare.net/Communication_HT/dcret-fixant-les-rgles-gnrales-de-protection-de-la-population-en-cas-de-pandmieepidmie-234488292 ; https://www.haitilibre.com/article-30843-haiti-flash-decret-presidentiel-fixant-les-regles-generales-de-protection-de-la-population-face-au-covid-19.html,CoronaNet (original),,2021-04-14,2021-04-14T19:20:56Z,596,22,21,,,,,,,,,83,30.2,2,0.199364259839058,-0.0487236380577087,14,20,11123176,8123218871.19841,1.48387978817684,16.2245414175183,22.8179923252784,2,2,0.525868432619621,-0.587844560161745,18756
R_vwybaR3HXiOBykpAl,1890719Al,new_entry,,,"","Haiti: Schools, universities, places of worship and industrial parks have to  be closed from March 19, 2020.",2020-03-19,2020-03-19,,The policy’s end date is unknown or unreported,Haiti,HTI,HT,National,1,,,,Restriction and Regulation of Businesses,All or unspecified businesses,,"",,,,,,"","","","","","","","","","","",,No information in the policy about whether the business is considered essential or non-essential,"This type of business  (""All or unspecified businesses"") is closed/locked down","",Yes,Haiti,"One or more countries, but not all countries",,,,,,All Residents (Citizen Residents + Foreign Residents),,,,Mandatory (Unspecified/Implied),National Government,57.8062021870627,54.0428134433679,49.9715778961035,86,https://tummgmt.eu.qualtrics.com/Q/File.php?F=F_1rCfQS9h9F5L9wO,https://www.reuters.com/article/us-health-coronavirus-haiti/haiti-declares-emergency-over-coronavirus-imposes-curfew-shuts-border-idUSKBN21700V,CoronaNet (original),,2021-10-22,2021-10-22T14:20:56Z,0,0,0,,,,,,,,,83,30.2,2,0.199364259839058,-0.0487236380577087,14,20,11123176,8123218871.19841,1.48387978817684,16.2245414175183,22.8179923252784,2,2,0.525868432619621,-0.587844560161745,18756
R_2Uhi1t5sCxxYnbgAl,1890719Al,update,End of Policy,,"","Schools, universities, places of worship and industrial parks would be closed UPDATE: Beginning on July 6, all factories will be allowed to reopen.",2020-03-19,2020-03-19,2020-07-06,The policy has a clear end date,Haiti,HTI,HT,National,1,,,,Restriction and Regulation of Businesses,All or unspecified businesses,,"",,,,,,"","","","","","","","","","","",,No information in the policy about whether the business is considered essential or non-essential,"This type of business  (""All or unspecified businesses"") is closed/locked down","",Yes,Haiti,"One or more countries, but not all countries",,,,,,All Residents (Citizen Residents + Foreign Residents),,,,Mandatory (Unspecified/Implied),National Government,57.8062021870627,54.0428134433679,49.9715778961035,86,https://tummgmt.eu.qualtrics.com/Q/File.php?F=F_1rCfQS9h9F5L9wO ; https://tummgmt.eu.qualtrics.com/Q/File.php?F=F_2SJOWP7S1EKXDBD,NA ; https://www.worldaware.com/covid-19-alert-haiti-continues-easing-internal-restrictions-early-july-curfew-effect-until-july-19,CoronaNet (original),,2020-08-24,2020-08-24T19:04:50Z,0,0,0,,,,,,,,,83,30.2,2,0.199364259839058,-0.0487236380577087,14,20,11123176,8123218871.19841,1.48387978817684,16.2245414175183,22.8179923252784,2,2,0.525868432619621,-0.587844560161745,18756
R_3fC99bPegcqNRynGf,1459884Gf,new_entry,,,"","The municipality of Pétionville (the de facto commercial centre of Port-au-Prince), together with the MSPP, the Haitian National Police (PNH) and the Justice Department, adopted new measures to combat the spread of COVID-19. These measures include a ban on sidewalk sales and a reduction in the opening hours of public markets where now only food vendors are allowed to operate.",2020-04-14,2020-04-14,,The policy’s end date is unknown or unreported,Haiti,HTI,HT,Municipal,1,Ouest,,Petionville,Restriction and Regulation of Businesses,Shopping Centers,,"",,,,,,"","","","","","","","","","","",,Non-Essential Businesses,"This type of business  (""Shopping Centers"") is allowed to open with conditions",Restriction of business hours (if applicable note the hours of business in text entry),Yes,Haiti,One or more cities within one or more countries,,Ouest,Petionville,,,All Residents (Citizen Residents + Foreign Residents),,,,Mandatory (Unspecified/Implied),"Ministry/Department of Health,Ministry/Department of Justice,Municipal Government,Police",78.124365638345,74.5195417005379,70.9744139558938,98,https://tummgmt.eu.qualtrics.com/Q/File.php?F=F_1hYautyJnvKtUI9,https://reliefweb.int/report/haiti/haiti-covid-19-flash-update-no-4-14-april-2020-1200-haiti-time,CoronaNet (original),,2021-04-14,2021-04-14T19:07:30Z,40,3,0,,,,,,,,,83,30.2,2,0.199364259839058,-0.0487236380577087,14,20,11123176,8123218871.19841,1.48387978817684,16.2245414175183,22.8179923252784,2,2,0.525868432619621,-0.587844560161745,18756
R_3fC99bPegcqNRynDo,1459884Do,new_entry,,,"","The municipality of Pétionville (the de facto commercial centre of Port-au-Prince), together with the MSPP, the Haitian National Police (PNH) and the Justice Department, adopted new measures to combat the spread of COVID-19. These measures include a ban on sidewalk sales and a reduction in the opening hours of public markets where now only food vendors are allowed to operate.",2020-04-14,2020-04-14,,The policy’s end date is unknown or unreported,Haiti,HTI,HT,Municipal,1,Ouest,,Petionville,Restriction and Regulation of Businesses,Other Businesses,,"",,,,,,"","","","","","","","","","","",,Non-Essential Businesses,"This type of business  (""Other Businesses"") is closed/locked down","",Yes,Haiti,One or more cities within one or more countries,,Ouest,Petionville,,,All Residents (Citizen Residents + Foreign Residents),,,,Mandatory (Unspecified/Implied),"Ministry/Department of Health,Ministry/Department of Justice,Municipal Government,Police",78.124365638345,74.5195417005379,70.9744139558938,98,https://tummgmt.eu.qualtrics.com/Q/File.php?F=F_1hYautyJnvKtUI9,https://reliefweb.int/report/haiti/haiti-covid-19-flash-update-no-4-14-april-2020-1200-haiti-time,CoronaNet (original),,2021-04-14,2021-04-14T19:07:30Z,40,3,0,,,,,,,,,83,30.2,2,0.199364259839058,-0.0487236380577087,14,20,11123176,8123218871.19841,1.48387978817684,16.2245414175183,22.8179923252784,2,2,0.525868432619621,-0.587844560161745,18756
R_2ZKs34X1EIpsoZjAl,1890719Al,update,End of Policy,,"","Haiti: Schools, universities, places of worship and industrial parks have been closed from March 19, 2020. 
Haiti will reopen its key textile industry next week, Prime Minister Joseph Jouthe said on Wednesday (Apr 15), the industry would start running at 30 per cent of its capacity to ensure social distancing in the workplace. UPDATE: From March 19, all industrial facilities had been closed. On April 15, it was announced that the textile industry would be allowed to reopen beginning on April 20 at 30% capacity to ensure social distancing.",2020-04-15,2020-04-15,,The policy’s end date is unknown or unreported,Haiti,HTI,HT,National,1,,,,Restriction and Regulation of Businesses,All or unspecified businesses,,"",,,,,,"","","","","","","","","","","",,No information in the policy about whether the business is considered essential or non-essential,"This type of business  (""All or unspecified businesses"") is closed/locked down","",Yes,Haiti,"One or more countries, but not all countries",,,,,,All Residents (Citizen Residents + Foreign Residents),,,,Mandatory (Unspecified/Implied),National Government,78.4771155160223,74.9570171972027,70.9406628123812,108,https://tummgmt.eu.qualtrics.com/Q/File.php?F=F_1rCfQS9h9F5L9wO ; https://tummgmt.eu.qualtrics.com/Q/File.php?F=F_Dw8iWFS13QHdqkF,https://www.reuters.com/article/us-health-coronavirus-haiti/haiti-declares-emergency-over-coronavirus-imposes-curfew-shuts-border-idUSKBN21700V,CoronaNet (original),,2021-10-22,2021-10-22T14:22:13Z,40,3,0,,,,,,,,,83,30.2,2,0.199364259839058,-0.0487236380577087,14,20,11123176,8123218871.19841,1.48387978817684,16.2245414175183,22.8179923252784,2,2,0.525868432619621,-0.587844560161745,18756
R_1IWNeUochX0QxWFAj,1457377Aj,new_entry,,,"","On 25 March, the Prime Minister of Haiti announced additional response and mitigation measures (following the 19 March declaration of Health Emergency) for the public and private sectors, as well as for the population. Public and private institutions will continue to operate on a 50 per cent staff rotation basis implementing all mandated hygiene measures and instructions.",2020-03-25,2020-03-25,,The policy’s end date is unknown or unreported,Haiti,HTI,HT,National,1,,,,Restriction and Regulation of Government Services,All government services regulated,,"",,,,,,"","","","","","","","","","","",,No information in the policy about whether the government service is considered essential or non-essential,This service provided by the government is provided with no conditions attached,"",,Haiti,,,,,,,All Residents (Citizen Residents + Foreign Residents),Other workers where the distinction between essential or non-essential is not explictely made (please note the occupation in the text entry),,,Mandatory (Unspecified/Implied),National Government,68.7086409245063,64.7456803681583,61.0186745207143,90,https://tummgmt.eu.qualtrics.com/Q/File.php?F=F_31Wq0XiqcPMBC3v,https://www.humanitarianresponse.info/sites/www.humanitarianresponse.info/files/documents/files/flash_update_no._2_covid-19_-_ocha_haiti_-_en.pdf,CoronaNet (original),,2021-04-14,2021-04-14T19:04:59Z,7,0,0,,,,,,,,,83,30.2,2,0.199364259839058,-0.0487236380577087,14,20,11123176,8123218871.19841,1.48387978817684,16.2245414175183,22.8179923252784,2,2,0.525868432619621,-0.587844560161745,18756
R_xabvU2LiDhYywDLCo,3475991Co,new_entry,,,"","Haiti: As of March 31, 2020, the Minister of Justice and Public Security (MJSP) and the Superior Council of the Judicial Power (CSPJ) foresee measures to postpone procedures and legal deadlines in the judicial system. Eligible detainees are planned to be released (visits for the rest will be prohibited) and prolonged preventive detention will be avoided.",2020-03-31,2020-03-31,,The policy’s end date is unknown or unreported,Haiti,HTI,HT,National,1,,,,Restriction and Regulation of Government Services,Issuing of permits/certificates and/or processing of government documents,,"",,,,,,"","","","","","","","","","","",,No information in the policy about whether the government service is considered essential or non-essential,This service is no longer provided by the government,"",,Haiti,,,,,,,All Residents (Citizen Residents + Foreign Residents),"Prisoners,Other population not specifed above",,,Mandatory (Unspecified/Implied),"National Government,Ministry/Department of Justice,Other (Please specify in the text box)",69.5227564383042,65.9594687429365,62.5038491680537,71,https://tummgmt.eu.qualtrics.com/Q/File.php?F=F_1lrvK0OLzHMQUYn,https://www.humanitarianresponse.info/sites/www.humanitarianresponse.info/files/documents/files/flash_update_no._2_covid-19_-_ocha_haiti_-_en.pdf,CoronaNet (original),,2021-04-14,2021-04-14T19:31:27Z,15,0,1,,,,,,,,,83,30.2,2,0.199364259839058,-0.0487236380577087,14,20,11123176,8123218871.19841,1.48387978817684,16.2245414175183,22.8179923252784,2,2,0.525868432619621,-0.587844560161745,18756
R_xabvU2LiDhYywDLEx,3475991Ex,new_entry,,,"","Haiti: As of March 31, 2020, the Minister of Justice and Public Security (MJSP) and the Superior Council of the Judicial Power (CSPJ) foresee measures to postpone procedures and legal deadlines in the judicial system. Eligible detainees are planned to be released (visits for the rest will be prohibited) and prolonged preventive detention will be avoided.",2020-03-31,2020-03-31,,The policy’s end date is unknown or unreported,Haiti,HTI,HT,National,1,,,,Restriction and Regulation of Government Services,Public courts,,"",,,,,,"","","","","","","","","","","",,No information in the policy about whether the government service is considered essential or non-essential,This service is no longer provided by the government,"",,Haiti,,,,,,,All Residents (Citizen Residents + Foreign Residents),"Prisoners,Other population not specifed above",,,Mandatory (Unspecified/Implied),"National Government,Ministry/Department of Justice,Other (Please specify in the text box)",69.5227564383042,65.9594687429365,62.5038491680537,71,https://tummgmt.eu.qualtrics.com/Q/File.php?F=F_1lrvK0OLzHMQUYn,https://www.humanitarianresponse.info/sites/www.humanitarianresponse.info/files/documents/files/flash_update_no._2_covid-19_-_ocha_haiti_-_en.pdf,CoronaNet (original),,2021-04-14,2021-04-14T19:31:27Z,15,0,1,,,,,,,,,83,30.2,2,0.199364259839058,-0.0487236380577087,14,20,11123176,8123218871.19841,1.48387978817684,16.2245414175183,22.8179923252784,2,2,0.525868432619621,-0.587844560161745,18756
R_xabvU2LiDhYywDLEf,3475991Ef,new_entry,,,"","Haiti: As of March 31, 2020, the Minister of Justice and Public Security (MJSP) and the Superior Council of the Judicial Power (CSPJ) foresee measures to postpone procedures and legal deadlines in the judicial system. Eligible detainees are planned to be released (visits for the rest will be prohibited) and prolonged preventive detention will be avoided.",2020-03-31,2020-03-31,,The policy’s end date is unknown or unreported,Haiti,HTI,HT,National,1,,,,Restriction and Regulation of Government Services,Other public facilities,,"",,,,,,"","","","","","","","","","","",,No information in the policy about whether the government service is considered essential or non-essential,This service provided by the government is provided with conditions attached,"Restriction  of number of people allowed to access this service,Other conditions not specified above",,Haiti,,,,,,,All Residents (Citizen Residents + Foreign Residents),"Prisoners,Other population not specifed above",,,Mandatory (Unspecified/Implied),"National Government,Ministry/Department of Justice,Other (Please specify in the text box)",69.5227564383042,65.9594687429365,62.5038491680537,71,https://tummgmt.eu.qualtrics.com/Q/File.php?F=F_1lrvK0OLzHMQUYn,https://www.humanitarianresponse.info/sites/www.humanitarianresponse.info/files/documents/files/flash_update_no._2_covid-19_-_ocha_haiti_-_en.pdf,CoronaNet (original),,2021-04-14,2021-04-14T19:31:27Z,15,0,1,,,,,,,,,83,30.2,2,0.199364259839058,-0.0487236380577087,14,20,11123176,8123218871.19841,1.48387978817684,16.2245414175183,22.8179923252784,2,2,0.525868432619621,-0.587844560161745,18756
R_3G26o3JLGgLz7pNNA,4850802,new_entry,,,"","On May 21 as infections rose, Haitian president Moïse announced sweeping new measures to prevent the spread of the virus. These prohibited any public gathering of more than five people, adding that those in violation would be fined 3,000 Haitian Gourdes (about $27) or possibly face a five-day prison sentence or a 15 days of community service.",2020-05-21,2020-05-21,,The policy’s end date is unknown or unreported,Haiti,HTI,HT,National,1,,,,Restrictions of Mass Gatherings,,,"",,,,,,"","","","","","","","","","","",,,,"",,Haiti,,,,,,,All Residents (Citizen Residents + Foreign Residents),No special population targeted,,,"Mandatory with Legal Penalties (Jail Time),Mandatory with Fines",National Government,78.6850780648623,74.8985530938425,70.8731606489268,112,https://tummgmt.eu.qualtrics.com/Q/File.php?F=F_5nVihIDD2nXNfJ7,https://edition.cnn.com/2020/06/10/americas/haiti-coronavirus-harsh-measures-intl/index.html,CoronaNet (original),,2021-04-14,2021-04-14T19:46:58Z,596,22,21,,,,,,,,,83,30.2,2,0.199364259839058,-0.0487236380577087,14,20,11123176,8123218871.19841,1.48387978817684,16.2245414175183,22.8179923252784,2,2,0.525868432619621,-0.587844560161745,18756
R_3qk6Roc1v2NgU4lHj,3211424,new_entry,,,"","In a press statement published on 30 April, the Prime Minister of Haiti announced the mandatory wearing of face masks in all public spaces as of 11 May. This measure particularly applies to employees in their workplace, drivers, passengers of public transportation, people circulating in any public space, as well as in hospitals, shops, banks and any other private or public institutions.",2020-04-30,2020-05-11,,The policy’s end date is unknown or unreported,Haiti,HTI,HT,National,1,,,,Social Distancing,Wearing Masks in all public spaces/everywhere,,"",,,,,,"","","","","","","","","","","",,,,"",,Haiti,,,,,,,All Residents (Citizen Residents + Foreign Residents),,,,Mandatory (Unspecified/Implied),National Government,78.6914568795973,75.0027719658436,71.3777975015344,106,https://tummgmt.eu.qualtrics.com/Q/File.php?F=F_3fqLKSIB3Hm37bQ,https://reliefweb.int/report/haiti/haiti-covid-19-flash-update-no-6-21-may-2020-800-haiti-time,CoronaNet (original),,2021-04-14,2021-04-14T19:24:39Z,151,12,17,,,,,,,,,83,30.2,2,0.199364259839058,-0.0487236380577087,14,20,11123176,8123218871.19841,1.48387978817684,16.2245414175183,22.8179923252784,2,2,0.525868432619621,-0.587844560161745,18756
