record_id,policy_id,entry_type,correct_type,update_type,update_level,description,date_announced,date_start,date_end,country,ISO_A3,ISO_A2,init_country_level,domestic_policy,province,ISO_L2,city,type,type_sub_cat,type_text,institution_status,target_country,target_geog_level,target_region,target_province,target_city,target_other,target_who_what,target_direction,travel_mechanism,compliance,enforcer,dist_index_high_est,dist_index_med_est,dist_index_low_est,dist_index_country_rank,link,date_updated,recorded_date,confirmed_cases,deaths,recovered,new_tests,total_tests,total_tests_per_thousand,tests_units,total_vaccinations,daily_vaccinations,total_vaccinations_per_hundred,daily_vaccinations_per_million,Rank_FP,Score_FP,state_IDC,muni_IDC,dispersive_IDC,constraining_IDC,inclusive_IDC,sfi_SFI,ti_cpi_TI,pop_WDI_PW,gdp_WDI_PW,gdppc_WDI_PW,growth_WDI_PW,lnpop_WDI_PW,lngdp_WDI_PW,lngdppc_WDI_PW,disap_FA,polpris_FA,latentmean_FA,transparencyindex_HR,EmigrantStock_EMS,v2x_polyarchy_VDEM
R_1nVkn9M5sKYwzKVDy,9781130Dy,new_entry,correction,,,President Nana Akufo-Addo has ordered the closure of all schools and universities in Ghana as his administration moves to stem the spread of the coronavirus pandemic.,2020-03-15,2020-03-15,,Ghana,GHA,GH,National,1,,,,Closure and Regulation of Schools,Preschool or childcare facilities (generally for children ages 5 and below),,Preschool or childcare facilities closed/locked down,Ghana,,,,,,All Residents (Citizen Residents + Foreign Residents),,,Mandatory with Legal Penalties (Jail Time),National Government,,,,,https://www.myjoyonline.com/news/national/livestream-akufo-addo-provides-latest-updates-on-coronavirus/,2020-04-28,2020-04-28T10:26:29Z,6,0,0,,,,,,,,,26,1795,1,,-0.06289643,0.992205441,-0.20141026,11,43,27409893,46504846805,1696.64459,3.917221644,17.1264145,24.5628223,7.43640781,2,1,0.60629946,-0.0477043,719236,0.68225712
R_1nVkn9M5sKYwzKVEa,9781130Ea,new_entry,correction,,,President Nana Akufo-Addo has ordered the closure of all schools and universities in Ghana as his administration moves to stem the spread of the coronavirus pandemic.,2020-03-15,2020-03-15,,Ghana,GHA,GH,National,1,,,,Closure and Regulation of Schools,Primary Schools (generally for children ages 10 and below),,Primary Schools closed/locked down,Ghana,,,,,,All Residents (Citizen Residents + Foreign Residents),,,Mandatory with Legal Penalties (Jail Time),National Government,,,,,https://www.myjoyonline.com/news/national/livestream-akufo-addo-provides-latest-updates-on-coronavirus/,2020-04-28,2020-04-28T10:26:29Z,6,0,0,,,,,,,,,26,1795,1,,-0.06289643,0.992205441,-0.20141026,11,43,27409893,46504846805,1696.64459,3.917221644,17.1264145,24.5628223,7.43640781,2,1,0.60629946,-0.0477043,719236,0.68225712
R_1nVkn9M5sKYwzKVFj,9781130Fj,new_entry,correction,,,President Nana Akufo-Addo has ordered the closure of all schools and universities in Ghana as his administration moves to stem the spread of the coronavirus pandemic.,2020-03-15,2020-03-15,,Ghana,GHA,GH,National,1,,,,Closure and Regulation of Schools,Secondary Schools (generally for children ages 10 to 18),,Secondary Schools closed/locked down,Ghana,,,,,,All Residents (Citizen Residents + Foreign Residents),,,Mandatory with Legal Penalties (Jail Time),National Government,,,,,https://www.myjoyonline.com/news/national/livestream-akufo-addo-provides-latest-updates-on-coronavirus/,2020-04-28,2020-04-28T10:26:29Z,6,0,0,,,,,,,,,26,1795,1,,-0.06289643,0.992205441,-0.20141026,11,43,27409893,46504846805,1696.64459,3.917221644,17.1264145,24.5628223,7.43640781,2,1,0.60629946,-0.0477043,719236,0.68225712
R_1nVkn9M5sKYwzKVCe,9781130Ce,new_entry,correction,,,President Nana Akufo-Addo has ordered the closure of all schools and universities in Ghana as his administration moves to stem the spread of the coronavirus pandemic.,2020-03-15,2020-03-15,,Ghana,GHA,GH,National,1,,,,Closure and Regulation of Schools,Higher education institutions (i.e. degree granting institutions),,Higher education institutions closed/locked down,Ghana,,,,,,All Residents (Citizen Residents + Foreign Residents),,,Mandatory with Legal Penalties (Jail Time),National Government,,,,,https://www.myjoyonline.com/news/national/livestream-akufo-addo-provides-latest-updates-on-coronavirus/,2020-04-28,2020-04-28T10:26:29Z,6,0,0,,,,,,,,,26,1795,1,,-0.06289643,0.992205441,-0.20141026,11,43,27409893,46504846805,1696.64459,3.917221644,17.1264145,24.5628223,7.43640781,2,1,0.60629946,-0.0477043,719236,0.68225712
R_3ndWfUPRWQIjrDVFj,7361873Fj,new_entry,original,,,"President Akufo-Addo has announced the reopening of schools for final year students at all levels of education on Monday, June 15, 2020.",2020-05-31,2020-06-15,,Ghana,GHA,GH,National,1,,,,Closure and Regulation of Schools,Secondary Schools (generally for children ages 10 to 18),,Secondary Schools allowed to open with conditions,Ghana,"One or more countries, but not all countries",,,,,All Residents (Citizen Residents + Foreign Residents),,,Mandatory (Unspecified/Implied),National Government,,,,,https://www.myjoyonline.com/news/education/final-year-students-to-resume-classes-towards-exams-from-june-15/,2020-06-11,2020-06-11T19:37:42Z,11964,54,4258,2039,258010,8.303,,,,,,26,1795,1,,-0.06289643,0.992205441,-0.20141026,11,43,27409893,46504846805,1696.64459,3.917221644,17.1264145,24.5628223,7.43640781,2,1,0.60629946,-0.0477043,719236,0.68225712
R_3ndWfUPRWQIjrDVCe,7361873Ce,new_entry,original,,,"President Akufo-Addo has announced the reopening of schools for final year students at all levels of education on Monday, June 15, 2020.",2020-05-31,2020-06-15,,Ghana,GHA,GH,National,1,,,,Closure and Regulation of Schools,Higher education institutions (i.e. degree granting institutions),,Higher education institutions allowed to open with conditions,Ghana,"One or more countries, but not all countries",,,,,All Residents (Citizen Residents + Foreign Residents),,,Mandatory (Unspecified/Implied),National Government,,,,,https://www.myjoyonline.com/news/education/final-year-students-to-resume-classes-towards-exams-from-june-15/,2020-06-11,2020-06-11T19:37:42Z,11964,54,4258,2039,258010,8.303,,,,,,26,1795,1,,-0.06289643,0.992205441,-0.20141026,11,43,27409893,46504846805,1696.64459,3.917221644,17.1264145,24.5628223,7.43640781,2,1,0.60629946,-0.0477043,719236,0.68225712
R_zeFn1Tlos1dOLvjFm,3958590,new_entry,original,,,"Ghana was shipped 600,000 doses of the AstraZeneca/Oxford  COVID-19 vaccine from the COVAX facility on 02/23/2021. Vaccines will be administered to 43 different districts within Ghana based on set group types within the nation.",2021-02-23,2021-02-24,,Ghana,GHA,GH,National,1,,,,COVID-19 Vaccines,Shipping of the vaccine,,,Ghana,"One or more countries, but not all countries",,,,,All Residents (Citizen Residents + Foreign Residents),,,Voluntary/Recommended but No Penalties,"National Government,New (COVID-19 specific) Task Force",,,,,https://documentcloud.adobe.com/link/track?uri=urn:aaid:scds:US:a39b6de7-72c5-4910-9df6-b68f021c9c0e ; https://documentcloud.adobe.com/link/track?uri=urn:aaid:scds:US:24336193-2600-4147-8d1b-0dd1178ddf51 ; https://documentcloud.adobe.com/link/track?uri=urn:aaid:scds:US:89efaa1f-1dde-4be4-910b-4a3eccc3ea49,2021-03-25,2021-03-25T22:10:28Z,81245,584,74047,3970,893602,28.758,,,,,,26,1795,1,,-0.06289643,0.992205441,-0.20141026,11,43,27409893,46504846805,1696.64459,3.917221644,17.1264145,24.5628223,7.43640781,2,1,0.60629946,-0.0477043,719236,0.68225712
R_vUgPXwZ8G3B568xAj,2453858,new_entry,original,,,"From March 2, 2021, to March 9, 2021, Ghana began its distribution of the AstraZeneca (Covishield) vaccine to the three most affected regions: Greater Accra, Ashanti, and Central Ghana. It prioritized health care workers, front-line workers, adults over 60, and persons with underlying co-morbidities.",2021-03-02,2021-03-02,2021-04-09,Ghana,GHA,GH,National,1,,,,COVID-19 Vaccines,Administering of the vaccine (i.e. giving people the vaccine shot),,,Ghana,"One or more countries, but not all countries",,,,,All Residents (Citizen Residents + Foreign Residents),,,Mandatory (Unspecified/Implied),"National Government,Ministry/Department of Health",,,,,https://documentcloud.adobe.com/link/track?uri=urn:aaid:scds:US:d5efed8b-1cf4-42bd-bbf6-de575f54a2ea,2021-04-14,2021-04-14T16:20:56Z,84023,607,77972,4024,917581,29.53,,,28893,,930,26,1795,1,,-0.06289643,0.992205441,-0.20141026,11,43,27409893,46504846805,1696.64459,3.917221644,17.1264145,24.5628223,7.43640781,2,1,0.60629946,-0.0477043,719236,0.68225712
R_2ug9WSj2g4m8c6JAj,8059643,new_entry,original,,,"On March 21, the second round of vaccine distribution was on its way in Ghana. The aim was to target all healthcare workers within all regions of Ghana.",2021-03-21,2021-03-21,2021-04-04,Ghana,GHA,GH,National,1,,,,COVID-19 Vaccines,Administering of the vaccine (i.e. giving people the vaccine shot),,,Ghana,"One or more countries, but not all countries",,,,,All Residents (Citizen Residents + Foreign Residents),,,Mandatory (Unspecified/Implied),"National Government,Ministry/Department of Health",,,,,https://documentcloud.adobe.com/link/track?uri=urn:aaid:scds:US:6bfc0bef-2c66-4130-92f4-aff7988e7ff4,2021-04-14,2021-04-14T16:30:35Z,89682,725,85761,3664,979476,31.522,,,14286,,460,26,1795,1,,-0.06289643,0.992205441,-0.20141026,11,43,27409893,46504846805,1696.64459,3.917221644,17.1264145,24.5628223,7.43640781,2,1,0.60629946,-0.0477043,719236,0.68225712
R_22skTh9vwMdxKvoNA,5636453,new_entry,correction,,,"""The government of Ghana has imposed a temporary ban on travelers from countries that have recorded 200 or more cases of coronavirus. This ban is however not applicable to Ghanaian citizens or foreigners with valid Ghanaian resident permits.
The government also instituted a 14 day mandatory quarantine for those allowed to enter the country""",2020-03-15,2020-03-15,,Ghana,GHA,GH,National,1,,,,External Border Restrictions,,,,"China,Iraq,Italy,South Korea","One or more countries, but not all countries",,,,,All Residents (Citizen Residents + Foreign Residents),Inbound,,Mandatory with Exceptions (Please list exceptions in the text entry),National Government,,,,,https://www.ghanaweb.com/GhanaHomePage/NewsArchive/Ghana-imposes-travel-ban-on-countries-with-200-or-more-cases-of-coronavirus-895048,2020-04-26,2020-04-26T15:26:16Z,6,0,0,,,,,,,,,26,1795,1,,-0.06289643,0.992205441,-0.20141026,11,43,27409893,46504846805,1696.64459,3.917221644,17.1264145,24.5628223,7.43640781,2,1,0.60629946,-0.0477043,719236,0.68225712
R_6hDwCrujn4fabIZNA,2226876,new_entry,correction,,,President of Ghana orders closure of all borders of the country,2020-03-22,2020-03-22,,Ghana,GHA,GH,National,1,,,,External Border Restrictions,,,,All countries,All countries,,,,,All Residents (Citizen Residents + Foreign Residents),Inbound/Outbound,All kinds of transport (all below except visa restrictions),Mandatory (Unspecified/Implied),National Government,,,,,https://www.ghanaweb.com/GhanaHomePage/NewsArchive/Coronavirus-Akufo-Addo-shuts-down-Ghana-s-borders-from-Sunday-900712,2020-06-02,2020-06-02T11:51:16Z,23,1,0,,315,0.01,,,,,,26,1795,1,,-0.06289643,0.992205441,-0.20141026,11,43,27409893,46504846805,1696.64459,3.917221644,17.1264145,24.5628223,7.43640781,2,1,0.60629946,-0.0477043,719236,0.68225712
R_2tA4C6vKPDxAC5SDc,390973,new_entry,correction,,,"Borders of country closed till further notice.  However, given that there are Ghana residents stranded abroad, special dispensation is going to be given for their evacuation back to Ghana, where they will be subjected to the mandatory quarantine and safety protocols.",2020-05-11,2020-03-22,,Ghana,GHA,GH,National,1,,,,External Border Restrictions,Other External Border Restriction,,,All countries,All countries,,,,,All Residents (Citizen Residents + Foreign Residents),Inbound/Outbound,All kinds of transport,Mandatory (Unspecified/Implied),National Government,,,,,https://www.graphic.com.gh/news/general-news/covid-19-restrictions-in-ghana-borders-still-closed-for-human-traffic.html,2020-07-25,2020-07-25T01:28:42Z,23,1,0,,315,0.01,,,,,,26,1795,1,,-0.06289643,0.992205441,-0.20141026,11,43,27409893,46504846805,1696.64459,3.917221644,17.1264145,24.5628223,7.43640781,2,1,0.60629946,-0.0477043,719236,0.68225712
R_1cSNW194mdLTfffNA,2226876,update,original,,,"President of Ghana extends closure of all borders of the country to two more weeks UPDATE: The closure of all borders of Ghana which was meant to last for 2 weeks has been extended for two more weeks beginning April 5, 2020.",2020-04-04,2020-04-05,,Ghana,GHA,GH,National,0,,,,External Border Restrictions,,,,All countries,All countries,,,,,All (Travelers + Residents),Inbound,All kinds of transport,Mandatory (Unspecified/Implied),National Government,,,,,https://citinewsroom.com/2020/04/akufo-addo-extends-closure-of-ghanas-borders-by-two-weeks/,2020-04-05,2020-04-05T14:05:07Z,214,5,31,,,,,,,,,26,1795,1,,-0.06289643,0.992205441,-0.20141026,11,43,27409893,46504846805,1696.64459,3.917221644,17.1264145,24.5628223,7.43640781,2,1,0.60629946,-0.0477043,719236,0.68225712
R_2YmNdf1WnxCKHkrNA,2226876,update,original,,Strengthening,President Nana Addo Dankwa Akufo-Addo has extended the closure of Ghana’s borders for two more weeks. UPDATE: President Nana Addo Dankwa Akufo-Addo has extended the closure of Ghana’s borders for two more weeks.,2020-04-19,2020-04-20,,Ghana,GHA,GH,National,1,,,,External Border Restrictions,,,,All countries,All countries,,,,,All Residents (Citizen Residents + Foreign Residents),Inbound,All kinds of transport,Mandatory (Unspecified/Implied),National Government,,,,,https://newsghana.com.gh/covid-19-akufo-addo-extends-border-closure-by-two-weeks/,2020-04-21,2020-04-21T14:59:12Z,1042,9,99,,,,,,,,,26,1795,1,,-0.06289643,0.992205441,-0.20141026,11,43,27409893,46504846805,1696.64459,3.917221644,17.1264145,24.5628223,7.43640781,2,1,0.60629946,-0.0477043,719236,0.68225712
R_2v5IhteWPqZJPuCNA,2226876,update,original,Change of Policy,Strengthening,President Nana Addo Dankwa Akufo-Addo has extended the closure of the country’s borders by one month. UPDATE: President Nana Addo Dankwa Akufo-Addo has extended the closure of the country’s borders by one month.,2020-05-01,2020-05-04,2020-05-31,Ghana,GHA,GH,National,1,,,,External Border Restrictions,,,,All countries,All countries,,,,,All Residents (Citizen Residents + Foreign Residents),Inbound,All kinds of transport,Mandatory (Unspecified/Implied),National Government,,,,,https://citinewsroom.com/2020/05/akufo-addo-extends-closure-of-ghanas-borders-by-one-month/,2020-05-05,2020-05-05T19:58:53Z,2719,18,294,,135902,4.374,,,,,,26,1795,1,,-0.06289643,0.992205441,-0.20141026,11,43,27409893,46504846805,1696.64459,3.917221644,17.1264145,24.5628223,7.43640781,2,1,0.60629946,-0.0477043,719236,0.68225712
R_1gApAHOnP0iI0c9Dc,390973,update,original,End of Policy,,"Borders of country closed till further notice.  However, given that there are Ghana residents stranded abroad, special dispensation is going to be given for their evacuation back to Ghana, where they will be subjected to the mandatory quarantine and safety protocols.


Ghana will reopen air borders to international travel as of September 1 after closing them in March to limit the spread of the coronavirus, President Nana Akufo-Addo said in a speech to the nation on Sunday UPDATE: Ghana will reopen air borders to international travel as of September 1 after closing them in March to limit the spread of the coronavirus, President Nana Akufo-Addo said in a speech to the nation on Sunday",2020-08-30,2020-09-01,,Ghana,GHA,GH,National,1,,,,External Border Restrictions,Other External Border Restriction,,,All countries,All countries,,,,,All Residents (Citizen Residents + Foreign Residents),Inbound/Outbound,All kinds of transport,Mandatory (Unspecified/Implied),National Government,,,,,NA ; http://www.presidency.gov.gh/index.php/briefing-room/speeches/1674-update-no-16-measures-taken-to-combat-spread-of-coronavirus,2020-09-01,2020-09-01T01:43:24Z,44460,276,43121,555,446208,14.36,,,,,,26,1795,1,,-0.06289643,0.992205441,-0.20141026,11,43,27409893,46504846805,1696.64459,3.917221644,17.1264145,24.5628223,7.43640781,2,1,0.60629946,-0.0477043,719236,0.68225712
R_2Qm0p29T40mJd6UNA,3420243,new_entry,original,,,"the Ministry of Health (MoH) has extended enhanced passenger screening at the Kotoka International Airport (KIA) to all international arrivals.
The filling of health declaration forms by only passengers with connections from China, which began on January 24, 2020, now covers all arrivals at the KIA.
",2020-03-20,2020-01-24,,Ghana,GHA,GH,National,0,,,,Health Monitoring,,,,All countries,All countries,,,,,All (Travelers + Residents),Inbound,Flights,Mandatory with Fines,"National Government,Ministry/Department of Health",,,,,https://www.ghanaweb.com/GhanaHomePage/NewsArchive/Health-Ministry-widens-coronavirus-screening-at-Kotoka-airport-850936,2020-03-29,2020-03-29T14:46:17Z,0,0,0,,,,,,,,,26,1795,1,,-0.06289643,0.992205441,-0.20141026,11,43,27409893,46504846805,1696.64459,3.917221644,17.1264145,24.5628223,7.43640781,2,1,0.60629946,-0.0477043,719236,0.68225712
R_1roeO97K4twyPrWNA,4616938,new_entry,correction,,,Contacting tracing being performed by Ministry of health in Ghana to identify potential coronavirus cases,2020-03-22,2020-03-22,,Ghana,GHA,GH,National,1,,,,Health Monitoring,,,,Ghana,One or more provinces within one or more countries,,All regions in the country,,,All Residents (Citizen Residents + Foreign Residents),Inbound,Not Applicable,Mandatory (Unspecified/Implied),"National Government,Ministry/Department of Health",,,,,https://www.youtube.com/watch?v=m3VpF0XBTo0 ; https://www.myjoyonline.com/news/national/coronavirus-update-contact-tracing-ongoing-ghs-boss/,2020-06-02,2020-06-02T12:14:05Z,23,1,0,,315,0.01,,,,,,26,1795,1,,-0.06289643,0.992205441,-0.20141026,11,43,27409893,46504846805,1696.64459,3.917221644,17.1264145,24.5628223,7.43640781,2,1,0.60629946,-0.0477043,719236,0.68225712
R_1QAwlMUlhe0vFFWNA,897445,new_entry,original,,,A directive from the Ministry of Health has made the wearing of face masks mandatory for every Ghanaian across the country.,2020-04-25,2020-04-25,,Ghana,GHA,GH,National,1,,,,Health Monitoring,,,,Ghana,"One or more countries, but not all countries",,,,,All Residents (Citizen Residents + Foreign Residents),,Not Applicable,Mandatory (Unspecified/Implied),"National Government,Ministry/Department of Health",,,,,https://www.pulse.com.gh/news/local/covid-19-govt-makes-wearing-of-face-masks-mandatory-nationwide/bl0yzzz,2020-04-28,2020-04-28T14:06:18Z,1279,10,134,,100622,3.238,,,,,,26,1795,1,,-0.06289643,0.992205441,-0.20141026,11,43,27409893,46504846805,1696.64459,3.917221644,17.1264145,24.5628223,7.43640781,2,1,0.60629946,-0.0477043,719236,0.68225712
R_6hwFDaqZDqK452xNA,8526531,new_entry,original,,,Gov't makes wearing of face masks mandatory nationwide,2020-04-25,2020-04-25,,Ghana,GHA,GH,National,1,,,,Health Monitoring,,,,Ghana,"One or more countries, but not all countries",,,,,All Residents (Citizen Residents + Foreign Residents),,,Mandatory (Unspecified/Implied),National Government,,,,,https://www.pulse.com.gh/news/local/covid-19-govt-makes-wearing-of-face-masks-mandatory-nationwide/bl0yzzz,2020-10-06,2020-10-06T11:38:59Z,1279,10,134,,100622,3.238,,,,,,26,1795,1,,-0.06289643,0.992205441,-0.20141026,11,43,27409893,46504846805,1696.64459,3.917221644,17.1264145,24.5628223,7.43640781,2,1,0.60629946,-0.0477043,719236,0.68225712
R_1gAe325jTu9zKWcNA,9516580,new_entry,original,,,"ny passenger arriving in Ghana must be in possession of a negative COVID-19 PCR test result from an accredited laboratory in the country of origin. The test should have been done not more than seventy-two (72) hours before the scheduled departure from the country of origin. All airlines have been instructed to ensure compliance with this directive for all passengers wishing to travel to Ghana, and those airlines who fail in this regard will be duly sanctioned;",2020-08-30,2020-09-01,,Ghana,GHA,GH,National,1,,,,Health Monitoring,,,,Ghana,"One or more countries, but not all countries",,,,,All Residents (Citizen Residents + Foreign Residents),,,Mandatory (Unspecified/Implied),National Government,,,,,http://www.presidency.gov.gh/index.php/briefing-room/speeches/1674-update-no-16-measures-taken-to-combat-spread-of-coronavirus,2020-09-02,2020-09-02T16:29:33Z,44460,276,43121,555,446208,14.36,,,,,,26,1795,1,,-0.06289643,0.992205441,-0.20141026,11,43,27409893,46504846805,1696.64459,3.917221644,17.1264145,24.5628223,7.43640781,2,1,0.60629946,-0.0477043,719236,0.68225712
R_1FbniLD94m3gVyaFt,5812511,new_entry,original,,,"Minister of health of Ghana, Kwaku Agyman Manu states that Ghana is preparing a 100 bed  capacity facility in a remote area to serve as a centre for quarantining persons with suspected coronavirus infection.",2020-03-04,2020-03-04,,Ghana,GHA,GH,National,1,,,,Health Resources,Temporary Quarantine Centers,,,Ghana,One or more provinces within one or more countries,,Oti Region;Bono East Region;Ahafo Region; Bono Region; North East Region; Savannah Region; Western North Region; Western Region; Volta Region; Greater Accra Region; Eastern Region;Ashanti Region; Central Region;Northern Region; Upper East Region;Upper West Region,,,All Residents (Citizen Residents + Foreign Residents),Inbound,Not Applicable,Voluntary/Recommended but No Penalties,Ministry/Department of Health,,,,,https://citinewsroom.com/2020/03/health-minister-outlines-new-measures-to-prevent-outbreak-of-coronavirus/,2020-03-28,2020-03-28T15:31:38Z,0,0,0,,,,,,,,,26,1795,1,,-0.06289643,0.992205441,-0.20141026,11,43,27409893,46504846805,1696.64459,3.917221644,17.1264145,24.5628223,7.43640781,2,1,0.60629946,-0.0477043,719236,0.68225712
R_29ccz3lJySanRntDf,5954044,new_entry,original,,,"The President of the Republic, Nana Addo Dankwa Akufo-Addo, directs the Minister for Finance, Hon. Ken Ofori-Atta, to make available the cedi equivalent of $100 million to enhance Ghana’s Coronavirus preparedness and response plan.",2020-03-11,2020-03-11,,Ghana,GHA,GH,National,1,,,,Health Resources,Other Health Materials,,,Ghana,One or more provinces within one or more countries,,All 16 regions of the country,,,All Residents (Citizen Residents + Foreign Residents),Inbound,Not Applicable,Voluntary/Recommended but No Penalties,National Government,,,,,http://www.presidency.gov.gh/index.php/briefing-room/news-style-2/1533-100-million-provided-to-enhance-coronavirus-preparedness-and-response-plan-president-akufo-addo,2020-03-28,2020-03-28T15:47:24Z,0,0,0,,,,,,,,,26,1795,1,,-0.06289643,0.992205441,-0.20141026,11,43,27409893,46504846805,1696.64459,3.917221644,17.1264145,24.5628223,7.43640781,2,1,0.60629946,-0.0477043,719236,0.68225712
R_e8V97WJjbsRCIVjBi,1714342,new_entry,original,,,President Nana Akufo-Addo has announced that the Ministry of Health is engaging the services of retired and new health professionals to augment that of its current staff as the country braces itself for a possible surge in the number of Coronavirus infections.,2020-03-22,2020-03-22,,Ghana,GHA,GH,National,1,,,,Health Resources,Doctors,,,Ghana,One or more provinces within one or more countries,,All regions of the country,,,All Residents (Citizen Residents + Foreign Residents),Inbound,Not Applicable,Voluntary/Recommended but No Penalties,"National Government,Ministry/Department of Health",,,,,https://citinewsroom.com/2020/03/retired-health-professionals-to-be-engaged-in-fight-against-covid-19-akufo-addo/,2020-03-31,2020-03-31T14:49:49Z,23,1,0,,315,0.01,,,,,,26,1795,1,,-0.06289643,0.992205441,-0.20141026,11,43,27409893,46504846805,1696.64459,3.917221644,17.1264145,24.5628223,7.43640781,2,1,0.60629946,-0.0477043,719236,0.68225712
R_3rNkwp9Kiq15mehCo,3448739,new_entry,original,,,"Fellow Ghanaians, it is vital that we protect the lives of our frontline health workers, who are risking their lives every day to battle this virus. That is why Government is placing a high priority on the procurement of personal protective equipment (PPEs) for them. Thus far, three hundred and fifty thousand (350,000) masks, five hundred and fifty eight thousand, six hundred and fifty (558,650) examination gloves, one thousand (1,000) reusable goggles, twenty thousand (20,000) cover-alls, seven thousand (7,000) N-95 respirators, five hundred (500) waterproof gumboots, two thousand (2,000) reusable face shields, two thousand (2,000) gallons of hand sanitizers, ten thousand (10,000) 100ml pieces of hand sanitizers, and five hundred (500) shoe covers have been sent to the regional health directorates, for onward distribution to the district health directorates for use by our health workers in all the districts.",2020-04-05,2020-04-05,,Ghana,GHA,GH,National,1,,,,Health Resources,Masks,,,Ghana,"One or more countries, but not all countries",,,,,All Residents (Citizen Residents + Foreign Residents),,Not Applicable,Mandatory (Unspecified/Implied),National Government,,,,,http://www.presidency.gov.gh/index.php/briefing-room/speeches/1555-address-to-the-nation-by-president-akufo-addo-on-updates-to-ghana-s-enhanced-response-to-the-coronavirus-pandemic,2020-04-10,2020-04-10T19:43:36Z,214,5,31,,,,,,,,,26,1795,1,,-0.06289643,0.992205441,-0.20141026,11,43,27409893,46504846805,1696.64459,3.917221644,17.1264145,24.5628223,7.43640781,2,1,0.60629946,-0.0477043,719236,0.68225712
R_3rNkwp9Kiq15mehGg,3448739,new_entry,original,,,"Fellow Ghanaians, it is vital that we protect the lives of our frontline health workers, who are risking their lives every day to battle this virus. That is why Government is placing a high priority on the procurement of personal protective equipment (PPEs) for them. Thus far, three hundred and fifty thousand (350,000) masks, five hundred and fifty eight thousand, six hundred and fifty (558,650) examination gloves, one thousand (1,000) reusable goggles, twenty thousand (20,000) cover-alls, seven thousand (7,000) N-95 respirators, five hundred (500) waterproof gumboots, two thousand (2,000) reusable face shields, two thousand (2,000) gallons of hand sanitizers, ten thousand (10,000) 100ml pieces of hand sanitizers, and five hundred (500) shoe covers have been sent to the regional health directorates, for onward distribution to the district health directorates for use by our health workers in all the districts.",2020-04-05,2020-04-05,,Ghana,GHA,GH,National,1,,,,Health Resources,Ventilators,,,Ghana,"One or more countries, but not all countries",,,,,All Residents (Citizen Residents + Foreign Residents),,Not Applicable,Mandatory (Unspecified/Implied),National Government,,,,,http://www.presidency.gov.gh/index.php/briefing-room/speeches/1555-address-to-the-nation-by-president-akufo-addo-on-updates-to-ghana-s-enhanced-response-to-the-coronavirus-pandemic,2020-04-10,2020-04-10T19:43:36Z,214,5,31,,,,,,,,,26,1795,1,,-0.06289643,0.992205441,-0.20141026,11,43,27409893,46504846805,1696.64459,3.917221644,17.1264145,24.5628223,7.43640781,2,1,0.60629946,-0.0477043,719236,0.68225712
R_3rNkwp9Kiq15mehDr,3448739,new_entry,original,,,"Fellow Ghanaians, it is vital that we protect the lives of our frontline health workers, who are risking their lives every day to battle this virus. That is why Government is placing a high priority on the procurement of personal protective equipment (PPEs) for them. Thus far, three hundred and fifty thousand (350,000) masks, five hundred and fifty eight thousand, six hundred and fifty (558,650) examination gloves, one thousand (1,000) reusable goggles, twenty thousand (20,000) cover-alls, seven thousand (7,000) N-95 respirators, five hundred (500) waterproof gumboots, two thousand (2,000) reusable face shields, two thousand (2,000) gallons of hand sanitizers, ten thousand (10,000) 100ml pieces of hand sanitizers, and five hundred (500) shoe covers have been sent to the regional health directorates, for onward distribution to the district health directorates for use by our health workers in all the districts.",2020-04-05,2020-04-05,,Ghana,GHA,GH,National,1,,,,Health Resources,Personal Protective Equipment,,,Ghana,"One or more countries, but not all countries",,,,,All Residents (Citizen Residents + Foreign Residents),,Not Applicable,Mandatory (Unspecified/Implied),National Government,,,,,http://www.presidency.gov.gh/index.php/briefing-room/speeches/1555-address-to-the-nation-by-president-akufo-addo-on-updates-to-ghana-s-enhanced-response-to-the-coronavirus-pandemic,2020-04-10,2020-04-10T19:43:36Z,214,5,31,,,,,,,,,26,1795,1,,-0.06289643,0.992205441,-0.20141026,11,43,27409893,46504846805,1696.64459,3.917221644,17.1264145,24.5628223,7.43640781,2,1,0.60629946,-0.0477043,719236,0.68225712
R_3rNkwp9Kiq15mehBw,3448739,new_entry,original,,,"Fellow Ghanaians, it is vital that we protect the lives of our frontline health workers, who are risking their lives every day to battle this virus. That is why Government is placing a high priority on the procurement of personal protective equipment (PPEs) for them. Thus far, three hundred and fifty thousand (350,000) masks, five hundred and fifty eight thousand, six hundred and fifty (558,650) examination gloves, one thousand (1,000) reusable goggles, twenty thousand (20,000) cover-alls, seven thousand (7,000) N-95 respirators, five hundred (500) waterproof gumboots, two thousand (2,000) reusable face shields, two thousand (2,000) gallons of hand sanitizers, ten thousand (10,000) 100ml pieces of hand sanitizers, and five hundred (500) shoe covers have been sent to the regional health directorates, for onward distribution to the district health directorates for use by our health workers in all the districts.",2020-04-05,2020-04-05,,Ghana,GHA,GH,National,1,,,,Health Resources,Hand Sanitizer,,,Ghana,"One or more countries, but not all countries",,,,,All Residents (Citizen Residents + Foreign Residents),,Not Applicable,Mandatory (Unspecified/Implied),National Government,,,,,http://www.presidency.gov.gh/index.php/briefing-room/speeches/1555-address-to-the-nation-by-president-akufo-addo-on-updates-to-ghana-s-enhanced-response-to-the-coronavirus-pandemic,2020-04-10,2020-04-10T19:43:36Z,214,5,31,,,,,,,,,26,1795,1,,-0.06289643,0.992205441,-0.20141026,11,43,27409893,46504846805,1696.64459,3.917221644,17.1264145,24.5628223,7.43640781,2,1,0.60629946,-0.0477043,719236,0.68225712
R_DNS5yyafGNOEDtfCo,966428,new_entry,original,,,The  government of Ghana has engaged local manufacturing firms to begin production of PPEs,2020-04-05,2020-04-07,,Ghana,GHA,GH,National,1,,,,Health Resources,Masks,,,Ghana,"One or more countries, but not all countries",,,,,All Residents (Citizen Residents + Foreign Residents),,Not Applicable,Mandatory (Unspecified/Implied),National Government,,,,,https://www.myjoyonline.com/business/economy/local-manufacturing-firms-to-start-production-of-ppes-on-tuesday-akufo-addo/,2020-04-10,2020-04-10T19:51:29Z,287,5,31,,,,,,,,,26,1795,1,,-0.06289643,0.992205441,-0.20141026,11,43,27409893,46504846805,1696.64459,3.917221644,17.1264145,24.5628223,7.43640781,2,1,0.60629946,-0.0477043,719236,0.68225712
R_DNS5yyafGNOEDtfDr,966428,new_entry,original,,,The  government of Ghana has engaged local manufacturing firms to begin production of PPEs,2020-04-05,2020-04-07,,Ghana,GHA,GH,National,1,,,,Health Resources,Personal Protective Equipment,,,Ghana,"One or more countries, but not all countries",,,,,All Residents (Citizen Residents + Foreign Residents),,Not Applicable,Mandatory (Unspecified/Implied),National Government,,,,,https://www.myjoyonline.com/business/economy/local-manufacturing-firms-to-start-production-of-ppes-on-tuesday-akufo-addo/,2020-04-10,2020-04-10T19:51:29Z,287,5,31,,,,,,,,,26,1795,1,,-0.06289643,0.992205441,-0.20141026,11,43,27409893,46504846805,1696.64459,3.917221644,17.1264145,24.5628223,7.43640781,2,1,0.60629946,-0.0477043,719236,0.68225712
R_xxOGvnVm2FSrFIZCf,4548770,new_entry,original,,,"President Nana Addo Dankwa Akufo-Addo is set to commission the construction of the 100-bed Infectious Disease Isolation and Treatment Facility funded by the Ghana COVID-19 Private Sector fund at the Ga East Municipal Hospital premises.
",2020-04-17,2020-04-17,,Ghana,GHA,GH,National,1,,,,Health Resources,Hospitals,,,Ghana,"One or more countries, but not all countries",,,,,All Residents (Citizen Residents + Foreign Residents),,Not Applicable,Mandatory (Unspecified/Implied),National Government,,,,,https://www.ghanaweb.com/GhanaHomePage/NewsArchive/LIVESTREAMED-Akufo-Addo-cuts-sod-for-construction-of-100-bed-Infectious-Disease-Isolation-and-Treatment-Facility-927163,2020-04-21,2020-04-21T14:39:34Z,641,8,83,,,,,,,,,26,1795,1,,-0.06289643,0.992205441,-0.20141026,11,43,27409893,46504846805,1696.64459,3.917221644,17.1264145,24.5628223,7.43640781,2,1,0.60629946,-0.0477043,719236,0.68225712
R_2gC2hoIdbd46NgtCf,9742924,new_entry,original,,,President Nana Addo Dankwa Akufo-Addo has approved the construction of additional Intensive Care Unit (ICU) bed facilities in the Greater Accra Region as part of efforts to boost Ghana’s COVID-19 case management.,2020-06-21,2020-06-21,,Ghana,GHA,GH,National,1,,,,Health Resources,Hospitals,,,Ghana,"One or more countries, but not all countries",,,,,All Residents (Citizen Residents + Foreign Residents),,,Mandatory (Unspecified/Implied),National Government,,,,,https://citinewsroom.com/2020/06/icu-bed-facilities-treatment-centre-to-be-constructed-in-greater-accra-ashanti-regions-nana-addo/,2020-08-31,2020-08-31T20:10:14Z,14154,85,10473,7250,277550,8.932,,,,,,26,1795,1,,-0.06289643,0.992205441,-0.20141026,11,43,27409893,46504846805,1696.64459,3.917221644,17.1264145,24.5628223,7.43640781,2,1,0.60629946,-0.0477043,719236,0.68225712
R_2gC2hoIdbd46NgtEj,9742924,new_entry,original,,,President Nana Addo Dankwa Akufo-Addo has approved the construction of additional Intensive Care Unit (ICU) bed facilities in the Greater Accra Region as part of efforts to boost Ghana’s COVID-19 case management.,2020-06-21,2020-06-21,,Ghana,GHA,GH,National,1,,,,Health Resources,Public Testing Facilities (e.g. drive-in testing for COVID-19),,,Ghana,"One or more countries, but not all countries",,,,,All Residents (Citizen Residents + Foreign Residents),,,Mandatory (Unspecified/Implied),National Government,,,,,https://citinewsroom.com/2020/06/icu-bed-facilities-treatment-centre-to-be-constructed-in-greater-accra-ashanti-regions-nana-addo/,2020-08-31,2020-08-31T20:10:14Z,14154,85,10473,7250,277550,8.932,,,,,,26,1795,1,,-0.06289643,0.992205441,-0.20141026,11,43,27409893,46504846805,1696.64459,3.917221644,17.1264145,24.5628223,7.43640781,2,1,0.60629946,-0.0477043,719236,0.68225712
R_2wgXVAKpymDzJL9Cf,7547317,new_entry,original,,,Vice President of Ghana commissions first infectious disease center in Ghana built to cater for infectious diseases following the coronavirus update.,2020-07-07,2020-07-07,,Ghana,GHA,GH,National,1,,,,Health Resources,Hospitals,,,Ghana,"One or more countries, but not all countries",,,,,All Residents (Citizen Residents + Foreign Residents),,,Mandatory (Unspecified/Implied),National Government,,,,,https://www.myjoyonline.com/news/health/bawumia-commissions-100-bed-infectious-disease-centre-sponsored-by-ghana-covid-19-private-sector-fund/,2020-09-01,2020-09-01T01:02:04Z,21968,129,17156,2540,325450,10.474,,,,,,26,1795,1,,-0.06289643,0.992205441,-0.20141026,11,43,27409893,46504846805,1696.64459,3.917221644,17.1264145,24.5628223,7.43640781,2,1,0.60629946,-0.0477043,719236,0.68225712
R_UJAOcCnSZ5rUN8JBi,2153402,new_entry,original,,,"The President, Nana Addo Dankwa Akufo-Addo, has extended the tax holiday provided for all health workers in the country for another three months.",2020-09-28,2020-09-28,,Ghana,GHA,GH,National,1,,,,Health Resources,Doctors,,,Ghana,"One or more countries, but not all countries",,,,,All Residents (Citizen Residents + Foreign Residents),,,Mandatory (Unspecified/Implied),National Government,,,,,https://www.graphic.com.gh/news/general-news/covid-19-incentive-package-for-health-workers-extended-by-3-more-months.html,2020-09-01,2020-09-01T00:37:59Z,46444,299,45646,770,484310,15.586,,,,,,26,1795,1,,-0.06289643,0.992205441,-0.20141026,11,43,27409893,46504846805,1696.64459,3.917221644,17.1264145,24.5628223,7.43640781,2,1,0.60629946,-0.0477043,719236,0.68225712
R_UJAOcCnSZ5rUN8JCx,2153402,new_entry,original,,,"The President, Nana Addo Dankwa Akufo-Addo, has extended the tax holiday provided for all health workers in the country for another three months.",2020-09-28,2020-09-28,,Ghana,GHA,GH,National,1,,,,Health Resources,Nurses,,,Ghana,"One or more countries, but not all countries",,,,,All Residents (Citizen Residents + Foreign Residents),,,Mandatory (Unspecified/Implied),National Government,,,,,https://www.graphic.com.gh/news/general-news/covid-19-incentive-package-for-health-workers-extended-by-3-more-months.html,2020-09-01,2020-09-01T00:37:59Z,46444,299,45646,770,484310,15.586,,,,,,26,1795,1,,-0.06289643,0.992205441,-0.20141026,11,43,27409893,46504846805,1696.64459,3.917221644,17.1264145,24.5628223,7.43640781,2,1,0.60629946,-0.0477043,719236,0.68225712
R_UJAOcCnSZ5rUN8JCc,2153402,new_entry,original,,,"The President, Nana Addo Dankwa Akufo-Addo, has extended the tax holiday provided for all health workers in the country for another three months.",2020-09-28,2020-09-28,,Ghana,GHA,GH,National,1,,,,Health Resources,Health Volunteers,,,Ghana,"One or more countries, but not all countries",,,,,All Residents (Citizen Residents + Foreign Residents),,,Mandatory (Unspecified/Implied),National Government,,,,,https://www.graphic.com.gh/news/general-news/covid-19-incentive-package-for-health-workers-extended-by-3-more-months.html,2020-09-01,2020-09-01T00:37:59Z,46444,299,45646,770,484310,15.586,,,,,,26,1795,1,,-0.06289643,0.992205441,-0.20141026,11,43,27409893,46504846805,1696.64459,3.917221644,17.1264145,24.5628223,7.43640781,2,1,0.60629946,-0.0477043,719236,0.68225712
R_3fjTOIrNq3s781sNA,7084284,new_entry,original,,,Ghana is using delivery drones to test people for the coronavirus more quickly outside major cities.,2020-03-29,2020-03-29,,Ghana,GHA,GH,National,1,,,,Health Testing,,,,Ghana,"One or more countries, but not all countries",,,,,All Residents (Citizen Residents + Foreign Residents),,Not Applicable,Mandatory (Unspecified/Implied),National Government,,,,,https://www.pulse.com.gh/news/local/covid-19-drones-to-transport-blood-samples-of-quarantined-persons-to-testing-centres/cht6788,2020-04-21,2020-04-21T14:22:39Z,152,5,2,,,,,,,,,26,1795,1,,-0.06289643,0.992205441,-0.20141026,11,43,27409893,46504846805,1696.64459,3.917221644,17.1264145,24.5628223,7.43640781,2,1,0.60629946,-0.0477043,719236,0.68225712
R_vlvoiAELHyt2jqpNA,2398303,new_entry,original,,,expansion of number of testing centers from 2 to 10,2020-05-31,2020-05-31,,Ghana,GHA,GH,National,1,,,,Health Testing,,,,Ghana,"One or more countries, but not all countries",,,,,All Residents (Citizen Residents + Foreign Residents),,,Mandatory (Unspecified/Implied),National Government,,,,,http://www.presidency.gov.gh/index.php/briefing-room/speeches/1597-update-no-10-measures-taken-to-combat-spread-of-coronavirus,2020-06-07,2020-06-07T21:17:48Z,8070,36,2947,1400,219825,7.074,,,,,,26,1795,1,,-0.06289643,0.992205441,-0.20141026,11,43,27409893,46504846805,1696.64459,3.917221644,17.1264145,24.5628223,7.43640781,2,1,0.60629946,-0.0477043,719236,0.68225712
R_2VNQAl5giIKgyQeNA,8369730,new_entry,original,,,". upon disembarking from the aeroplane, each passenger will undergo a mandatory COVID-19 test at the airport terminal, at a fee to be borne by the passenger. The test result will be available within thirty (30) minutes;

 children under the ages of five (5) will not be required to undergo testing at the airport;

passengers, who test positive for COVID-19, will be handled by the health authorities for further clinical assessment and management; and
 passengers, who test negative, can, thereupon, enter Ghana to go about their lawful activities, and will be advised to continue to observe COVID-19 safety precautions during their stay in Ghana.",2020-08-30,2020-09-01,,Ghana,GHA,GH,National,1,,,,Health Testing,,,,Ghana,"One or more countries, but not all countries",,,,,All Residents (Citizen Residents + Foreign Residents),,,Mandatory (Unspecified/Implied),National Government,,,,,http://www.presidency.gov.gh/index.php/briefing-room/speeches/1674-update-no-16-measures-taken-to-combat-spread-of-coronavirus,2020-09-02,2020-09-02T16:35:58Z,44460,276,43121,555,446208,14.36,,,,,,26,1795,1,,-0.06289643,0.992205441,-0.20141026,11,43,27409893,46504846805,1696.64459,3.917221644,17.1264145,24.5628223,7.43640781,2,1,0.60629946,-0.0477043,719236,0.68225712
R_UsWZoDlhso9aVAlNA,6572572,new_entry,original,,,"The President of the Republic, Nana Addo Dankwa Akufo-Addo, has appointed Dr.AnarfiAsamoa-Baah, a former Deputy Director-General of the World Health Organisation (WHO), as the Presidential Coordinator for the Government’s Coronavirus Response Programme.",2020-03-19,2020-03-19,,Ghana,GHA,GH,National,1,,,,"New Task Force, Bureau or Administrative Configuration",,,,Ghana,,,,,,All Residents (Citizen Residents + Foreign Residents),,,Mandatory (Unspecified/Implied),National Government,,,,,http://www.presidency.gov.gh/index.php/briefing-room/news-style-2/1540-president-akufo-addo-appoints-former-w-h-o-director-as-co-ordinator-for-the-coronavirus-response-programme,2020-03-29,2020-03-29T10:47:02Z,11,0,0,,,,,,,,,26,1795,1,,-0.06289643,0.992205441,-0.20141026,11,43,27409893,46504846805,1696.64459,3.917221644,17.1264145,24.5628223,7.43640781,2,1,0.60629946,-0.0477043,719236,0.68225712
R_2S2KRwbDoushbVZNA,6192714,new_entry,original,,,The Ministry of Health and Ghana Health Service on Tuesday designated phone numbers: 0509497700 or 0558439868 as hotlines for enquiries on the Coronavirus Disease (COVID-2019).,2020-03-19,2020-03-19,,Ghana,GHA,GH,National,1,,,,Other Policy Not Listed Above,,Ministry of health designates hotlines for corona virus inquiries,,Ghana,,,,,,All Residents (Citizen Residents + Foreign Residents),,,Mandatory (Unspecified/Implied),Ministry/Department of Health,,,,,https://www.ghanaweb.com/GhanaHomePage/NewsArchive/MOH-designates-COVID-2019-enquiries-hotlines-870487,2020-03-31,2020-03-31T11:15:40Z,11,0,0,,,,,,,,,26,1795,1,,-0.06289643,0.992205441,-0.20141026,11,43,27409893,46504846805,1696.64459,3.917221644,17.1264145,24.5628223,7.43640781,2,1,0.60629946,-0.0477043,719236,0.68225712
R_vuE5oL8qZ0kfFAdNA,7765481,new_entry,correction,,,President of Ghana declares national day of fasting and prayer to pray against the coronavirus,2020-03-22,2020-03-25,2020-03-26,Ghana,GHA,GH,National,1,,,,Other Policy Not Listed Above,,Declaration of national day of prayer,,Ghana,,,,,,All Residents (Citizen Residents + Foreign Residents),,,Voluntary/Recommended but No Penalties,National Government,,,,,https://www.iol.co.za/news/africa/ghana-president-nana-akufo-addo-calls-for-prayer-fasting-for-covid-19-45421569,2020-06-02,2020-06-02T11:39:22Z,93,4,0,,,,,,,,,26,1795,1,,-0.06289643,0.992205441,-0.20141026,11,43,27409893,46504846805,1696.64459,3.917221644,17.1264145,24.5628223,7.43640781,2,1,0.60629946,-0.0477043,719236,0.68225712
R_Q0arRx5O25gm4BXNA,900411,new_entry,original,,,"Government has announced the extension of the tax filing date from April to June for businesses
The president also announced a two percent (2%) reduction of interest rates by banks, effective 1st April, 2020",2020-03-28,2020-03-28,,Ghana,GHA,GH,National,1,,,,Other Policy Not Listed Above,,extension of tax filling date,,Ghana,,,,,,All Residents (Citizen Residents + Foreign Residents),,,Mandatory (Unspecified/Implied),National Government,,,,,https://www.pulse.com.gh/news/business/coronavirus-govt-extends-tax-filing-deadline-for-businesses/528w6lg,2020-03-31,2020-03-31T15:38:58Z,141,5,2,,2519,0.081,,,,,,26,1795,1,,-0.06289643,0.992205441,-0.20141026,11,43,27409893,46504846805,1696.64459,3.917221644,17.1264145,24.5628223,7.43640781,2,1,0.60629946,-0.0477043,719236,0.68225712
R_2fvXM8lpnG8zd5zNA,1742341,new_entry,original,,,"The president of Ghana directs minister of health to prepare, for approval by Parliament, a Coronavirus Alleviation Programme to address the disruption in economic activities, the hardship of  people, and to rescue and revitalize industries in the country",2020-03-28,2020-03-28,,Ghana,GHA,GH,National,1,,,,Other Policy Not Listed Above,,extension of tax filling date,,Ghana,,,,,,All Residents (Citizen Residents + Foreign Residents),,,Mandatory (Unspecified/Implied),National Government,,,,,https://www.modernghana.com/news/992422/akufo-addo-announce-stimulus-package-for-business.html,2020-03-31,2020-03-31T15:47:57Z,141,5,2,,2519,0.081,,,,,,26,1795,1,,-0.06289643,0.992205441,-0.20141026,11,43,27409893,46504846805,1696.64459,3.917221644,17.1264145,24.5628223,7.43640781,2,1,0.60629946,-0.0477043,719236,0.68225712
R_3ninBDhaAG96LeNNA,9839912,new_entry,original,,,"President of Ghana sets up COVID 19 fund to to receive public donations to help improve the lives of the underprivileged in the country who will be hard-hit by the viral disease.
As a show of commitment, the President has donated his April, May and June salaries as seed capital for the Covid-19 fund.
All Ministers of State and other top appointees at the presidency have also voluntarily decided to donate 50 percent of their salary for the months April, May and June to the COVID-19 Fund.",2020-03-28,2020-03-28,,Ghana,GHA,GH,National,1,,,,Other Policy Not Listed Above,,establishment of a fund to support the fight against coronavirus,,Ghana,,,,,,All Residents (Citizen Residents + Foreign Residents),,,Voluntary/Recommended but No Penalties,National Government,,,,,https://ghanatalksbusiness.com/president-nana-akufo-addo-establishes-covid-19-fund-in-ghana/ ; https://citinewsroom.com/2020/03/ministers-presidential-staffers-others-donate-50-percent-salaries-to-covid-19-fund/ ; http://presidency.gov.gh/index.php/briefing-room/speeches/1546-president-akufo-addo-addresses-nation-on-updates-to-ghana-s-enhanced-response-to-the-coronavirus-pandemic,2020-03-31,2020-03-31T15:58:06Z,141,5,2,,2519,0.081,,,,,,26,1795,1,,-0.06289643,0.992205441,-0.20141026,11,43,27409893,46504846805,1696.64459,3.917221644,17.1264145,24.5628223,7.43640781,2,1,0.60629946,-0.0477043,719236,0.68225712
R_eXqXTmYjbaI1diFNA,63081,new_entry,original,,,"Government has begun the distribution of free meals to over 400,000 Ghanaians in locked-down areas amidst the COVID-19 outbreak in Ghana.",2020-04-05,2020-04-05,,Ghana,GHA,GH,National,1,,,,Other Policy Not Listed Above,,"Government has begun the distribution of free meals to over 400,000 Ghanaians in locked-down areas amidst the COVID-19 outbreak in Ghana.",,Ghana,,,,,,All Residents (Citizen Residents + Foreign Residents),,,Mandatory (Unspecified/Implied),National Government,,,,,https://citinewsroom.com/2020/04/covid-19-lockdown-government-announces-free-food-for-over-400000-ghanaians/,2020-04-10,2020-04-10T19:23:33Z,214,5,31,,,,,,,,,26,1795,1,,-0.06289643,0.992205441,-0.20141026,11,43,27409893,46504846805,1696.64459,3.917221644,17.1264145,24.5628223,7.43640781,2,1,0.60629946,-0.0477043,719236,0.68225712
R_3JDTV7Q4h7GX808NA,8252885,new_entry,original,,,"As part of efforts to deal decisively with the coronavirus pandemic, Ghana’s Government has announced some packages to help encourage and motivate front line Health workers involved in the fight against the pandemic to give off their best.

From the package, the health workers in the combat against the covid-19 pandemic will receive 50% percent of their salaries as allowances.

Aside from this, the front line Health workers will also not pay tax on their emoluments for three months, beginning this month to June.",2020-04-05,2020-04-05,,Ghana,GHA,GH,National,1,,,,Other Policy Not Listed Above,,Government of Ghana announces stimulus package for healthcare workers at the front line of the fight against the corona virus,,Ghana,,,,,,All Residents (Citizen Residents + Foreign Residents),,,Mandatory (Unspecified/Implied),National Government,,,,,https://ghanatalksbusiness.com/covid-19-ghanaian-govt-announces-packages-for-front-line-health-workers/,2020-04-10,2020-04-10T19:57:28Z,214,5,31,,,,,,,,,26,1795,1,,-0.06289643,0.992205441,-0.20141026,11,43,27409893,46504846805,1696.64459,3.917221644,17.1264145,24.5628223,7.43640781,2,1,0.60629946,-0.0477043,719236,0.68225712
R_Zlur5cQYDNnfqedNA,1138830,new_entry,original,,,Government of Ghana sets up an insurance package with an assured sum of 350000 Ghana cedis.,2020-04-05,2020-04-05,,Ghana,GHA,GH,National,1,,,,Other Policy Not Listed Above,,Government of Ghana sets up an insurance package with an assured sum of 350000 Ghana cedis.,,Ghana,,,,,,All Residents (Citizen Residents + Foreign Residents),,,Mandatory (Unspecified/Implied),National Government,,,,,https://www.myjoyonline.com/news/national/full-text-akufo-addo-announces-insurance-packages-for-health-workers-as-part-of-measures-to-combat-coronavirus/,2020-04-10,2020-04-10T20:03:37Z,214,5,31,,,,,,,,,26,1795,1,,-0.06289643,0.992205441,-0.20141026,11,43,27409893,46504846805,1696.64459,3.917221644,17.1264145,24.5628223,7.43640781,2,1,0.60629946,-0.0477043,719236,0.68225712
R_3gLzP4nDZ1t6TfCNA,5142840,new_entry,original,,,"The President has announced three months of free electricity for consumers of a particular category, to make up for lost income following the coronavirus lockdown in Accra and Kumasi.",2020-04-09,2020-04-09,,Ghana,GHA,GH,National,1,,,,Other Policy Not Listed Above,,"The President has announced three months of free electricity for consumers of a particular category, to make up for lost income following the coronavirus lockdown in Accra and Kumasi.",,Ghana,,,,,,All Residents (Citizen Residents + Foreign Residents),,,Mandatory (Unspecified/Implied),National Government,,,,,https://www.myjoyonline.com/news/national/akufo-addo-announces-3-months-free-electricity-amid-coronavirus-lockdown/,2020-04-10,2020-04-10T19:32:53Z,378,6,3,,14611,0.47,,,,,,26,1795,1,,-0.06289643,0.992205441,-0.20141026,11,43,27409893,46504846805,1696.64459,3.917221644,17.1264145,24.5628223,7.43640781,2,1,0.60629946,-0.0477043,719236,0.68225712
R_2X1iCwCxJN1xNY9NA,917997,new_entry,original,,,"The President of the Republic, Nana Addo Dankwa Akufo-Addo, admonishes Ghanaians to stop shaking hands completely, and cover their mouths when their cough and sneeze to help prevent the spread of the Coronavirus disease.
He also stated that strict checks are being performed at Ghana's entry  points and isolation treatment centers have been designated in preparation for potential cases. He also mentioned the procurement of extra protective health clothing for health workers being done",2020-03-06,2020-03-06,,Ghana,GHA,GH,National,1,,,,Public Awareness Measures,,,,Ghana,,,,,,All Residents (Citizen Residents + Foreign Residents),,,Voluntary/Recommended but No Penalties,National Government,,,,,http://www.presidency.gov.gh/index.php/briefing-room/news-style-2/1528-stop-shaking-hands-cover-mouth-when-coughing-or-sneezing-president-akufo-addo-to-ghanaians,2020-03-28,2020-03-28T15:06:40Z,0,0,0,,,,,,,,,26,1795,1,,-0.06289643,0.992205441,-0.20141026,11,43,27409893,46504846805,1696.64459,3.917221644,17.1264145,24.5628223,7.43640781,2,1,0.60629946,-0.0477043,719236,0.68225712
R_3EF3BtlLojvBMdeNA,6907410,new_entry,original,,,President Nana Akufo-Addo has announced that the Ministry of Information will in the coming days provide Ghanaians with weekly updates on the state of the country’s preparedness regarding the outbreak of the deadly coronavirus also known as COVID-19.,2020-03-12,2020-03-12,,Ghana,GHA,GH,National,1,,,,Public Awareness Measures,,,,Ghana,,,,,,All Residents (Citizen Residents + Foreign Residents),,,Voluntary/Recommended but No Penalties,"National Government,Ministry/Department of Health",,,,,https://citinewsroom.com/2020/03/information-ministry-to-provide-weekly-updates-on-coronavirus-in-ghana/,2020-03-29,2020-03-29T15:12:55Z,0,0,0,,,,,,,,,26,1795,1,,-0.06289643,0.992205441,-0.20141026,11,43,27409893,46504846805,1696.64459,3.917221644,17.1264145,24.5628223,7.43640781,2,1,0.60629946,-0.0477043,719236,0.68225712
R_1IhOqgyMSe2HSRXNA,9219381NA,new_entry,original,,,President Nana Addo Dankwa Akufo-Addo has orders the suspension of all foreign travels but critical ones for public officials. He also edged Ghanaians to avoid non-essential travel out of the country.,2020-03-10,2020-03-10,,Ghana,GHA,GH,National,1,,,,Restriction and Regulation of Government Services,,,This service is no longer provided by the government,Ghana,,,,,,All Residents (Citizen Residents + Foreign Residents),,,Mandatory with Exceptions (Please list exceptions in the text entry),National Government,,,,,https://dailyguidenetwork.com/ghana-bans-officials-from-traveling-over-coronavirus/,2020-03-28,2020-03-28T16:10:39Z,0,0,0,,,,,,,,,26,1795,1,,-0.06289643,0.992205441,-0.20141026,11,43,27409893,46504846805,1696.64459,3.917221644,17.1264145,24.5628223,7.43640781,2,1,0.60629946,-0.0477043,719236,0.68225712
R_3LhTII5Qhua09a3NA,2762676,new_entry,original,,,"The Judiciary Service has ordered the suspension of cases involving the movement of convicted and remand prisoners from the prisons to the courts.
",2020-03-16,2020-03-16,,Ghana,GHA,GH,National,1,,,,Restrictions of Mass Gatherings,,,,Ghana,,,,,,All Residents (Citizen Residents + Foreign Residents),,,Mandatory (Unspecified/Implied),Other (Please specify in the text box),,,,,https://www.ghanaweb.com/GhanaHomePage/NewsArchive/Coronavirus-Suspend-cases-involving-prisoner-movement-Judicial-Service-to-courts-895975,2020-03-31,2020-03-31T11:42:25Z,6,0,0,,,,,,,,,26,1795,1,,-0.06289643,0.992205441,-0.20141026,11,43,27409893,46504846805,1696.64459,3.917221644,17.1264145,24.5628223,7.43640781,2,1,0.60629946,-0.0477043,719236,0.68225712
R_2Cs4bbqT2kOw7HCNA,7212792,new_entry,correction,,,"Religious institutions can now meet with a maximum capacity of 100 participants
In addition to the mandatory wearing of masks for all persons at all times in churches and mosques, a register of names and contact details of all worshippers and hand washing facilities and sanitisers must be provided, with a maximum duration of one (1) hour for each service.
private burials can also be held with a maximum of 100 people",2020-05-31,2020-06-05,,Ghana,GHA,GH,National,1,,,,Restrictions of Mass Gatherings,,,,Ghana,,,,,,All Residents (Citizen Residents + Foreign Residents),,,Mandatory (Unspecified/Implied),National Government,,,,,NA ; https://www.polity.org.za/article/president-akufo-addo-eases-ban-on-social-gatherings-in-ghana-2020-06-01,2020-06-11,2020-06-11T19:47:07Z,9168,42,3457,4641,233734,7.522,,,,,,26,1795,1,,-0.06289643,0.992205441,-0.20141026,11,43,27409893,46504846805,1696.64459,3.917221644,17.1264145,24.5628223,7.43640781,2,1,0.60629946,-0.0477043,719236,0.68225712
R_1q8t9zQX7BIEuuONA,8460464,new_entry,original,,,"The Ghana Private Road Transport Union (GPRTU) and the Ghana Road Transport Coordinating Council (GRTCC) orders drivers of commercial vehicles to observe social spacing.
By this, three-rowed seating passenger vehicles, including taxis, must now carry not more than two passengers on a row, while those carrying four to five passengers on a row must not exceed three.",2020-03-26,2020-03-26,,Ghana,GHA,GH,National,1,,,,Social Distancing,,,,Ghana,,,,,,All Residents (Citizen Residents + Foreign Residents),,,Mandatory (Unspecified/Implied),Other (Please specify in the text box),,,,,https://www.ghanaweb.com/GhanaHomePage/NewsArchive/Coronavirus-Trotros-to-carry-just-2-passengers-per-row-from-today-904738 ; https://theindependentghana.com/2020/03/coronavirus-gprtu-directs-drivers-to-observe-passenger-spacing/,2020-03-31,2020-03-31T11:03:12Z,132,4,1,,,,,,,,,26,1795,1,,-0.06289643,0.992205441,-0.20141026,11,43,27409893,46504846805,1696.64459,3.917221644,17.1264145,24.5628223,7.43640781,2,1,0.60629946,-0.0477043,719236,0.68225712
R_2dGZqxaMU0SLAadNA,8460464,update,original,End of Policy,,"The Ghana Private Road Transport Union (GPRTU) and the Ghana Road Transport Coordinating Council (GRTCC) orders drivers of commercial vehicles to observe social spacing.
By this, three-rowed seating passenger vehicles, including taxis, must now carry not more than two passengers on a row, while those carrying four to five passengers on a row must not exceed three.


Government has in consultation the leadership of transport operators, lifted the COVID-19 restrictions in the transport sector. UPDATE: Government has in consultation the leadership of transport operators, lifted the COVID-19 restrictions in the transport sector.",2020-07-26,2020-07-26,,Ghana,GHA,GH,National,1,,,,Social Distancing,,,,Ghana,,,,,,All Residents (Citizen Residents + Foreign Residents),,,Mandatory (Unspecified/Implied),Other (Please specify in the text box),,,,,NA ; https://www.businessghana.com/site/news/general/218638/COVID-19-Restrictions-on-Transportation-lifted,2020-09-01,2020-09-01T01:15:57Z,32969,168,29494,4017,382752,12.318,,,,,,26,1795,1,,-0.06289643,0.992205441,-0.20141026,11,43,27409893,46504846805,1696.64459,3.917221644,17.1264145,24.5628223,7.43640781,2,1,0.60629946,-0.0477043,719236,0.68225712
