record_id,policy_id,entry_type,correct_type,update_type,update_level,description,date_announced,date_start,date_end,country,ISO_A3,ISO_A2,init_country_level,domestic_policy,province,ISO_L2,city,type,type_sub_cat,type_text,institution_status,target_country,target_geog_level,target_region,target_province,target_city,target_other,target_who_what,target_direction,travel_mechanism,compliance,enforcer,dist_index_high_est,dist_index_med_est,dist_index_low_est,dist_index_country_rank,link,date_updated,recorded_date
R_3OpEtqWJjfDCJbEDy,4459722Dy,update,original,End of Policy,,"On March 17th, the government of Mali announced that schools will be closed for 3 weeks, starting on March 19th. On April 8th, the closure has been extended until May 9th. UPDATE: The original closure of school was set to last for three weeks until April 9, it has been extended on April 8 by the government to May 9 2020.",2020-03-17,2020-03-19,2020-05-09,Mali,MLI,ML,National,1,,,,Closure and Regulation of Schools,Preschool or childcare facilities (generally for children ages 5 and below),,Preschool or childcare facilities closed/locked down,Mali,,,,,,All Residents (Citizen Residents + Foreign Residents),,,Mandatory (Unspecified/Implied),National Government,,,,,http://www.sante.gov.ml/index.php/actualites/communiques/item/3455-communique-de-la-session-extraordinaire-du-conseil-superieur-de-la-defense-nationale-du-17-mars-2020 ; file:///C:/Users/bcvb/Downloads/UNICEF%20Mali%20COVID-19%20Situation%20Report%20No.%202%20-%209%20April%20-%2025%20April%202020.pdf ; https://niarela.net/societe/education-societe/covid-19-la-fermeture-des-ecoles-prolongee-jusquau-9-mai,2020-05-06,2020-05-06T07:52:28Z
R_3OpEtqWJjfDCJbEEa,4459722Ea,update,original,End of Policy,,"On March 17th, the government of Mali announced that schools will be closed for 3 weeks, starting on March 19th. On April 8th, the closure has been extended until May 9th. UPDATE: The original closure of school was set to last for three weeks until April 9, it has been extended on April 8 by the government to May 9 2020.",2020-03-17,2020-03-19,2020-05-09,Mali,MLI,ML,National,1,,,,Closure and Regulation of Schools,Primary Schools (generally for children ages 10 and below),,Primary Schools closed/locked down,Mali,,,,,,All Residents (Citizen Residents + Foreign Residents),,,Mandatory (Unspecified/Implied),National Government,,,,,http://www.sante.gov.ml/index.php/actualites/communiques/item/3455-communique-de-la-session-extraordinaire-du-conseil-superieur-de-la-defense-nationale-du-17-mars-2020 ; file:///C:/Users/bcvb/Downloads/UNICEF%20Mali%20COVID-19%20Situation%20Report%20No.%202%20-%209%20April%20-%2025%20April%202020.pdf ; https://niarela.net/societe/education-societe/covid-19-la-fermeture-des-ecoles-prolongee-jusquau-9-mai,2020-05-06,2020-05-06T07:52:28Z
R_3OpEtqWJjfDCJbEFj,4459722Fj,update,original,End of Policy,,"On March 17th, the government of Mali announced that schools will be closed for 3 weeks, starting on March 19th. On April 8th, the closure has been extended until May 9th. UPDATE: The original closure of school was set to last for three weeks until April 9, it has been extended on April 8 by the government to May 9 2020.",2020-03-17,2020-03-19,2020-05-09,Mali,MLI,ML,National,1,,,,Closure and Regulation of Schools,Secondary Schools (generally for children ages 10 to 18),,Secondary Schools closed/locked down,Mali,,,,,,All Residents (Citizen Residents + Foreign Residents),,,Mandatory (Unspecified/Implied),National Government,,,,,http://www.sante.gov.ml/index.php/actualites/communiques/item/3455-communique-de-la-session-extraordinaire-du-conseil-superieur-de-la-defense-nationale-du-17-mars-2020 ; file:///C:/Users/bcvb/Downloads/UNICEF%20Mali%20COVID-19%20Situation%20Report%20No.%202%20-%209%20April%20-%2025%20April%202020.pdf ; https://niarela.net/societe/education-societe/covid-19-la-fermeture-des-ecoles-prolongee-jusquau-9-mai,2020-05-06,2020-05-06T07:52:28Z
R_3OpEtqWJjfDCJbECe,4459722Ce,update,original,End of Policy,,"On March 17th, the government of Mali announced that schools will be closed for 3 weeks, starting on March 19th. On April 8th, the closure has been extended until May 9th. UPDATE: The original closure of school was set to last for three weeks until April 9, it has been extended on April 8 by the government to May 9 2020.",2020-03-17,2020-03-19,2020-05-09,Mali,MLI,ML,National,1,,,,Closure and Regulation of Schools,Higher education institutions (i.e. degree granting institutions),,Higher education institutions closed/locked down,Mali,,,,,,All Residents (Citizen Residents + Foreign Residents),,,Mandatory (Unspecified/Implied),National Government,,,,,http://www.sante.gov.ml/index.php/actualites/communiques/item/3455-communique-de-la-session-extraordinaire-du-conseil-superieur-de-la-defense-nationale-du-17-mars-2020 ; file:///C:/Users/bcvb/Downloads/UNICEF%20Mali%20COVID-19%20Situation%20Report%20No.%202%20-%209%20April%20-%2025%20April%202020.pdf ; https://niarela.net/societe/education-societe/covid-19-la-fermeture-des-ecoles-prolongee-jusquau-9-mai,2020-05-06,2020-05-06T07:52:28Z
R_1NqvI2tge1SYqgYDy,4459722Dy,new_entry,correction,,Relaxing,"On March 17th, the government of Mali announced that schools will be closed for 3 weeks, starting on March 19th.",2020-06-02,2020-06-02,2020-04-09,Mali,MLI,ML,National,1,,,,Closure and Regulation of Schools,Preschool or childcare facilities (generally for children ages 5 and below),,,Mali,,,,,,All Residents (Citizen Residents + Foreign Residents),,,Mandatory (Unspecified/Implied),National Government,,,,,NA,2021-04-22,2021-04-22T17:46:34Z
R_1NqvI2tge1SYqgYEa,4459722Ea,new_entry,correction,,Relaxing,"On March 17th, the government of Mali announced that schools will be closed for 3 weeks, starting on March 19th.",2020-06-02,2020-06-02,2020-04-09,Mali,MLI,ML,National,1,,,,Closure and Regulation of Schools,Primary Schools (generally for children ages 10 and below),,,Mali,,,,,,All Residents (Citizen Residents + Foreign Residents),,,Mandatory (Unspecified/Implied),National Government,,,,,NA,2021-04-22,2021-04-22T17:46:34Z
R_1NqvI2tge1SYqgYFj,4459722Fj,new_entry,correction,,Relaxing,"On March 17th, the government of Mali announced that schools will be closed for 3 weeks, starting on March 19th.",2020-06-02,2020-06-02,2020-04-09,Mali,MLI,ML,National,1,,,,Closure and Regulation of Schools,Secondary Schools (generally for children ages 10 to 18),,,Mali,,,,,,All Residents (Citizen Residents + Foreign Residents),,,Mandatory (Unspecified/Implied),National Government,,,,,NA,2021-04-22,2021-04-22T17:46:34Z
R_1NqvI2tge1SYqgYCe,4459722Ce,new_entry,correction,,Relaxing,"On March 17th, the government of Mali announced that schools will be closed for 3 weeks, starting on March 19th.",2020-06-02,2020-06-02,2020-04-09,Mali,MLI,ML,National,1,,,,Closure and Regulation of Schools,Higher education institutions (i.e. degree granting institutions),,,Mali,,,,,,All Residents (Citizen Residents + Foreign Residents),,,Mandatory (Unspecified/Implied),National Government,,,,,NA,2021-04-22,2021-04-22T17:46:34Z
R_3iOrSAA88PQ99y1Dy,4459722Dy,update,original,Change of Policy,Relaxing,"On March 17th, the government of Mali announced that schools will be closed for 3 weeks, starting on March 19th. UPDATE: In Mali, schools - originally closed from March 19 - reopened on June 2 for university students and final year students who face final exams. The partial resumption of classes was boycotted by public sector teachers over fears of inadequate protection against Covid-19.",2020-06-02,2020-06-02,2020-04-09,Mali,MLI,ML,National,1,,,,Closure and Regulation of Schools,Preschool or childcare facilities (generally for children ages 5 and below),,Preschool or childcare facilities closed/locked down,Mali,,,,,,All Residents (Citizen Residents + Foreign Residents),,,Mandatory (Unspecified/Implied),National Government,,,,,NA ; https://www.francetvinfo.fr/monde/afrique/societe-africaine/coronavirus-au-mali-la-reouverture-des-ecoles-immediatement-perturbee-par-une-greve-des-enseignants_3993201.html#xtor=AL-79-[article]-[connexe] ; https://ml.usembassy.gov/health-alert-u-s-embassy-bamako-mali-08062020/ ; https://www.businesslive.co.za/bd/world/africa/2020-06-02-mali-teachers-strike-over-covid-19-fears-as-schools-reopen/ ; https://maliactu.info/societe/education-societe/reouverture-des-ecoles-dans-les-regions,2020-08-20,2020-08-20T11:47:50Z
R_3iOrSAA88PQ99y1Ea,4459722Ea,update,original,Change of Policy,Relaxing,"On March 17th, the government of Mali announced that schools will be closed for 3 weeks, starting on March 19th. UPDATE: In Mali, schools - originally closed from March 19 - reopened on June 2 for university students and final year students who face final exams. The partial resumption of classes was boycotted by public sector teachers over fears of inadequate protection against Covid-19.",2020-06-02,2020-06-02,2020-04-09,Mali,MLI,ML,National,1,,,,Closure and Regulation of Schools,Primary Schools (generally for children ages 10 and below),,Primary Schools closed/locked down,Mali,,,,,,All Residents (Citizen Residents + Foreign Residents),,,Mandatory (Unspecified/Implied),National Government,,,,,NA ; https://www.francetvinfo.fr/monde/afrique/societe-africaine/coronavirus-au-mali-la-reouverture-des-ecoles-immediatement-perturbee-par-une-greve-des-enseignants_3993201.html#xtor=AL-79-[article]-[connexe] ; https://ml.usembassy.gov/health-alert-u-s-embassy-bamako-mali-08062020/ ; https://www.businesslive.co.za/bd/world/africa/2020-06-02-mali-teachers-strike-over-covid-19-fears-as-schools-reopen/ ; https://maliactu.info/societe/education-societe/reouverture-des-ecoles-dans-les-regions,2020-08-20,2020-08-20T11:47:50Z
R_3iOrSAA88PQ99y1Fj,4459722Fj,update,original,Change of Policy,Relaxing,"On March 17th, the government of Mali announced that schools will be closed for 3 weeks, starting on March 19th. UPDATE: In Mali, schools - originally closed from March 19 - reopened on June 2 for university students and final year students who face final exams. The partial resumption of classes was boycotted by public sector teachers over fears of inadequate protection against Covid-19.",2020-06-02,2020-06-02,2020-04-09,Mali,MLI,ML,National,1,,,,Closure and Regulation of Schools,Secondary Schools (generally for children ages 10 to 18),,Secondary Schools closed/locked down,Mali,,,,,,All Residents (Citizen Residents + Foreign Residents),,,Mandatory (Unspecified/Implied),National Government,,,,,NA ; https://www.francetvinfo.fr/monde/afrique/societe-africaine/coronavirus-au-mali-la-reouverture-des-ecoles-immediatement-perturbee-par-une-greve-des-enseignants_3993201.html#xtor=AL-79-[article]-[connexe] ; https://ml.usembassy.gov/health-alert-u-s-embassy-bamako-mali-08062020/ ; https://www.businesslive.co.za/bd/world/africa/2020-06-02-mali-teachers-strike-over-covid-19-fears-as-schools-reopen/ ; https://maliactu.info/societe/education-societe/reouverture-des-ecoles-dans-les-regions,2020-08-20,2020-08-20T11:47:50Z
R_3iOrSAA88PQ99y1Ce,4459722Ce,update,original,Change of Policy,Relaxing,"On March 17th, the government of Mali announced that schools will be closed for 3 weeks, starting on March 19th. UPDATE: In Mali, schools - originally closed from March 19 - reopened on June 2 for university students and final year students who face final exams. The partial resumption of classes was boycotted by public sector teachers over fears of inadequate protection against Covid-19.",2020-06-02,2020-06-02,2020-04-09,Mali,MLI,ML,National,1,,,,Closure and Regulation of Schools,Higher education institutions (i.e. degree granting institutions),,Higher education institutions closed/locked down,Mali,,,,,,All Residents (Citizen Residents + Foreign Residents),,,Mandatory (Unspecified/Implied),National Government,,,,,NA ; https://www.francetvinfo.fr/monde/afrique/societe-africaine/coronavirus-au-mali-la-reouverture-des-ecoles-immediatement-perturbee-par-une-greve-des-enseignants_3993201.html#xtor=AL-79-[article]-[connexe] ; https://ml.usembassy.gov/health-alert-u-s-embassy-bamako-mali-08062020/ ; https://www.businesslive.co.za/bd/world/africa/2020-06-02-mali-teachers-strike-over-covid-19-fears-as-schools-reopen/ ; https://maliactu.info/societe/education-societe/reouverture-des-ecoles-dans-les-regions,2020-08-20,2020-08-20T11:47:50Z
R_1QAAzbZareCaKVcNA,7007300,new_entry,correction,,,"On March 25th, in a televised address, President Keita 'announced the implementation of a nationwide curfew between 21:00 and 05:00 (local time) as of Friday, March 27, that will remain in place until further notice'. The national police is responsible for controlling the compliance with the curfew. 
",2020-03-25,2020-03-26,,Mali,MLI,ML,National,1,,,,Curfew,,,,Mali,,,,,,All Residents (Citizen Residents + Foreign Residents),,,Mandatory (Unspecified/Implied),"National Government,Police",,,,,https://lessor.site/couvre-feu-les-operations-de-la-police-en-chiffres.html,2020-04-21,2020-04-21T14:38:53Z
R_3nGkwtcSvpIG9uXNA,9800878,new_entry,original,,,"On March 25 2020, President of Mali, Ibrahim Boubacar Keïta, declared a state of health emergency.",2020-03-25,2020-03-25,,Mali,MLI,ML,National,1,,,,Declaration of Emergency,,,,Mali,,,,,,All Residents (Citizen Residents + Foreign Residents),,,Mandatory (Unspecified/Implied),National Government,,,,,https://www.amba-mali.be/index.php/14-sample-data-articles/219-adresse-a-la-nation-de-sem-ibrahim-boubacar-keita-president-de-la-republique-chef-de-l-etat-suite-a-la-decouverte-de-cas-de-coronavirus-au-mali ; https://www.bbc.com/news/world-africa-52082775 ; https://www.maliweb.net/nation/coronavirus-au-mali-•4-cas-enregistres-en-deux-jours-•le-president-declare-letat-durgence-sanitaire-et-instaure-le-couvre-feu-2865061.html,2020-04-09,2020-04-09T07:28:49Z
R_27ewjFGopBxSWzvCa,823815,new_entry,original,,,"On March 17th, Mali bans all commercial flights from unspecified countries affected by the coronavirus, with the exception of cargo flights, effective on March 19th 2020.",2020-03-17,2020-03-19,,Mali,MLI,ML,National,0,,,,External Border Restrictions,Health Screenings (e.g. temperature checks),,,Bolivia,"One or more countries, but not all countries",,,,,All Travelers (Citizen Travelers + Foreign Travelers ),Inbound,Flights,Mandatory (Unspecified/Implied),National Government,,,,,http://www.sante.gov.ml/index.php/actualites/communiques/item/3455-communique-de-la-session-extraordinaire-du-conseil-superieur-de-la-defense-nationale-du-17-mars-2020,2020-04-02,2020-04-02T11:20:38Z
R_2bZ5jwaGOIFwRf8NA,9003456,new_entry,original,,,"Malian President Keiga announced on March 25th that the border will be closed, except for freight and cargo shipping, effective immediately.",2020-03-25,2020-03-25,,Mali,MLI,ML,National,0,,,,External Border Restrictions,,,,All countries,All countries,,,,,All (Travelers + Residents),Inbound/Outbound,Land Border,Mandatory (Unspecified/Implied),National Government,,,,,https://www.garda.com/fr/crisis24/alertes-de-securite/326656/mali-authorities-shut-borders-implement-nationwide-curfew-as-of-march-27-update-3,2020-04-08,2020-04-08T08:44:29Z
R_27wmQUNkXZxqiRVCa,823815,update,original,End of Policy,,"On March 17th, Mali bans all commercial flights from unspecified countries affected by the coronavirus, with the exception of cargo flights, effective on March 19th 2020. UPDATE: Reopening of air borders as of 25 June 2020 at 00:00. New hygiene measurements for people entering the country.",2020-06-28,2020-06-25,,Mali,MLI,ML,National,1,,,,External Border Restrictions,Health Screenings (e.g. temperature checks),,,Bolivia,"One or more countries, but not all countries",,,,,All Residents (Citizen Residents + Foreign Residents),Inbound,Flights,Mandatory (Unspecified/Implied),National Government,,,,,NA ; http://anac-mali.org/images/Communiqu_du_MSAS_sur_la_rouverture_des_frontires_ariennes.pdf,2020-08-19,2020-08-19T15:05:40Z
R_2bZUaFLIsb6rFJXDc,3605079,new_entry,original,,,"""Mali will indefinitely suspend flights from countries affected by coronavirus in a bid to control a possible outbreak of the pandemic there, the government said Tuesday. Exception from the suspension that begins Thursday will be given to cargo flights.""",2020-03-18,2021-03-18,,Mali,MLI,ML,National,0,,,,External Border Restrictions,Other External Border Restriction,,,Bolivia,One or more countries and one or more regional groupings,,,,,All (Travelers + Residents),Inbound/Outbound,"Flights,Other (please specify)",Mandatory (Unspecified/Implied),"National Government,Other (Please specify in the text box)",,,,,https://www.aa.com.tr/en/africa/mali-suspends-flights-from-covid-19-hit-countries-/1769908,2020-07-29,2020-07-29T08:26:59Z
R_Utexj0ufL4tgv3HNA,969990,new_entry,original,,,"On March 12, Mali announces that all passengers arriving in Mali via land and air will be subject to temperature testing.",2020-03-12,2020-03-12,,Mali,MLI,ML,National,0,,,,Health Monitoring,,,,All countries,All countries,,,,,All (Travelers + Residents),Inbound,"Flights,Land Border",Mandatory (Unspecified/Implied),Ministry/Department of Health,,,,,http://www.sante.gov.ml/index.php/actualites/communiques/item/3449-communique-du-gouvernement-du-mali-sur-la-prevention-et-la-riposte-a-l-epidemie-de-coronavirus,2020-04-08,2020-04-08T09:29:08Z
R_2ZVPzK2KMzFLvoyNA,7090956,new_entry,original,,,"Mali: The mission of the Applied Molecular Biology Laboratory (Laboratoire de Biologie Moléculaire Appliquée LBMA) ""is to use its platform to provide within three hours the diagnosis of suspected cases of zoonoses such as COVID19 by the real-time PCR method. [...] The LBMA is part of: Mali's ""One Health"" platform; the National Institute of Public Health's (INSP) COVID19 algorithm for the management of suspected cases of disease.""",2020-03-18,2020-03-18,,Mali,MLI,ML,National,1,,,,Health Monitoring,,,,Mali,"One or more countries, but not all countries",,,,,All Residents (Citizen Residents + Foreign Residents),,,Voluntary/Recommended but No Penalties,"Ministry/Department of Health,Other (Please specify in the text box)",,,,,http://www.education.gouv.ml/voir_actu.aspx?lactu=117,2020-04-09,2020-04-09T18:21:32Z
R_3oHKnUs8cDIfqzHNA,8050425,new_entry,original,,,"Any passenger entering the country by airplaine needs to: 
- Complete the declaration of health form
-  present a negative COVID-19 test certificate not more than three days old
- failing this, the passenger will be subjected to the COVID-19 test at the airport and must comply with the following health control measures - notwithstanding the presentation of the negative certificate, in the presence of a symptom of COVID-19, the passenger will be isolated and subjected to the screening test.",2020-07-24,2020-07-24,,Mali,MLI,ML,National,0,,,,Health Monitoring,,,,All countries,All countries,,,,,All Travelers (Citizen Travelers + Foreign Travelers ),Inbound,Flights,Mandatory (Unspecified/Implied),"National Government,Other (Please specify in the text box)",,,,,http://anac-mali.org/images/0004%20MESURES%20OPÉRATIONNELLES%20POUR%20LA%20REPRISE%20DES%20VOLS%20COMMERCIAUX%20AU%20MALI%20EN%20TEMPS%20DE%20COVID%2019.PDF,2020-08-19,2020-08-19T15:22:14Z
R_ZmYxyF8ijMTfx4ZNA,4545211,new_entry,original,,,"Following the reopening of its air borders on 25 July 2020, barrier measures must be respected in the airport area and it is mandatory to present a certificate attesting to the negative status of any passenger arriving in or departing from Mali. This test is carried out only by the National Institute of Public Health.",2020-07-28,2020-07-25,,Mali,MLI,ML,National,0,,,,Health Monitoring,,,,All countries,All countries,,,,,All (Travelers + Residents),Inbound/Outbound,Flights,Mandatory (Unspecified/Implied),Other (Please specify in the text box),,,,,http://anac-mali.org/images/Communiqu_du_MSAS_sur_la_rouverture_des_frontires_ariennes.pdf,2020-08-19,2020-08-19T15:33:47Z
R_At9DjHO4a1PA0sVCo,9322902,new_entry,original,,,"On April 10th, Mali's president Keita announced the 'un malien, un masque' policy, in which he announces ordering 20 million masks for the region of Bamako.",2020-04-10,2020-04-10,,Mali,MLI,ML,National,1,,,,Health Resources,Masks,,,Mali,One or more geographical or administrative units within one or more countries,,,Bamako,,All Residents (Citizen Residents + Foreign Residents),Inbound,,Voluntary/Recommended but No Penalties,"National Government,Ministry/Department of Health",,,,,http://www.visionguinee.info/2020/04/12/coronavirus-ibk-du-mali-commande-20-millions-de-masques/,2020-04-13,2020-04-13T15:40:46Z
R_1n6DJ4Hd3t6ntLpGb,5725612,new_entry,original,,,"During a visit from the Minister of Health (27th may 2020), the Governor of Timbuktu confirmed that the 130 million CFA Franc of government aid had been received and distributed according to a distribution key, namely 50 million for the regional health directorate and 80 million for the treatment centre. In-kind contributions have been received from partners engaged in the fight against Covid-19 in Timbuktu Region.

On the issue of staff shortages, the Minister pointed out that soon the department's director of human resources will make doctors and nurses available to Timbuktu's health care. Equipment will also be reinforced and the head of the department promised to equip at least one of the northern regions with a mobile laboratory to detect the disease in time for treatment instead of referring each time to Bamako.",2020-05-27,2020-05-27,,Mali,MLI,ML,National,1,,,,Health Resources,Unspecified Health Materials,,,Mali,One or more provinces within one or more countries,,Timbuktu,,,All Residents (Citizen Residents + Foreign Residents),,Not Applicable,Voluntary/Recommended but No Penalties,"National Government,Ministry/Department of Health,Provincial/State Government",,,,,http://www.sante.gov.ml/index.php/actualites/presse,2020-07-22,2020-07-22T08:35:23Z
R_1n6DJ4Hd3t6ntLpGa,5725612,new_entry,original,,,"During a visit from the Minister of Health (27th may 2020), the Governor of Timbuktu confirmed that the 130 million CFA Franc of government aid had been received and distributed according to a distribution key, namely 50 million for the regional health directorate and 80 million for the treatment centre. In-kind contributions have been received from partners engaged in the fight against Covid-19 in Timbuktu Region.

On the issue of staff shortages, the Minister pointed out that soon the department's director of human resources will make doctors and nurses available to Timbuktu's health care. Equipment will also be reinforced and the head of the department promised to equip at least one of the northern regions with a mobile laboratory to detect the disease in time for treatment instead of referring each time to Bamako.",2020-05-27,2020-05-27,,Mali,MLI,ML,National,1,,,,Health Resources,Unspecified Health Infrastructure,,,Mali,One or more provinces within one or more countries,,Timbuktu,,,All Residents (Citizen Residents + Foreign Residents),,Not Applicable,Voluntary/Recommended but No Penalties,"National Government,Ministry/Department of Health,Provincial/State Government",,,,,http://www.sante.gov.ml/index.php/actualites/presse,2020-07-22,2020-07-22T08:35:23Z
R_1n6DJ4Hd3t6ntLpBi,5725612,new_entry,original,,,"During a visit from the Minister of Health (27th may 2020), the Governor of Timbuktu confirmed that the 130 million CFA Franc of government aid had been received and distributed according to a distribution key, namely 50 million for the regional health directorate and 80 million for the treatment centre. In-kind contributions have been received from partners engaged in the fight against Covid-19 in Timbuktu Region.

On the issue of staff shortages, the Minister pointed out that soon the department's director of human resources will make doctors and nurses available to Timbuktu's health care. Equipment will also be reinforced and the head of the department promised to equip at least one of the northern regions with a mobile laboratory to detect the disease in time for treatment instead of referring each time to Bamako.",2020-05-27,2020-05-27,,Mali,MLI,ML,National,1,,,,Health Resources,Doctors,,,Mali,One or more provinces within one or more countries,,Timbuktu,,,All Residents (Citizen Residents + Foreign Residents),,Not Applicable,Voluntary/Recommended but No Penalties,"National Government,Ministry/Department of Health,Provincial/State Government",,,,,http://www.sante.gov.ml/index.php/actualites/presse,2020-07-22,2020-07-22T08:35:23Z
R_1n6DJ4Hd3t6ntLpCx,5725612,new_entry,original,,,"During a visit from the Minister of Health (27th may 2020), the Governor of Timbuktu confirmed that the 130 million CFA Franc of government aid had been received and distributed according to a distribution key, namely 50 million for the regional health directorate and 80 million for the treatment centre. In-kind contributions have been received from partners engaged in the fight against Covid-19 in Timbuktu Region.

On the issue of staff shortages, the Minister pointed out that soon the department's director of human resources will make doctors and nurses available to Timbuktu's health care. Equipment will also be reinforced and the head of the department promised to equip at least one of the northern regions with a mobile laboratory to detect the disease in time for treatment instead of referring each time to Bamako.",2020-05-27,2020-05-27,,Mali,MLI,ML,National,1,,,,Health Resources,Nurses,,,Mali,One or more provinces within one or more countries,,Timbuktu,,,All Residents (Citizen Residents + Foreign Residents),,Not Applicable,Voluntary/Recommended but No Penalties,"National Government,Ministry/Department of Health,Provincial/State Government",,,,,http://www.sante.gov.ml/index.php/actualites/presse,2020-07-22,2020-07-22T08:35:23Z
R_27rElkiX0YInKabCf,1139695,new_entry,original,,,"A meeting is initiated by the President of the Republic with all stakeholders in the issue of health, including ""l´ordre des médecins du Mali"" and users, in order to accelerate the implementation of the modernization plan for all hospitals in Bamako.",2020-06-14,2020-06-14,,Mali,MLI,ML,National,1,,,,Health Resources,Hospitals,,,Mali,One or more geographical or administrative units within one or more countries,,,Bamako,,All Residents (Citizen Residents + Foreign Residents),,Not Applicable,Voluntary/Recommended but No Penalties,"National Government,Ministry/Department of Health",,,,,https://www.facebook.com/GouvMali/posts/2832746736949163?__tn__=K-R ; https://www.financialafrik.com/2020/06/15/ibk-du-mali-jai-entendu-les-coleres-les-cris-et-les-revendications/ ; https://www.maliweb.net/nation/adresse-a-la-nation-ibk-annonce-une-rencontre-avec-le-mouvement-du-5-juin-et-appelle-au-dialogue-2879633.html,2020-06-30,2020-06-30T19:03:54Z
R_3j2qBewr5NWi7USNA,8173104,new_entry,original,,,"on march 12, Mali announces that all incoming passengers from countries with more than 500 cases who show major symptoms and fever superior to 37.5 degrees C will be taken to a medical facility to be tested.",2020-03-12,2020-03-12,,Mali,MLI,ML,National,0,,,,Health Testing,,,,Bolivia,"One or more countries, but not all countries",,,,,All (Travelers + Residents),Inbound,"Flights,Land Border",Mandatory (Unspecified/Implied),"National Government,Ministry/Department of Health",,,,,http://www.sante.gov.ml/index.php/actualites/communiques/item/3449-communique-du-gouvernement-du-mali-sur-la-prevention-et-la-riposte-a-l-epidemie-de-coronavirus,2020-04-08,2020-04-08T09:47:35Z
R_3dQUg79v2Rs4yyNNA,3726759,new_entry,original,,,"On April 9th 2020, ""the Malian Parliament unanimously approved the ratification of the treaty establishing the African Medicines Agency (AMA) as a specialised agency of the African Union (AU). Mali is the second country who ratified, after Rwanda. [...] The treaty will enter into force once fifteen AU member states have ratified it."" The aim is to promote the regulation of medical products on the African continent.",2020-04-10,2020-04-09,,Mali,MLI,ML,National,1,,,,"New Task Force, Bureau or Administrative Configuration",,,,Mali,,,,,,All Residents (Citizen Residents + Foreign Residents),,,Mandatory (Unspecified/Implied),National Government,,,,,https://www.mandeinfos.com/2020/04/10/communique-de-presse-2/,2020-04-11,2020-04-11T10:51:44Z
R_enFPzq2G0NIV1LPNA,5371561,new_entry,correction,,,"In Mali, the national parliamentary elections on March 29 2020 (1st round) were maintained, a day after the country's first coronavirus death. The second round was hold on April 19, 2020. 
",2020-03-25,2020-03-29,2020-03-29,Mali,MLI,ML,National,1,,,,Other Policy Not Listed Above,,A government´s decision to maintain certain events such as elections despite the risk of spreading the Corona virus,,Mali,,,,,,All Residents (Citizen Residents + Foreign Residents),,,Voluntary/Recommended but No Penalties,National Government,,,,,https://p.dw.com/p/3b3Uq ; https://www.electionsguinee.org/mali-second-tour-des-legislatives-du-19-avril-2020-declaration-preliminaire-de-la-synergie-des-organisations-de-la-societe-civile-et-de-la-cndh/,2020-04-21,2020-04-21T15:10:55Z
R_21d3p3m2DYCrfWLNA,1075017,new_entry,original,,,"April 10, 2020 ""Malian President Ibrahim Boubacar Keita has announced a coronavirus aid package [worth some 500 billion CFA francs (USD 832 million)] for poor people and hard-hit firms, as cases continue to rise in the war-torn West African state. [...] the government would shoulder water and electricity bills for the poorest people in April and May, among other measures. [...] The government would also distribute 56,000 tonnes of grain in food aid and 16,000 tonnes of animal feed, he added, and allow tax rebates for firms hit hard by the virus.",2020-04-10,2020-04-10,2020-05-31,Mali,MLI,ML,National,1,,,,Other Policy Not Listed Above,,"A political measure providing financial aid, distributing food etc. to population groups",,Mali,"One or more countries, but not all countries",,,,,All Residents (Citizen Residents + Foreign Residents),,,Voluntary/Recommended but No Penalties,National Government,,,,,https://www.outlookindia.com/newsscroll/mali-announces-coronavirus-aid-package-maintains-election-date/1799110 ; https://www.ecofinagency.com/public-management/1404-41244-mali-sets-cfa500-bln-covid-19-response-plan,2020-05-09,2020-05-09T18:20:45Z
R_8oeLwffPHmmYoxjNA,5278947,new_entry,correction,,,"In Mali, every passenger arriving into the country will be receiving health and hygiene government recommendations and the 'green number' to call for information.",2020-03-12,2020-03-12,,Mali,MLI,ML,National,1,,,,Public Awareness Measures,,,,Mali,,,,,,All Residents (Citizen Residents + Foreign Residents),,,Voluntary/Recommended but No Penalties,Ministry/Department of Health,,,,,http://www.sante.gov.ml/index.php/actualites/communiques/item/3449-communique-du-gouvernement-du-mali-sur-la-prevention-et-la-riposte-a-l-epidemie-de-coronavirus,2020-07-23,2020-07-23T12:15:16Z
R_2YXP8pA9iIu93b6Bh,9345153,new_entry,original,,,"Since 7 July and for a period of two months, the Civil Affairs Division of MINUSMA has been implementing a ""Citizen Mobilization for Zero Coronavirus in Mali"" project, in collaboration with Junior Chamber International (JCI) and the Coalition of Alternative Debts of Mali (CAD-MALI). This project, which concerns Bamako and several regions of Mali, aims to support the fight against coronavirus by involving civil society actors.

Through its important communication component, nearly five million people will be indirectly reached by the awareness messages, thanks in particular to community radio stations, public notices in six languages, loudspeakers in public places, social networks and through the distribution of handwashing kits.

In addition to the six communes of the District of Bamako, activities have already taken place in Mopti, Bandiagara, Djenné, Ségou and Gao. They will continue until the end of August in Timbuktu, Kidal, Ménaka, Taoudéni, Douentza and Tessalit.",2020-07-21,2020-07-07,2020-09-07,Mali,MLI,ML,National,1,,,,Public Awareness Measures,Disseminating information related to COVID-19 to the public that is reliable and factually accurate,,,Mali,"One or more countries, but not all countries",,,,,All Residents (Citizen Residents + Foreign Residents),,,Voluntary/Recommended but No Penalties,"Ministry/Department of Health,Provincial/State Government,Municipal Government,Other (Please specify in the text box)",,,,,https://minusma.unmissions.org/lutte-contre-la-covid-19%C2%A0-lorsque-les-acteurs-de-la-société-civile-œuvrent-pour-la-santé-publique,2020-07-22,2020-07-22T08:14:34Z
R_1jD2DePYlKJmraqFk,4022452,new_entry,correction,,,"On March12, Mali is enforcing a 14 day self quarantine on all passengers coming from a corona afflicted country if they have a temperature superior to 37.5 degrees celsius or show other minor symptoms. ""Travelers with major symtoms will be transported to an isolation site""",2020-03-12,2020-03-12,,Mali,MLI,ML,National,0,,,,Quarantine,Self-Quarantine (i.e. quarantine at home),,,All countries,All countries,,,,,All Travelers (Citizen Travelers + Foreign Travelers ),Inbound,"Flights,Land Border",Mandatory (Unspecified/Implied),"National Government,Ministry/Department of Health",,,,,http://www.sante.gov.ml/index.php/actualites/communiques/item/3449-communique-du-gouvernement-du-mali-sur-la-prevention-et-la-riposte-a-l-epidemie-de-coronavirus,2020-07-14,2020-07-14T16:13:41Z
R_1jD2DePYlKJmraqBv,4022452,new_entry,correction,,,"On March12, Mali is enforcing a 14 day self quarantine on all passengers coming from a corona afflicted country if they have a temperature superior to 37.5 degrees celsius or show other minor symptoms. ""Travelers with major symtoms will be transported to an isolation site""",2020-03-12,2020-03-12,,Mali,MLI,ML,National,0,,,,Quarantine,Government Quarantine (i.e. quarantine at a government hotel or facility),,,All countries,All countries,,,,,All Travelers (Citizen Travelers + Foreign Travelers ),Inbound,"Flights,Land Border",Mandatory (Unspecified/Implied),"National Government,Ministry/Department of Health",,,,,http://www.sante.gov.ml/index.php/actualites/communiques/item/3449-communique-du-gouvernement-du-mali-sur-la-prevention-et-la-riposte-a-l-epidemie-de-coronavirus,2020-07-14,2020-07-14T16:13:41Z
R_2bIEtsWiiHNvxKSFi,2065533Fi,new_entry,original,,,"On March 30th, Mali announced reduced work hours to 7h30 to 2pm without any breaks, effective wednesday april 1st.",2020-03-30,2020-04-01,,Mali,MLI,ML,National,1,,,,Restriction and Regulation of Businesses,Retail Businesses,,"This type of business  (""Retail Businesses"") is closed/locked down",Mali,,,,,,All Residents (Citizen Residents + Foreign Residents),,,Mandatory (Unspecified/Implied),National Government,,,,,https://maliactu.net/mali-communique-du-gouvernement-par-rapport-aux-horaires-de-travail-dans-le-cadre-de-la-prevention-et-de-la-riposte-a-la-pandemie-de-coronavirus-ou-covid-19/,2020-04-08,2020-04-08T11:02:27Z
R_2bIEtsWiiHNvxKSEu,2065533Eu,new_entry,original,,,"On March 30th, Mali announced reduced work hours to 7h30 to 2pm without any breaks, effective wednesday april 1st.",2020-03-30,2020-04-01,,Mali,MLI,ML,National,1,,,,Restriction and Regulation of Businesses,Restaurants,,"This type of business  (""Restaurants"") is closed/locked down",Mali,,,,,,All Residents (Citizen Residents + Foreign Residents),,,Mandatory (Unspecified/Implied),National Government,,,,,https://maliactu.net/mali-communique-du-gouvernement-par-rapport-aux-horaires-de-travail-dans-le-cadre-de-la-prevention-et-de-la-riposte-a-la-pandemie-de-coronavirus-ou-covid-19/,2020-04-08,2020-04-08T11:02:27Z
R_2bIEtsWiiHNvxKSFn,2065533Fn,new_entry,original,,,"On March 30th, Mali announced reduced work hours to 7h30 to 2pm without any breaks, effective wednesday april 1st.",2020-03-30,2020-04-01,,Mali,MLI,ML,National,1,,,,Restriction and Regulation of Businesses,Shopping Centers,,"This type of business  (""Shopping Centers"") is closed/locked down",Mali,,,,,,All Residents (Citizen Residents + Foreign Residents),,,Mandatory (Unspecified/Implied),National Government,,,,,https://maliactu.net/mali-communique-du-gouvernement-par-rapport-aux-horaires-de-travail-dans-le-cadre-de-la-prevention-et-de-la-riposte-a-la-pandemie-de-coronavirus-ou-covid-19/,2020-04-08,2020-04-08T11:02:27Z
R_2bIEtsWiiHNvxKSBe,2065533Be,new_entry,original,,,"On March 30th, Mali announced reduced work hours to 7h30 to 2pm without any breaks, effective wednesday april 1st.",2020-03-30,2020-04-01,,Mali,MLI,ML,National,1,,,,Restriction and Regulation of Businesses,Commercial Businesses,,"This type of business  (""Commercial Businesses"") is closed/locked down",Mali,,,,,,All Residents (Citizen Residents + Foreign Residents),,,Mandatory (Unspecified/Implied),National Government,,,,,https://maliactu.net/mali-communique-du-gouvernement-par-rapport-aux-horaires-de-travail-dans-le-cadre-de-la-prevention-et-de-la-riposte-a-la-pandemie-de-coronavirus-ou-covid-19/,2020-04-08,2020-04-08T11:02:27Z
R_2bIEtsWiiHNvxKSDq,2065533Dq,new_entry,original,,,"On March 30th, Mali announced reduced work hours to 7h30 to 2pm without any breaks, effective wednesday april 1st.",2020-03-30,2020-04-01,,Mali,MLI,ML,National,1,,,,Restriction and Regulation of Businesses,Personal Grooming Businesses (e.g. hair salons),,"This type of business  (""Personal Grooming Businesses (e.g. hair salons)"") is closed/locked down",Mali,,,,,,All Residents (Citizen Residents + Foreign Residents),,,Mandatory (Unspecified/Implied),National Government,,,,,https://maliactu.net/mali-communique-du-gouvernement-par-rapport-aux-horaires-de-travail-dans-le-cadre-de-la-prevention-et-de-la-riposte-a-la-pandemie-de-coronavirus-ou-covid-19/,2020-04-08,2020-04-08T11:02:27Z
R_1P6uPdpjiIF441yDb,9324564Db,new_entry,original,,,"On april 10th, Mali's ministry of health formally bans all commercialization of chloroquine phosphate and discourages the consumption of the product, which does not meet certain pharmaceutical norms yet is confused with chloroquine which is thought to help fight to virus. The ministry encourages the cooperation of importers, sellers, and consumers. Any person found in possession of this medicine will be subject to legal consequences.",2020-04-09,2020-04-09,,Mali,MLI,ML,National,1,,,,Restriction and Regulation of Businesses,Other Businesses,,"This type of business  (""Other Businesses"") is closed/locked down",Mali,,,,,,All Residents (Citizen Residents + Foreign Residents),,,Mandatory with Legal Penalties (Jail Time),"National Government,Ministry/Department of Health",,,,,http://www.sante.gov.ml/index.php/actualites/communiques/item/3482-communique-du-ministere-de-la-sante-et-des-affaires-sociales-sur-la-presence-d-un-produit-pharmaceutique-assimile-a-de-la-chloroquine,2020-04-13,2020-04-13T14:29:37Z
R_ZyHgIBR7M2VDUVHEu,6060723Eu,new_entry,original,,,"Mali closes all bars and clubs on March 17th, effective on March 19th until further notice.",2020-03-17,2020-04-19,,Mali,MLI,ML,National,1,,,,Restriction and Regulation of Businesses,Restaurants,,"This type of business  (""Restaurants"") is closed/locked down",,,,,,,All Residents (Citizen Residents + Foreign Residents),,,Mandatory (Unspecified/Implied),National Government,,,,,http://www.sante.gov.ml/index.php/actualites/communiques/item/3455-communique-de-la-session-extraordinaire-du-conseil-superieur-de-la-defense-nationale-du-17-mars-2020,2020-04-03,2020-04-03T21:30:22Z
R_2EyKYQUgpz2pfyMFi,2065533Fi,update,original,End of Policy,,"On March 30th, Mali announced reduced work hours to 7h30 to 2pm without any breaks, effective wednesday april 1st. This policy takes end on 1 August 2020:  Normal working hours shall be re-established throughout the national territory.The alternation of working days shall be discontinued. UPDATE: Normal working hours shall be re-established throughout the national territory of Mali with effect from 1 August 2020. The alternation of working days shall be discontinued.",2020-07-24,2020-08-01,,Mali,MLI,ML,National,1,,,,Restriction and Regulation of Businesses,Retail Businesses,,,Mali,,,,,,All Residents (Citizen Residents + Foreign Residents),,,Mandatory (Unspecified/Implied),National Government,,,,,NA ; https://www.journaldumali.com/2020/07/24/mali-coronavirus-ouverture-frontieres-reprise-horaires-de-travail/ ; https://www.droit-afrique.com/uploads/Mali-Decret-2020-324-reouverture-frontieres-coronavirus.pdf,2020-08-19,2020-08-19T15:46:17Z
R_2EyKYQUgpz2pfyMEu,2065533Eu,update,original,End of Policy,,"On March 30th, Mali announced reduced work hours to 7h30 to 2pm without any breaks, effective wednesday april 1st. This policy takes end on 1 August 2020:  Normal working hours shall be re-established throughout the national territory.The alternation of working days shall be discontinued. UPDATE: Normal working hours shall be re-established throughout the national territory of Mali with effect from 1 August 2020. The alternation of working days shall be discontinued.",2020-07-24,2020-08-01,,Mali,MLI,ML,National,1,,,,Restriction and Regulation of Businesses,Restaurants,,,Mali,,,,,,All Residents (Citizen Residents + Foreign Residents),,,Mandatory (Unspecified/Implied),National Government,,,,,NA ; https://www.journaldumali.com/2020/07/24/mali-coronavirus-ouverture-frontieres-reprise-horaires-de-travail/ ; https://www.droit-afrique.com/uploads/Mali-Decret-2020-324-reouverture-frontieres-coronavirus.pdf,2020-08-19,2020-08-19T15:46:17Z
R_2EyKYQUgpz2pfyMFn,2065533Fn,update,original,End of Policy,,"On March 30th, Mali announced reduced work hours to 7h30 to 2pm without any breaks, effective wednesday april 1st. This policy takes end on 1 August 2020:  Normal working hours shall be re-established throughout the national territory.The alternation of working days shall be discontinued. UPDATE: Normal working hours shall be re-established throughout the national territory of Mali with effect from 1 August 2020. The alternation of working days shall be discontinued.",2020-07-24,2020-08-01,,Mali,MLI,ML,National,1,,,,Restriction and Regulation of Businesses,Shopping Centers,,,Mali,,,,,,All Residents (Citizen Residents + Foreign Residents),,,Mandatory (Unspecified/Implied),National Government,,,,,NA ; https://www.journaldumali.com/2020/07/24/mali-coronavirus-ouverture-frontieres-reprise-horaires-de-travail/ ; https://www.droit-afrique.com/uploads/Mali-Decret-2020-324-reouverture-frontieres-coronavirus.pdf,2020-08-19,2020-08-19T15:46:17Z
R_2EyKYQUgpz2pfyMBe,2065533Be,update,original,End of Policy,,"On March 30th, Mali announced reduced work hours to 7h30 to 2pm without any breaks, effective wednesday april 1st. This policy takes end on 1 August 2020:  Normal working hours shall be re-established throughout the national territory.The alternation of working days shall be discontinued. UPDATE: Normal working hours shall be re-established throughout the national territory of Mali with effect from 1 August 2020. The alternation of working days shall be discontinued.",2020-07-24,2020-08-01,,Mali,MLI,ML,National,1,,,,Restriction and Regulation of Businesses,Commercial Businesses,,,Mali,,,,,,All Residents (Citizen Residents + Foreign Residents),,,Mandatory (Unspecified/Implied),National Government,,,,,NA ; https://www.journaldumali.com/2020/07/24/mali-coronavirus-ouverture-frontieres-reprise-horaires-de-travail/ ; https://www.droit-afrique.com/uploads/Mali-Decret-2020-324-reouverture-frontieres-coronavirus.pdf,2020-08-19,2020-08-19T15:46:17Z
R_2EyKYQUgpz2pfyMDq,2065533Dq,update,original,End of Policy,,"On March 30th, Mali announced reduced work hours to 7h30 to 2pm without any breaks, effective wednesday april 1st. This policy takes end on 1 August 2020:  Normal working hours shall be re-established throughout the national territory.The alternation of working days shall be discontinued. UPDATE: Normal working hours shall be re-established throughout the national territory of Mali with effect from 1 August 2020. The alternation of working days shall be discontinued.",2020-07-24,2020-08-01,,Mali,MLI,ML,National,1,,,,Restriction and Regulation of Businesses,Personal Grooming Businesses (e.g. hair salons),,,Mali,,,,,,All Residents (Citizen Residents + Foreign Residents),,,Mandatory (Unspecified/Implied),National Government,,,,,NA ; https://www.journaldumali.com/2020/07/24/mali-coronavirus-ouverture-frontieres-reprise-horaires-de-travail/ ; https://www.droit-afrique.com/uploads/Mali-Decret-2020-324-reouverture-frontieres-coronavirus.pdf,2020-08-19,2020-08-19T15:46:17Z
R_1jjthVkHLTS2jJYNA,7808610,new_entry,original,,,"On March 12th Mali suspends all important gatherings until further notice, such as festivals, concerts, conferences, etc. No specified cap in how many people can gather at once.",2020-03-12,2020-03-12,,Mali,MLI,ML,National,1,,,,Restrictions of Mass Gatherings,,,,Mali,,,,,,All Residents (Citizen Residents + Foreign Residents),,,Mandatory (Unspecified/Implied),National Government,,,,,http://www.sante.gov.ml/index.php/actualites/communiques/item/3449-communique-du-gouvernement-du-mali-sur-la-prevention-et-la-riposte-a-l-epidemie-de-coronavirus,2020-04-02,2020-04-02T10:59:45Z
R_2fChqYnoSUqTkuqNA,7808610,update,original,,,"Mali on March 17th, limits all gatherings to 50 people maximum in accordance with hygiene rules, and includes cultural and political events, weddings, funerals, sporting events, etc. All public gatherings are banned. UPDATE: Gatherings were limited to 50 and include now funerals, weddings, sporting events, cultural assemblies, and political events.",2020-03-17,2020-03-12,,Mali,MLI,ML,National,1,,,,Restrictions of Mass Gatherings,,,,Mali,,,,,,All Residents (Citizen Residents + Foreign Residents),,,Mandatory (Unspecified/Implied),"National Government,Police",,,,,http://www.sante.gov.ml/index.php/actualites/communiques/item/3455-communique-de-la-session-extraordinaire-du-conseil-superieur-de-la-defense-nationale-du-17-mars-2020,2020-04-03,2020-04-03T21:36:27Z
