record_id,policy_id,entry_type,update_type,update_level,update_level_var,description,date_announced,date_start,date_end,date_end_spec,country,ISO_A3,ISO_A2,init_country_level,domestic_policy,province,ISO_L2,city,type,type_sub_cat,type_new_admin_coop,type_vac_cat,type_vac_mix,type_vac_reg,type_vac_purchase,type_vac_group,type_vac_group_rank,type_vac_who_pays,type_vac_dist_admin,type_vac_loc,type_vac_cost_num,type_vac_cost_scale,type_vac_cost_unit,type_vac_cost_gov_perc,type_vac_amt_num,type_vac_amt_scale,type_vac_amt_unit,type_vac_amt_gov_perc,type_text,institution_cat,institution_status,institution_conditions,target_init_same,target_country,target_geog_level,target_region,target_province,target_city,target_intl_org,target_other,target_who_what,target_who_gen,target_direction,travel_mechanism,compliance,enforcer,dist_index_high_est,dist_index_med_est,dist_index_low_est,dist_index_country_rank,pdf_link,link,date_updated,recorded_date
R_2WU1tBGzbvHc67ANA,8681405,new_entry,,,"","On March 19, 2020, the Ministry of Djibouti started carrying out a daily press point is held by the Secretary General of the Ministry of Health concerning the cases detected, people cured and deaths. The press briefing is in French, it is translated by Djibouti radio and television into local languages.",2021-04-19,2021-04-19,2022-07-15,The policy has an unlimited time span (e.g. recommendation to wash one's hands; passing of a legal bill),Djibouti,DJI,DJ,National,1,,,,Anti-Disinformation Measures,,,"",,,,,,"","","","","","","","","","","",,,,"",Yes,Djibouti,"One or more countries, but not all countries",,,,,,All Residents (Citizen Residents + Foreign Residents),No special population targeted,,,Voluntary/Recommended but No Penalties,"National Government,Ministry/Department of Health",,,,,https://tummgmt.eu.qualtrics.com/Q/File.php?F=F_2WUyXe5sUkaQ4zF,https://sante.gouv.dj/storage/publications/October2020/d2qIs6Cwh4m5OMGe542i.pdf,2021-04-12,2021-04-12T09:00:00Z
R_0vmuwBVZkcWhe0xEl,9990130El,new_entry,,,"",The Government of Djibouti orders the closure of schools and universities from the 19th of March,2020-03-19,2020-03-19,,The policy’s end date is unknown or unreported,Djibouti,DJI,DJ,National,1,,,,Closure and Regulation of Schools,Preschool or childcare facilities (generally for children ages 5 and below),,"",,,,,,"","","","","","","","","","","",,,,"",,Djibouti,,,,,,,All Residents (Citizen Residents + Foreign Residents),,,,Mandatory (Unspecified/Implied),National Government,,,,,https://tummgmt.eu.qualtrics.com/Q/File.php?F=F_1GOXUukRMv0jHXV,https://dj.usembassy.gov/covid-19-information-26-march-2020/,2021-10-31,2021-10-31T14:04:03Z
R_0vmuwBVZkcWhe0xEm,9990130Em,new_entry,,,"",The Government of Djibouti orders the closure of schools and universities from the 19th of March,2020-03-19,2020-03-19,,The policy’s end date is unknown or unreported,Djibouti,DJI,DJ,National,1,,,,Closure and Regulation of Schools,Primary Schools (generally for children ages 10 and below),,"",,,,,,"","","","","","","","","","","",,,,"",,Djibouti,,,,,,,All Residents (Citizen Residents + Foreign Residents),,,,Mandatory (Unspecified/Implied),National Government,,,,,https://tummgmt.eu.qualtrics.com/Q/File.php?F=F_1GOXUukRMv0jHXV,https://dj.usembassy.gov/covid-19-information-26-march-2020/,2021-10-31,2021-10-31T14:04:03Z
R_0vmuwBVZkcWhe0xFw,9990130Fw,new_entry,,,"",The Government of Djibouti orders the closure of schools and universities from the 19th of March,2020-03-19,2020-03-19,,The policy’s end date is unknown or unreported,Djibouti,DJI,DJ,National,1,,,,Closure and Regulation of Schools,Secondary Schools (generally for children ages 10 to 18),,"",,,,,,"","","","","","","","","","","",,,,"",,Djibouti,,,,,,,All Residents (Citizen Residents + Foreign Residents),,,,Mandatory (Unspecified/Implied),National Government,,,,,https://tummgmt.eu.qualtrics.com/Q/File.php?F=F_1GOXUukRMv0jHXV,https://dj.usembassy.gov/covid-19-information-26-march-2020/,2021-10-31,2021-10-31T14:04:03Z
R_0vmuwBVZkcWhe0xCe,9990130Ce,new_entry,,,"",The Government of Djibouti orders the closure of schools and universities from the 19th of March,2020-03-19,2020-03-19,,The policy’s end date is unknown or unreported,Djibouti,DJI,DJ,National,1,,,,Closure and Regulation of Schools,Higher education institutions (i.e. degree granting institutions),,"",,,,,,"","","","","","","","","","","",,,,"",,Djibouti,,,,,,,All Residents (Citizen Residents + Foreign Residents),,,,Mandatory (Unspecified/Implied),National Government,,,,,https://tummgmt.eu.qualtrics.com/Q/File.php?F=F_1GOXUukRMv0jHXV,https://dj.usembassy.gov/covid-19-information-26-march-2020/,2021-10-31,2021-10-31T14:04:03Z
R_1dbQOupSiI3PaefCe,1484027Ce,new_entry,,,"","On 11 May, as part of a gradual deconfinement, the Minister of Higher Education and Research in Djibouti announced the  public and private  institutions of higher education, under the conditions of installing hand device at the entrance to their establishment, organizing social distancing within and outside their establishment, providing and having the personnel carry the necessary hygienic material, and regularly disinfecting their premises",2020-05-10,2020-05-11,,The policy’s end date is unknown or unreported,Djibouti,DJI,DJ,National,1,,,,Closure and Regulation of Schools,Higher education institutions (i.e. degree granting institutions),,"",,,,,,"","","","","","","","","","","",,,Higher education institutions allowed to open with no conditions,"",Yes,Djibouti,"One or more countries, but not all countries",,,,,,All Residents (Citizen Residents + Foreign Residents),Other population not specifed above,,,"Mandatory with Legal Penalties (Jail Time),Mandatory with Fines","National Government,Ministry/Department of Education",,,,,https://tummgmt.eu.qualtrics.com/Q/File.php?F=F_2BxL60OPc2M00yq ; https://tummgmt.eu.qualtrics.com/Q/File.php?F=F_3dRFDGDNosQmDan,https://reliefweb.int/sites/reliefweb.int/files/resources/Djibouti%20COVID19%20Sitrep%208.pdf,2021-04-11,2021-04-11T19:06:08Z
R_3M9bf4CZbZaTWLnEl,9990130El,update,Change of Policy,Strengthening,timing of policy strengthening,"The Government of Djibouti orders the closure of schools and universities from the 19th of March 

Update: The original policy to close schools instated on March 19 has been extended to the academic year of 2020-2021 by presidential decree on May 10,2020 UPDATE: The original policy to close schools instated on March 19 has been extended to the academic year of 2020-2021",2020-05-10,2020-05-11,,The policy’s end date is unknown or unreported,Djibouti,DJI,DJ,National,1,,,,Closure and Regulation of Schools,Preschool or childcare facilities (generally for children ages 5 and below),,"",,,,,,"","","","","","","","","","","",,,,"",,Djibouti,,,,,,,All Residents (Citizen Residents + Foreign Residents),,,,Mandatory (Unspecified/Implied),National Government,,,,,https://tummgmt.eu.qualtrics.com/Q/File.php?F=F_1GOXUukRMv0jHXV ; https://tummgmt.eu.qualtrics.com/Q/File.php?F=F_3I0LyxXvWqsh5cC,NA ; https://wiki.unece.org/download/attachments/101548957/Djibouti%20presidential%20decree.pdf?version=1&modificationDate=1596793132673&api=v2,2021-04-11,2021-04-11T21:07:45Z
R_3M9bf4CZbZaTWLnEm,9990130Em,update,Change of Policy,Strengthening,timing of policy strengthening,"The Government of Djibouti orders the closure of schools and universities from the 19th of March 

Update: The original policy to close schools instated on March 19 has been extended to the academic year of 2020-2021 by presidential decree on May 10,2020 UPDATE: The original policy to close schools instated on March 19 has been extended to the academic year of 2020-2021",2020-05-10,2020-05-11,,The policy’s end date is unknown or unreported,Djibouti,DJI,DJ,National,1,,,,Closure and Regulation of Schools,Primary Schools (generally for children ages 10 and below),,"",,,,,,"","","","","","","","","","","",,,,"",,Djibouti,,,,,,,All Residents (Citizen Residents + Foreign Residents),,,,Mandatory (Unspecified/Implied),National Government,,,,,https://tummgmt.eu.qualtrics.com/Q/File.php?F=F_1GOXUukRMv0jHXV ; https://tummgmt.eu.qualtrics.com/Q/File.php?F=F_3I0LyxXvWqsh5cC,NA ; https://wiki.unece.org/download/attachments/101548957/Djibouti%20presidential%20decree.pdf?version=1&modificationDate=1596793132673&api=v2,2021-04-11,2021-04-11T21:07:45Z
R_3M9bf4CZbZaTWLnFw,9990130Fw,update,Change of Policy,Strengthening,timing of policy strengthening,"The Government of Djibouti orders the closure of schools and universities from the 19th of March 

Update: The original policy to close schools instated on March 19 has been extended to the academic year of 2020-2021 by presidential decree on May 10,2020 UPDATE: The original policy to close schools instated on March 19 has been extended to the academic year of 2020-2021",2020-05-10,2020-05-11,,The policy’s end date is unknown or unreported,Djibouti,DJI,DJ,National,1,,,,Closure and Regulation of Schools,Secondary Schools (generally for children ages 10 to 18),,"",,,,,,"","","","","","","","","","","",,,,"",,Djibouti,,,,,,,All Residents (Citizen Residents + Foreign Residents),,,,Mandatory (Unspecified/Implied),National Government,,,,,https://tummgmt.eu.qualtrics.com/Q/File.php?F=F_1GOXUukRMv0jHXV ; https://tummgmt.eu.qualtrics.com/Q/File.php?F=F_3I0LyxXvWqsh5cC,NA ; https://wiki.unece.org/download/attachments/101548957/Djibouti%20presidential%20decree.pdf?version=1&modificationDate=1596793132673&api=v2,2021-04-11,2021-04-11T21:07:45Z
R_3M9bf4CZbZaTWLnCe,9990130Ce,update,Change of Policy,Strengthening,timing of policy strengthening,"The Government of Djibouti orders the closure of schools and universities from the 19th of March 

Update: The original policy to close schools instated on March 19 has been extended to the academic year of 2020-2021 by presidential decree on May 10,2020 UPDATE: The original policy to close schools instated on March 19 has been extended to the academic year of 2020-2021",2020-05-10,2020-05-11,,The policy’s end date is unknown or unreported,Djibouti,DJI,DJ,National,1,,,,Closure and Regulation of Schools,Higher education institutions (i.e. degree granting institutions),,"",,,,,,"","","","","","","","","","","",,,,"",,Djibouti,,,,,,,All Residents (Citizen Residents + Foreign Residents),,,,Mandatory (Unspecified/Implied),National Government,,,,,https://tummgmt.eu.qualtrics.com/Q/File.php?F=F_1GOXUukRMv0jHXV ; https://tummgmt.eu.qualtrics.com/Q/File.php?F=F_3I0LyxXvWqsh5cC,NA ; https://wiki.unece.org/download/attachments/101548957/Djibouti%20presidential%20decree.pdf?version=1&modificationDate=1596793132673&api=v2,2021-04-11,2021-04-11T21:07:45Z
R_1mOFR0TPA4AUrpEGx,6722897,new_entry,,,"","Information for visa applicants regarding novel coronavirus:  As of March 15, 2020 the United States Embassy in Djibouti has suspended routine visa appointments. We will resume routine visa services as soon as possible but are unable to provide a specific date at this time",2020-03-15,2020-03-15,,The policy’s end date is unknown or unreported,Djibouti,DJI,DJ,National,0,,,,External Border Restrictions,Visa restrictions (e.g. suspend issuance of visa),,"",,,,,,"","","","","","","","","","","",,,,"",No,,All countries,,,,,,All Travelers (Citizen Travelers + Foreign Travelers ),,Inbound,All kinds of transport,Mandatory (Unspecified/Implied),Ministry/Department of Foreign Affairs,,,,,https://tummgmt.eu.qualtrics.com/Q/File.php?F=F_1rGgMjbmtYkAWyL,https://dj.usembassy.gov/information-for-visa-applicants-regarding-novel-coronavirus/,2021-10-31,2021-10-31T14:06:03Z
R_2f3BMxCWPc5E2QPGl,6934851,new_entry,,,"","Government of Djibouti announced the closure of all land, sea and air border from the 18th of March, 2020.",2020-03-18,2020-03-18,,The policy’s end date is unknown or unreported,Djibouti,DJI,DJ,National,0,,,,External Border Restrictions,Total border crossing ban,,"",,,,,,"","","","","","","","","","","",,,,"",No,All countries,All countries,,,,,,All (Travelers + Residents),,Inbound/Outbound,All kinds of transport,Mandatory (Unspecified/Implied),National Government,,,,,https://tummgmt.eu.qualtrics.com/Q/File.php?F=F_30q5FD75hbM91r5,https://dj.usembassy.gov/covid-19-information-26-march-2020/,2022-05-08,2022-05-08T18:32:03Z
R_1Du8Krb6LBO1AV8Gl,9759243,new_entry,,,"","Djibouti's passenger service on the Djibouti-Addis Ababa railroad was suspended as of March 20 given that all borders have been closed on the 18th of March 



",2020-03-20,2020-04-20,,The policy’s end date is unknown or unreported,Djibouti,DJI,DJ,National,0,,,,External Border Restrictions,Total border crossing ban,,"",,,,,,"","","","","","","","","","","",,,,"",No,"Djibouti,Ethiopia","One or more countries, but not all countries",,,,,,All (Travelers + Residents),,Inbound/Outbound,Trains,Mandatory (Unspecified/Implied),National Government,,,,,https://tummgmt.eu.qualtrics.com/Q/File.php?F=F_78TM0oXN95Aerxn,https://dj.usembassy.gov/covid-19-information-26-march-2020/,2021-10-31,2021-10-31T14:10:57Z
R_3Dcj1vApCYX43cqEr,9442142,new_entry,,,"",Djiboutian airspace is expected to start re-opening from 17 July. Entry to Djibouti is currently not permitted. Djibouti’s borders and airspace are currently shut except for those providing essential services eg transporting goods. Partial lifting of entry restrictions expected from 17 July. The requirements for entry have not yet been finalised. Travellers are advised to confirm entry requirements before booking travel.,2020-07-09,2020-07-17,,The policy’s end date is unknown or unreported,Djibouti,DJI,DJ,National,0,,,,External Border Restrictions,Proof of COVID-19 vaccination,,"",,,,,,"","","","","","","","","","","",,,,"",No,All countries,All countries,,,,,,All (Travelers + Residents),No special population targeted,Inbound,Flights,Mandatory (Unspecified/Implied),National Government,,,,,https://tummgmt.eu.qualtrics.com/Q/File.php?F=F_1K6zg4HZdlgUxKT,https://travelbans.org/africa/djibouti/,2021-05-25,2021-05-25T17:08:39Z
R_3Dcj1vApCYX43cqDq,9442142,new_entry,,,"",Djiboutian airspace is expected to start re-opening from 17 July. Entry to Djibouti is currently not permitted. Djibouti’s borders and airspace are currently shut except for those providing essential services eg transporting goods. Partial lifting of entry restrictions expected from 17 July. The requirements for entry have not yet been finalised. Travellers are advised to confirm entry requirements before booking travel.,2020-07-09,2020-07-17,,The policy’s end date is unknown or unreported,Djibouti,DJI,DJ,National,0,,,,External Border Restrictions,Other External Border Restriction,,"",,,,,,"","","","","","","","","","","",,,,"",No,All countries,All countries,,,,,,All (Travelers + Residents),No special population targeted,Inbound,Flights,Mandatory (Unspecified/Implied),National Government,,,,,https://tummgmt.eu.qualtrics.com/Q/File.php?F=F_1K6zg4HZdlgUxKT,https://travelbans.org/africa/djibouti/,2021-05-25,2021-05-25T17:08:39Z
R_33CF04ZIuCgTBytEr,493815,new_entry,,,"","On 7 August, Ethiopia has resumed air and land transportation services with Djibouti.",2020-07-26,2020-08-07,,The policy’s end date is unknown or unreported,Djibouti,DJI,DJ,National,0,,,,External Border Restrictions,Proof of COVID-19 vaccination,,"",,,,,,"","","","","","","","","","","",,,,"",No,Ethiopia,"One or more countries, but not all countries",,,,,,All (Travelers + Residents),No special population targeted,Inbound/Outbound,All kinds of transport,Mandatory (Unspecified/Implied),National Government,,,,,https://tummgmt.eu.qualtrics.com/Q/File.php?F=F_279BDfPWsDNysaP,https://reliefweb.int/report/djibouti/republic-djibouti-covid-19-situation-report-14-6-27-august-2020 ; https://www.routesonline.com/news/38/airlineroute/292737/ethiopian-airlines-august-2020-africa-operations-as-of-26jul20/,2021-05-25,2021-05-25T17:32:28Z
R_O9wwdcUQoNBJ7r3Gl,6934851,update,End of Policy,,"","Government of Djibouti announced the closure of all land, sea and air border from the 18th of March

Update: Air and land borders will be opened again starting September 1st, 2020, as declared on May 10, 2020 through a Djiboutian presidential decree UPDATE: The original closure of sea,land and air borders will be authorized as of September 1, 2020",2020-05-10,2020-09-01,,The policy’s end date is unknown or unreported,Djibouti,DJI,DJ,National,0,,,,External Border Restrictions,Total border crossing ban,,"",,,,,,"","","","","","","","","","","",,,,"",No,All countries,All countries,,,,,,All (Travelers + Residents),,Inbound/Outbound,All kinds of transport,Mandatory (Unspecified/Implied),National Government,,,,,https://tummgmt.eu.qualtrics.com/Q/File.php?F=F_30q5FD75hbM91r5 ; https://tummgmt.eu.qualtrics.com/Q/File.php?F=F_afvnwZ4DGVrrSVj,https://dj.usembassy.gov/covid-19-information-26-march-2020/,2021-11-14,2021-11-14T12:31:37Z
R_1eQAyoyFcYMotfLCf,9579879,new_entry,,,"","In Djibouti, a quarantine center has been established in Bouffard hospital on the 23rd of March",2020-03-23,2020-03-23,2020-03-24,The policy is a one-time measure (e.g. publication of guidelines),Djibouti,DJI,DJ,National,0,,,,Health Resources,Hospitals,,"",,,,,,"","","","","","","","","","","",,,,"",No,Djibouti,"One or more countries, but not all countries",,,,,,All (Travelers + Residents),,,Not Applicable,Voluntary/Recommended but No Penalties,"National Government,Ministry/Department of Health",,,,,https://tummgmt.eu.qualtrics.com/Q/File.php?F=F_3iVDfnmw8obZQiy,https://reliefweb.int/report/djibouti/republic-djibouti-covid-19-situation-report-1-23-march-2020,2021-10-31,2021-10-31T14:16:26Z
R_1eQAyoyFcYMotfLGh,9579879,new_entry,,,"","In Djibouti, a quarantine center has been established in Bouffard hospital on the 23rd of March",2020-03-23,2020-03-23,2020-03-24,The policy is a one-time measure (e.g. publication of guidelines),Djibouti,DJI,DJ,National,0,,,,Health Resources,Temporary Quarantine Centers,,"",,,,,,"","","","","","","","","","","",,,,"",No,Djibouti,"One or more countries, but not all countries",,,,,,All (Travelers + Residents),,,Not Applicable,Voluntary/Recommended but No Penalties,"National Government,Ministry/Department of Health",,,,,https://tummgmt.eu.qualtrics.com/Q/File.php?F=F_3iVDfnmw8obZQiy,https://reliefweb.int/report/djibouti/republic-djibouti-covid-19-situation-report-1-23-march-2020,2021-10-31,2021-10-31T14:16:26Z
R_9YMDUnqreWOzEVXCf,4744466,new_entry,,,"","In Djibouti, a care center for severe cases has been finalized and set up in Arta, a city 40km away from the capital.",2020-03-23,2020-03-25,2020-03-26,The policy is a one-time measure (e.g. publication of guidelines),Djibouti,DJI,DJ,National,0,,,,Health Resources,Hospitals,,"",,,,,,"","","","","","","","","","","",,,,"",No,Djibouti,"One or more countries, but not all countries",,,,,,All (Travelers + Residents),,,Not Applicable,Voluntary/Recommended but No Penalties,"National Government,Ministry/Department of Health",,,,,https://tummgmt.eu.qualtrics.com/Q/File.php?F=F_1QE1rl2A0LiBMzU,http://www.fides.org/en/news/67620-AFRICA_DJIBOUTI_COVID_19_The_Bishop_of_Djibouti_courage_to_you_in_Rome_and_in_Italy ; https://reliefweb.int/report/djibouti/djibouti-covid-19-situation-report-2-1st-april-2020,2021-10-31,2021-10-31T14:12:29Z
R_3s4zjxzvIWUDuvVGq,2589797,new_entry,,,"","The President of the Republic, His Excellency Ismail Omar Guelleh, by means of a decree N ° 2020-68 / PR / 2020, created on the 31st of March 2020 a ""COVID-19 Emergency and Solidarity Fund. ""

According to this presidential decree, this fund will be allocated to meeting multifaceted needs, in particular patient care and the purchase of health materials that require an efficient fight against the Coronavirus in our country.",2020-03-31,2020-03-31,,The policy’s end date is unknown or unreported,Djibouti,DJI,DJ,National,0,,,,Health Resources,Unspecified Health Materials,,"",,,,,,"","","","","","","","","","","",,,,"",Yes,Djibouti,"One or more countries, but not all countries",,,,,,,No special population targeted,,,Voluntary/Recommended but No Penalties,"National Government,Ministry/Department of Health,Other (Please specify in the text box)",,,,,https://tummgmt.eu.qualtrics.com/Q/File.php?F=F_9ZWx7vw0WKyPHep,https://www.presidence.dj/article.php?ID=871,2021-05-25,2021-05-25T20:54:20Z
R_2t0gTIgkbe0A5FENA,2438358,new_entry,,,"",Djibouti is conducting health screenings in airports and border crossings from the 25th of February,2020-02-25,2020-02-25,,The policy’s end date is unknown or unreported,Djibouti,DJI,DJ,National,0,,,,Health Testing,,,"",,,,,,"","","","","","","","","","","",,,,"",No,,All countries,,,,,,All (Travelers + Residents),,Inbound,All kinds of transport,Mandatory (Unspecified/Implied),"National Government,Ministry/Department of Health",,,,,https://tummgmt.eu.qualtrics.com/Q/File.php?F=F_3kFWGJ0meeNTRfc,https://www.gov.uk/foreign-travel-advice/djibouti/coronavirus ; https://dj.usembassy.gov/covid-19-information-26-march-2020/,2021-10-31,2021-10-31T14:21:25Z
R_2SoAIX3e24pweKlCi,5041965,new_entry,,,"","on May 10, 2020, a presidential decree in Djibouti mandates allowed common transport (buses, taxis, minibuses and trycicles) to function again beginning May17,2020 under the conditions of requiring masks and regular disenfecting of vehicles on arrival and departure",2020-05-10,2021-05-17,,The policy’s end date is unknown or unreported,Djibouti,DJI,DJ,National,1,,,,Hygiene,Hygiene measures for public transport,,"",,,,,,"","","","","","","","","","","",,,,"",Yes,Djibouti,"One or more countries, but not all countries",,,,,,All Residents (Citizen Residents + Foreign Residents),No special population targeted,,,"Mandatory with Legal Penalties (Jail Time),Mandatory with Fines",National Government,,,,,https://tummgmt.eu.qualtrics.com/Q/File.php?F=F_2qagJj8M2JDOeb4,https://wiki.unece.org/download/attachments/101548957/Djibouti%20presidential%20decree.pdf?version=1&modificationDate=1596793132673&api=v2,2021-04-11,2021-04-11T20:49:30Z
R_24uZrMWJ9wvJTSsNA,8868599,new_entry,,,"","Djibouti, on the 22nd of March, limited public transportation. Limited the maximum number for each category of bus, i.e. 14 passengers for large buses, 6 for mini buses and 2 passengers for tricycles or bajajs.",2020-03-22,2020-03-22,,The policy’s end date is unknown or unreported,Djibouti,DJI,DJ,National,1,,,,Internal Border Restrictions,,,"",,,,,,"","","","","","","","","","","",,,,"",No,Djibouti,"One or more countries, but not all countries",,,,,,All (Travelers + Residents),,,,Mandatory (Unspecified/Implied),"National Government,Police",,,,,https://tummgmt.eu.qualtrics.com/Q/File.php?F=F_2OSFkEnWyCEG7zR,https://dj.usembassy.gov/covid-19-information-26-march-2020/ ; https://lanation.dj/confinement-a-djibouti-a-situation-exceptionnelle-mesures-exceptionnelles/,2021-10-31,2021-10-31T14:23:26Z
R_a9tMqq6Fkav2ODnNA,4397236,update,End of Policy,,"","Djibouti extended the general confinement on the 25th of March for a total of 14 days 

A presidential decree issued by the President of Djibouti on May 10 announced the extending of the lockdown till May 17 and plans to lift lockdown and quarantine and re-open public spaces, businesses, and services starting May 17 UPDATE: The original confinement was extended on the 25th of March to a quarantine, for full 14 days,",2020-03-10,2020-03-17,2020-05-17,The policy has a clear end date,Djibouti,DJI,DJ,National,1,,,,Lockdown,,,"",,,,,,"","","","","","","","","","","","It could be classified as a quarantine, however, the confinement was intitially announced to be for 7 days. Quarantine, according to the description, is a period of at least 14 days.",,,"",,Djibouti,,,,,,,All Residents (Citizen Residents + Foreign Residents),,,,Mandatory with Exceptions (Please list exceptions in the text entry),"National Government,Police",,,,,https://tummgmt.eu.qualtrics.com/Q/File.php?F=F_9mJzQZYS75Wr2pE ; https://tummgmt.eu.qualtrics.com/Q/File.php?F=F_dnbq5x9HDTKvc89,NA ; https://wiki.unece.org/download/attachments/101548957/Djibouti%20presidential%20decree.pdf?version=1&modificationDate=1596793132673&api=v2,2021-04-28,2021-04-28T06:34:37Z
R_21btf5wPc66mPRKNA,4397236,new_entry,,,"","Djibouti extended the general confinement on the 25th of March for a total of 14 days 
",2020-03-25,2020-03-25,2020-04-08,The policy has a clear end date,Djibouti,DJI,DJ,National,1,,,,Lockdown,,,"",,,,,,"","","","","","","","","","","","It could be classified as a quarantine, however, the confinement was intitially announced to be for 7 days. Quarantine, according to the description, is a period of at least 14 days.",,,"",,Djibouti,,,,,,,All Residents (Citizen Residents + Foreign Residents),,,,Mandatory with Exceptions (Please list exceptions in the text entry),"National Government,Police",,,,,https://tummgmt.eu.qualtrics.com/Q/File.php?F=F_9mJzQZYS75Wr2pE,https://dj.usembassy.gov/covid-19-information-26-march-2020/ ; http://french.xinhuanet.com/afrique/2020-03/26/c_138919133.htm,2022-07-04,2022-07-04T13:48:30Z
R_cPjeWu2t6s7fYBzNA,4397236,update,,,"","Djibouti extended the general confinement on the 25th of March for a total of 14 days 
 UPDATE: The original confinement was extended on the 25th of March to a quarantine, for full 14 days,",2020-03-25,2020-03-25,,The policy’s end date is unknown or unreported,Djibouti,DJI,DJ,National,1,,,,Lockdown,,,"",,,,,,"","","","","","","","","","","","It could be classified as a quarantine, however, the confinement was intitially announced to be for 7 days. Quarantine, according to the description, is a period of at least 14 days.",,,"",,Djibouti,,,,,,,All Residents (Citizen Residents + Foreign Residents),,,,Mandatory with Exceptions (Please list exceptions in the text entry),"National Government,Police",,,,,https://tummgmt.eu.qualtrics.com/Q/File.php?F=F_3CIp9b2t7KQFw99 ; https://tummgmt.eu.qualtrics.com/Q/File.php?F=F_dnbq5x9HDTKvc89,https://dj.usembassy.gov/covid-19-information-26-march-2020/ ; http://french.xinhuanet.com/afrique/2020-03/26/c_138919133.htm,2022-05-09,2022-05-09T14:54:02Z
R_2zcPnPxKVJPx7VuNA,8333077,new_entry,,,"","The Government of Djibouti has imposed a general, country-wide lockdown, except for essential services.  Traffic has been restricted to a minimum and is only allowed with government authorization.  On April 15, Djiboutian President Ismail Omar Guelleh issued a presidential decree extending the country-wide lock down for another 15 days, until April 30, but it is expected to last longer.  All passenger movement into and out of Djibouti has been suspended and ground, sea, and air borders are closed to passenger traffic. The Djiboutian Ministry of Foreign Affairs has also restricted military and humanitarian flights with personnel. 

 On April 17, the number of laboratory-confirmed cases of COVID-19 in Djibouti reached 732.  The Djiboutian authorities continue to systematically identify and test contacts through active tracing.  The Djiboutian Ministry of Health confirmed the first fatality of COVID-19 on April 9.",2020-04-15,2020-04-15,2020-04-30,The policy has a clear end date,Djibouti,DJI,DJ,National,1,,,,Lockdown,,,"",,,,,,"","","","","","","","","","","",,,,"",Yes,Djibouti,"One or more countries, but not all countries",,,,,,All Residents (Citizen Residents + Foreign Residents),,,,Mandatory (Unspecified/Implied),National Government,,,,,https://tummgmt.eu.qualtrics.com/Q/File.php?F=F_1onKds9ludFWX06,https://dj.usembassy.gov/health-alert-u-s-embassy-djibouti-april-18-2020/,2020-05-30,2020-05-30T23:21:59Z
R_UYe705sIO7OPZypNA,8092434,new_entry,,,"","Event: On April 30, 2020 the Government of Djibouti extended the countrywide lockdown through at least May 8, 2020 and the Prime Minister announced a massive campaign to test for COVID-19, stating medical teams will be deploying throughout the country to test as many individuals as possible.

Passenger flights into and out of Djibouti remain suspended. The U.S. government does not anticipate arranging further repatriation flights from Djibouti at this time.",2020-04-30,2020-04-30,2020-05-08,The policy has a clear end date,Djibouti,DJI,DJ,National,1,,,,Lockdown,,,"",,,,,,"","","","","","","","","","","",,,,"",Yes,Djibouti,"One or more countries, but not all countries",,,,,,All Residents (Citizen Residents + Foreign Residents),,,,Mandatory (Unspecified/Implied),National Government,,,,,https://tummgmt.eu.qualtrics.com/Q/File.php?F=F_1pFDV3Ke2JKNV9i,https://dj.usembassy.gov/health-alert-u-s-embassy-djibouti-3/,2020-05-30,2020-05-30T23:40:08Z
R_ehx3yyvsGVh9bl7NA,8333077,update,Change of Policy,Strengthening,[target_direction] of policy strengthening ; [travel_mechanism] of policy strengthening ; [compliance]  of policy strengthening ; timing of policy strengthening,"The Government of Djibouti has imposed a general, country-wide lockdown, except for essential services.  Traffic has been restricted to a minimum and is only allowed with government authorization.  On April 15, Djiboutian President Ismail Omar Guelleh issued a presidential decree extending the country-wide lock down for another 15 days, until April 30, but it is expected to last longer.  All passenger movement into and out of Djibouti has been suspended and ground, sea, and air borders are closed to passenger traffic. The Djiboutian Ministry of Foreign Affairs has also restricted military and humanitarian flights with personnel. 

 On April 17, the number of laboratory-confirmed cases of COVID-19 in Djibouti reached 732.  The Djiboutian authorities continue to systematically identify and test contacts through active tracing.  The Djiboutian Ministry of Health confirmed the first fatality of COVID-19 on April 9. UPDATE: Original lockdown was 30th April, it has been extended to 8th of May",2020-04-30,2020-04-30,2020-05-08,The policy has a clear end date,Djibouti,DJI,DJ,National,1,,,,Lockdown,,,"",,,,,,"","","","","","","","","","","",,,,"",Yes,Djibouti,"One or more countries, but not all countries",,,,,,All Residents (Citizen Residents + Foreign Residents),,,,Mandatory (Unspecified/Implied),National Government,,,,,https://tummgmt.eu.qualtrics.com/Q/File.php?F=F_1onKds9ludFWX06 ; https://tummgmt.eu.qualtrics.com/Q/File.php?F=F_WicIz2knc7TGuC5,NA ; https://dj.usembassy.gov/health-alert-u-s-embassy-djibouti-3/,2020-05-31,2020-05-31T01:05:19Z
R_2YWbWrYErkHaSrwNA,8092434,update,Change of Policy,Strengthening,timing of policy strengthening,"Event: On April 30, 2020 the Government of Djibouti extended the countrywide lockdown through at least May 8, 2020 and the Prime Minister announced a massive campaign to test for COVID-19, stating medical teams will be deploying throughout the country to test as many individuals as possible.

Passenger flights into and out of Djibouti remain suspended. The U.S. government does not anticipate arranging further repatriation flights from Djibouti at this time.

Update: On May 10, 2020 the Government of Djibouti issued a 10-page presidential decree extending the country wide lockdown until May 17, 2020 UPDATE: The original lockdown was set to last until May 8, a presidential decree released on May 10 extended the countrywide lockdown until May 17, 2020",2020-05-10,2020-05-10,2021-05-17,The policy has a clear end date,Djibouti,DJI,DJ,National,1,,,,Lockdown,,,"",,,,,,"","","","","","","","","","","",,,,"",Yes,Djibouti,"One or more countries, but not all countries",,,,,,All Residents (Citizen Residents + Foreign Residents),,,,Mandatory (Unspecified/Implied),National Government,,,,,https://tummgmt.eu.qualtrics.com/Q/File.php?F=F_1pFDV3Ke2JKNV9i ; https://tummgmt.eu.qualtrics.com/Q/File.php?F=F_2AYiuTzaxahkNmu,NA ; https://dj.usembassy.gov/health-alert-u-s-embassy-djibouti-05112020/,2021-04-11,2021-04-11T18:15:45Z
R_2Cp4oP1DRtHgg0rNA,4652997,new_entry,,,"","On 23 March a general lockdown was announced by the government of Djibouti, except for essential services. No end date was set. 

",2021-09-23,2021-09-23,,The policy’s end date is unknown or unreported,Djibouti,DJI,DJ,National,1,,,,Lockdown,,,"",,,,,,"","","","","","","","","","","",,,,"",Yes,Djibouti,"One or more countries, but not all countries",,,,,,All Residents (Citizen Residents + Foreign Residents),No special population targeted,,,"Mandatory (Unspecified/Implied),Mandatory with Exceptions (Please list exceptions in the text entry)",National Government,,,,,https://tummgmt.eu.qualtrics.com/Q/File.php?F=F_21HZqt4DV7UnKW5,https://reliefweb.int/report/djibouti/republic-djibouti-covid-19-situation-report-1-23-march-2020,2021-09-10,2021-09-10T13:48:33Z
R_1KqJEehC2AYaIqpDd,8381053,new_entry,,,"","In order to keep personnel safe during the COVID-19 pandemic, Camp Lemonnier, Djibouti (CLDJ) and Combined Joint Task Force-Horn of Africa (CJTF-HOA) leadership created and trained a team of service members to disinfect high-usage areas around camp.",2020-04-08,2020-04-08,2020-04-22,The policy has an imprecise natural end date (e.g. masks will be distributed until they run out),Djibouti,DJI,DJ,National,1,,,,"New Task Force, Bureau or Administrative Configuration",New Task Force or Bureau (i.e. establishment of a temporary body),,"",,,,,,"","","","","","","","","","","",,,,"",,Djibouti,,,,,,,All Residents (Citizen Residents + Foreign Residents),,,,Mandatory (Unspecified/Implied),"National Government,Ministry/Department of Health",,,,,https://tummgmt.eu.qualtrics.com/Q/File.php?F=F_3EizcGKmRPkiYRr,https://dj.usembassy.gov/cjtf-hoa-rolls-out-disinfectant-teams/,2021-10-31,2021-10-31T14:36:23Z
R_3FRtInfSi7jeOJRNA,4565656,new_entry,,,"","The Ministry of Social Affairs and Solidarities of Djibouti partnered with the WFP on the 29th of March to distribute vouchers to vulnerable populations that are worst hit by COVID-19. Staff deliver vouchers door to door. On the 1st of April, 4000 households received their vouchers to be redeemed at the retailer site.",2020-03-29,2020-03-29,2020-04-12,The policy has an imprecise natural end date (e.g. masks will be distributed until they run out),Djibouti,DJI,DJ,National,0,,,,Other Policy Not Listed Above,,,"",,,,,,"","","","","","","","","","","","The Ministry of Social Affairs and Solidarities and the WFP implemented a policy of distributing food vouchers in order to support those who were affected by the November 2019 floods. These are 4,5000 households who are actually the worst hit by the COVID 19 pandemic. It is done to alleviate some economic and food security difficulties faced by this group",,,"",,,,,,,,,,,,,Voluntary/Recommended but No Penalties,"National Government,Other (Please specify in the text box)",,,,,https://tummgmt.eu.qualtrics.com/Q/File.php?F=F_1IvodrI4Iym7xJL,https://reliefweb.int/report/djibouti/djibouti-covid-19-situation-report-2-1st-april-2020,2021-10-31,2021-10-31T14:39:05Z
R_1hGZGtQUEth7AQdNA,7401284,new_entry,,,"","The Ministry of Health in Djibouti, on the 23rd of March, set up a toll-free number (1517) for COVID-19 related information and case referrals",2020-03-23,2020-03-23,2020-03-24,The policy is a one-time measure (e.g. publication of guidelines),Djibouti,DJI,DJ,National,1,,,,Public Awareness Measures,,,"",,,,,,"","","","","","","","","","","",,,,"",,Djibouti,,,,,,,All Residents (Citizen Residents + Foreign Residents),,,,Voluntary/Recommended but No Penalties,Ministry/Department of Health,,,,,https://tummgmt.eu.qualtrics.com/Q/File.php?F=F_3nO9qQnJhs7FCR6,https://reliefweb.int/report/djibouti/republic-djibouti-covid-19-situation-report-1-23-march-2020,2021-10-31,2021-10-31T14:41:45Z
R_2b164ihOnQaKmtiNA,7731114,new_entry,,,"","The Ministry of Health in Djibouti, from the 23rd of March, has been sending SMS to every local number describing and explaining prevention measures",2020-03-23,2020-03-23,2022-07-15,The policy has an unlimited time span (e.g. recommendation to wash one's hands; passing of a legal bill),Djibouti,DJI,DJ,National,1,,,,Public Awareness Measures,,,"",,,,,,"","","","","","","","","","","",,,,"",,Djibouti,,,,,,,All Residents (Citizen Residents + Foreign Residents),,,,Voluntary/Recommended but No Penalties,Ministry/Department of Health,,,,,https://tummgmt.eu.qualtrics.com/Q/File.php?F=F_2CVZOdEypqMWPpk,https://reliefweb.int/report/djibouti/republic-djibouti-covid-19-situation-report-1-23-march-2020,2021-10-31,2021-10-31T14:45:54Z
R_A0Nk0uTFdbA9PSVNA,7328546,new_entry,,,"","On the 1st of April, the Ministry of Decentralization in Djibouti organized a coordination meeting with partners on water and satiation. The Ministry and the organizations, such as UNDP and UNICEF, are providing basic hygiene supplies and are raising awareness about Covid 19 in collaboration with the authorities and civil society organizations.",2020-04-01,2020-04-01,,The policy’s end date is unknown or unreported,Djibouti,DJI,DJ,National,1,,,,Public Awareness Measures,,,"",,,,,,"","","","","","","","","","","",,,,"",,Djibouti,,,,,,,All Residents (Citizen Residents + Foreign Residents),,,,Voluntary/Recommended but No Penalties,"National Government,Ministry/Department of Health,Other (Please specify in the text box)",,,,,https://tummgmt.eu.qualtrics.com/Q/File.php?F=F_3lxCXYqthU8hY17,https://reliefweb.int/report/djibouti/djibouti-covid-19-situation-report-2-1st-april-2020,2021-10-31,2021-10-31T14:47:01Z
R_1P1XC61Pu6hp3rhAm,5530809Am,new_entry,,,"","Djibouti released a Presidential Decree 2020-63/PR/MTRA on March 23rd, 2020 demanding businesses with over 11 employees to operate remotely when possible, and operate remotely obligatorily when employees are either sick or in quarantine without loss of job or salary.",2020-03-23,2020-03-23,2020-04-06,The policy has an imprecise natural end date (e.g. masks will be distributed until they run out),Djibouti,DJI,DJ,National,1,,,,Restriction and Regulation of Businesses,All or unspecified businesses,,"",,,,,,"","","","","","","","","","","",,No information in the policy about whether the business is considered essential or non-essential,"This type of business  (""All or unspecified businesses"") is allowed to open with conditions",Restriction of working hours for employees (e.g. work at home policies),Yes,Djibouti,"One or more countries, but not all countries",,,,,,All Residents (Citizen Residents + Foreign Residents),"Essential workers (please note their occuption in the text entry where applicable),Non-essential workers (please note their occupation in the text entry where applicable)",,,Mandatory with Fines,Other (Please specify in the text box),,,,,https://tummgmt.eu.qualtrics.com/Q/File.php?F=F_2S14EPVRJjoh9MI,http://ccd.dj/w2017/wp-content/uploads/2020/03/decret-2020-63-PR-MTRA.pdf,2021-05-25,2021-05-25T21:12:30Z
R_2ANccjxDNwBgDZfFu,2735769Fu,new_entry,,,"","Djibouti closed all non-essential stores keeping banks, gas stations, food markets and pharmacies open, from the 23rd of March
",2020-03-23,2020-03-23,,The policy’s end date is unknown or unreported,Djibouti,DJI,DJ,National,1,,,,Restriction and Regulation of Businesses,Retail Businesses,,"",,,,,,"","","","","","","","","","","",,,,"",,Djibouti,,,,,,,All Residents (Citizen Residents + Foreign Residents),,,,Mandatory (Unspecified/Implied),National Government,,,,,https://tummgmt.eu.qualtrics.com/Q/File.php?F=F_1CI8AfolthHTQps,https://dj.usembassy.gov/covid-19-information-26-march-2020/,2021-10-31,2021-10-31T14:50:27Z
R_2ANccjxDNwBgDZfFh,2735769Fh,new_entry,,,"","Djibouti closed all non-essential stores keeping banks, gas stations, food markets and pharmacies open, from the 23rd of March
",2020-03-23,2020-03-23,,The policy’s end date is unknown or unreported,Djibouti,DJI,DJ,National,1,,,,Restriction and Regulation of Businesses,Restaurants,,"",,,,,,"","","","","","","","","","","",,,,"",,Djibouti,,,,,,,All Residents (Citizen Residents + Foreign Residents),,,,Mandatory (Unspecified/Implied),National Government,,,,,https://tummgmt.eu.qualtrics.com/Q/File.php?F=F_1CI8AfolthHTQps,https://dj.usembassy.gov/covid-19-information-26-march-2020/,2021-10-31,2021-10-31T14:50:27Z
R_2ANccjxDNwBgDZfGa,2735769Ga,new_entry,,,"","Djibouti closed all non-essential stores keeping banks, gas stations, food markets and pharmacies open, from the 23rd of March
",2020-03-23,2020-03-23,,The policy’s end date is unknown or unreported,Djibouti,DJI,DJ,National,1,,,,Restriction and Regulation of Businesses,Shopping Centers,,"",,,,,,"","","","","","","","","","","",,,,"",,Djibouti,,,,,,,All Residents (Citizen Residents + Foreign Residents),,,,Mandatory (Unspecified/Implied),National Government,,,,,https://tummgmt.eu.qualtrics.com/Q/File.php?F=F_1CI8AfolthHTQps,https://dj.usembassy.gov/covid-19-information-26-march-2020/,2021-10-31,2021-10-31T14:50:27Z
R_2ANccjxDNwBgDZfBd,2735769Bd,new_entry,,,"","Djibouti closed all non-essential stores keeping banks, gas stations, food markets and pharmacies open, from the 23rd of March
",2020-03-23,2020-03-23,,The policy’s end date is unknown or unreported,Djibouti,DJI,DJ,National,1,,,,Restriction and Regulation of Businesses,Commercial Businesses,,"",,,,,,"","","","","","","","","","","",,,,"",,Djibouti,,,,,,,All Residents (Citizen Residents + Foreign Residents),,,,Mandatory (Unspecified/Implied),National Government,,,,,https://tummgmt.eu.qualtrics.com/Q/File.php?F=F_1CI8AfolthHTQps,https://dj.usembassy.gov/covid-19-information-26-march-2020/,2021-10-31,2021-10-31T14:50:27Z
R_2ANccjxDNwBgDZfEg,2735769Eg,new_entry,,,"","Djibouti closed all non-essential stores keeping banks, gas stations, food markets and pharmacies open, from the 23rd of March
",2020-03-23,2020-03-23,,The policy’s end date is unknown or unreported,Djibouti,DJI,DJ,National,1,,,,Restriction and Regulation of Businesses,Personal Grooming Businesses (e.g. hair salons),,"",,,,,,"","","","","","","","","","","",,,,"",,Djibouti,,,,,,,All Residents (Citizen Residents + Foreign Residents),,,,Mandatory (Unspecified/Implied),National Government,,,,,https://tummgmt.eu.qualtrics.com/Q/File.php?F=F_1CI8AfolthHTQps,https://dj.usembassy.gov/covid-19-information-26-march-2020/,2021-10-31,2021-10-31T14:50:27Z
R_2ANccjxDNwBgDZfDn,2735769Dn,new_entry,,,"","Djibouti closed all non-essential stores keeping banks, gas stations, food markets and pharmacies open, from the 23rd of March
",2020-03-23,2020-03-23,,The policy’s end date is unknown or unreported,Djibouti,DJI,DJ,National,1,,,,Restriction and Regulation of Businesses,Other Businesses,,"",,,,,,"","","","","","","","","","","",,,,"",,Djibouti,,,,,,,All Residents (Citizen Residents + Foreign Residents),,,,Mandatory (Unspecified/Implied),National Government,,,,,https://tummgmt.eu.qualtrics.com/Q/File.php?F=F_1CI8AfolthHTQps,https://dj.usembassy.gov/covid-19-information-26-march-2020/,2021-10-31,2021-10-31T14:50:27Z
R_1NaEOEBdSu9jwsHDn,1452118Dn,new_entry,,,"","The government of Djibouti has adopted the decree 2020-049 / PR / MTRA of April 29, 2020 relating to the conditions for granting the compensatory allowance to employees and the allowance to companies during the pandemic. 
The adoption of this measure allows employees, placed in partial activity, to receive from their employer compensation to compensate for the loss of remuneration due to the hours not worked.
Thus, this proposal allows employees to receive compensation to compensate their wages up to 70% of gross wages. This compensation is funded at 30% of the gross remuneration of the employee placed in partial employment by the State. The remaining 40% by the employer to allow companies to avoid layoffs and retain their skills and employees to keep their jobs.
",2020-04-29,2020-04-29,2020-05-13,The policy has an imprecise natural end date (e.g. masks will be distributed until they run out),Djibouti,DJI,DJ,National,1,,,,Restriction and Regulation of Businesses,Other Businesses,,"",,,,,,"","","","","","","","","","","",,No information in the policy about whether the business is considered essential or non-essential,"This type of business  (""Other Businesses"") is allowed to open with conditions",Other condition not specified above (please provide detail in the text entry),Yes,Djibouti,"One or more countries, but not all countries",,,,,,All Residents (Citizen Residents + Foreign Residents),No special population targeted,,,Mandatory (Unspecified/Implied),Other (Please specify in the text box),,,,,https://tummgmt.eu.qualtrics.com/Q/File.php?F=F_W8nnfOUKv1qMuGd,https://www.presidence.dj/texte.php?ID=2020-049&ID2=2020-04-29&ID3=Arr%EAt%E9&ID4=8&ID5=2020-04-30&ID6=n,2021-05-25,2021-05-25T21:25:04Z
R_PNiOh9vqY2dCLdLFu,8346053Fu,new_entry,,,"","A presidential decree in Djibouti issues on May 10 announced the reopening of entertainment stores and businesses starting May 17. entertainment stores and businesses include household items and tools hardware stores, bazaars and other stalls, ready-to-wear stores, sewing workshops, appliance stores, libraries, stationery, hairdressing and beauty salons. These businesses have to install a hand washing device at the entrance of their establishment, organize social distancing with a limited number of clients, provide employees with necessary sanitary products, disinfect regularly the premises.",2020-05-10,2020-05-17,,The policy’s end date is unknown or unreported,Djibouti,DJI,DJ,National,1,,,,Restriction and Regulation of Businesses,Retail Businesses,,"",,,,,,"","","","","","","","","","","",,Non-Essential Businesses,"This type of business  (""Retail Businesses"") is allowed to open with conditions","Hygiene and sanitation measures required,Restriction of number of customers",Yes,Djibouti,"One or more countries, but not all countries",,,,,,All Residents (Citizen Residents + Foreign Residents),No special population targeted,,,"Mandatory with Legal Penalties (Jail Time),Mandatory with Fines",National Government,,,,,https://tummgmt.eu.qualtrics.com/Q/File.php?F=F_25KNY3b1GPxVpc3,chrome-extension://oemmndcbldboiebfnladdacbdfmadadm/https://wiki.unece.org/download/attachments/101548957/Djibouti%20presidential%20decree.pdf?version=1&modificationDate=1596793132673&api=v2,2021-04-28,2021-04-28T06:49:41Z
R_PNiOh9vqY2dCLdLBd,8346053Bd,new_entry,,,"","A presidential decree in Djibouti issues on May 10 announced the reopening of entertainment stores and businesses starting May 17. entertainment stores and businesses include household items and tools hardware stores, bazaars and other stalls, ready-to-wear stores, sewing workshops, appliance stores, libraries, stationery, hairdressing and beauty salons. These businesses have to install a hand washing device at the entrance of their establishment, organize social distancing with a limited number of clients, provide employees with necessary sanitary products, disinfect regularly the premises.",2020-05-10,2020-05-17,,The policy’s end date is unknown or unreported,Djibouti,DJI,DJ,National,1,,,,Restriction and Regulation of Businesses,Commercial Businesses,,"",,,,,,"","","","","","","","","","","",,Non-Essential Businesses,"This type of business  (""Commercial Businesses"") is allowed to open with conditions","Hygiene and sanitation measures required,Restriction of number of customers",Yes,Djibouti,"One or more countries, but not all countries",,,,,,All Residents (Citizen Residents + Foreign Residents),No special population targeted,,,"Mandatory with Legal Penalties (Jail Time),Mandatory with Fines",National Government,,,,,https://tummgmt.eu.qualtrics.com/Q/File.php?F=F_25KNY3b1GPxVpc3,chrome-extension://oemmndcbldboiebfnladdacbdfmadadm/https://wiki.unece.org/download/attachments/101548957/Djibouti%20presidential%20decree.pdf?version=1&modificationDate=1596793132673&api=v2,2021-04-28,2021-04-28T06:49:41Z
R_PNiOh9vqY2dCLdLEg,8346053Eg,new_entry,,,"","A presidential decree in Djibouti issues on May 10 announced the reopening of entertainment stores and businesses starting May 17. entertainment stores and businesses include household items and tools hardware stores, bazaars and other stalls, ready-to-wear stores, sewing workshops, appliance stores, libraries, stationery, hairdressing and beauty salons. These businesses have to install a hand washing device at the entrance of their establishment, organize social distancing with a limited number of clients, provide employees with necessary sanitary products, disinfect regularly the premises.",2020-05-10,2020-05-17,,The policy’s end date is unknown or unreported,Djibouti,DJI,DJ,National,1,,,,Restriction and Regulation of Businesses,Personal Grooming Businesses (e.g. hair salons),,"",,,,,,"","","","","","","","","","","",,Non-Essential Businesses,"This type of business  (""Personal Grooming Businesses"") is allowed to open with conditions","Hygiene and sanitation measures required,Restriction of number of customers",Yes,Djibouti,"One or more countries, but not all countries",,,,,,All Residents (Citizen Residents + Foreign Residents),No special population targeted,,,"Mandatory with Legal Penalties (Jail Time),Mandatory with Fines",National Government,,,,,https://tummgmt.eu.qualtrics.com/Q/File.php?F=F_25KNY3b1GPxVpc3,chrome-extension://oemmndcbldboiebfnladdacbdfmadadm/https://wiki.unece.org/download/attachments/101548957/Djibouti%20presidential%20decree.pdf?version=1&modificationDate=1596793132673&api=v2,2021-04-28,2021-04-28T06:49:41Z
R_PNiOh9vqY2dCLdLBo,8346053Bo,new_entry,,,"","A presidential decree in Djibouti issues on May 10 announced the reopening of entertainment stores and businesses starting May 17. entertainment stores and businesses include household items and tools hardware stores, bazaars and other stalls, ready-to-wear stores, sewing workshops, appliance stores, libraries, stationery, hairdressing and beauty salons. These businesses have to install a hand washing device at the entrance of their establishment, organize social distancing with a limited number of clients, provide employees with necessary sanitary products, disinfect regularly the premises.",2020-05-10,2020-05-17,,The policy’s end date is unknown or unreported,Djibouti,DJI,DJ,National,1,,,,Restriction and Regulation of Businesses,Electricity; gas; steam ;and air conditioning supply,,"",,,,,,"","","","","","","","","","","",,Non-Essential Businesses,"This type of business  (""Electricity; gas; steam ;and air conditioning supply"") is allowed to open with conditions","Hygiene and sanitation measures required,Restriction of number of customers",Yes,Djibouti,"One or more countries, but not all countries",,,,,,All Residents (Citizen Residents + Foreign Residents),No special population targeted,,,"Mandatory with Legal Penalties (Jail Time),Mandatory with Fines",National Government,,,,,https://tummgmt.eu.qualtrics.com/Q/File.php?F=F_25KNY3b1GPxVpc3,chrome-extension://oemmndcbldboiebfnladdacbdfmadadm/https://wiki.unece.org/download/attachments/101548957/Djibouti%20presidential%20decree.pdf?version=1&modificationDate=1596793132673&api=v2,2021-04-28,2021-04-28T06:49:41Z
R_3esMo3YVnzHeWl0Be,5084370Be,new_entry,,,"","A presidential decree in Djibouti issued on May 10 2020 allows construction companies to operate again starting May 17 2020 under conditions to install a hand washing device at the entrance of their establishment, organize social distancing with a limited number of clients, provide employees with necessary sanitary products, disinfect regularly the premises.",2020-05-10,2020-05-17,,The policy’s end date is unknown or unreported,Djibouti,DJI,DJ,National,1,,,,Restriction and Regulation of Businesses,Construction,,"",,,,,,"","","","","","","","","","","",,Non-Essential Businesses,"This type of business  (""Construction"") is allowed to open with conditions",Hygiene and sanitation measures required,Yes,Djibouti,"One or more countries, but not all countries",,,,,,All Residents (Citizen Residents + Foreign Residents),No special population targeted,,,"Mandatory with Legal Penalties (Jail Time),Mandatory with Fines","National Government,Other (Please specify in the text box)",,,,,https://tummgmt.eu.qualtrics.com/Q/File.php?F=F_12fBsB1k04AL7iA,https://wiki.unece.org/download/attachments/101548957/Djibouti%20presidential%20decree.pdf?version=1&modificationDate=1596793132673&api=v2,2021-04-28,2021-04-28T07:09:03Z
R_snATnRIdXi1C6adFh,766205Fh,new_entry,,,"","A presidential decree issued in Djibouti on May 10, 2020 has allowed restaurants to re-open starting June 15, 2020 on conditions to install a hand washing device, organize social distancing with at  least 2 meters of distance between tables, provide employees with necessary sanitary products, disinfect regularly the premises.",2020-05-10,2020-06-15,,The policy’s end date is unknown or unreported,Djibouti,DJI,DJ,National,1,,,,Restriction and Regulation of Businesses,Restaurants,,"",,,,,,"","","","","","","","","","","",,Non-Essential Businesses,"This type of business  (""Restaurants"") is allowed to open with conditions",Hygiene and sanitation measures required,Yes,Djibouti,"One or more countries, but not all countries",,,,,,All Residents (Citizen Residents + Foreign Residents),No special population targeted,,,"Mandatory with Legal Penalties (Jail Time),Mandatory with Fines","National Government,Other (Please specify in the text box)",,,,,https://tummgmt.eu.qualtrics.com/Q/File.php?F=F_123HFrI8vNgM60o,chrome-extension://oemmndcbldboiebfnladdacbdfmadadm/https://wiki.unece.org/download/attachments/101548957/Djibouti%20presidential%20decree.pdf?version=1&modificationDate=1596793132673&api=v2,2021-04-28,2021-04-28T07:33:36Z
R_1n3guY7yiJCjtaHDn,3471808Dn,new_entry,,,"","Djibouti has allowed recreation areas, sports grounds, and CDCs to re-open starting June 30, 2020, as outline in a presidential decree issued on May 10, 2020",2020-05-10,2020-06-30,,The policy’s end date is unknown or unreported,Djibouti,DJI,DJ,National,1,,,,Restriction and Regulation of Businesses,Other Businesses,,"",,,,,,"","","","","","","","","","","",,Non-Essential Businesses,"This type of business  (""Other Businesses"") is allowed to open with conditions",Hygiene and sanitation measures required,Yes,Djibouti,"One or more countries, but not all countries",,,,,,All Residents (Citizen Residents + Foreign Residents),No special population targeted,,,"Mandatory with Legal Penalties (Jail Time),Mandatory with Fines",National Government,,,,,https://tummgmt.eu.qualtrics.com/Q/File.php?F=F_sXbOzuX7Jj0fZPX,chrome-extension://oemmndcbldboiebfnladdacbdfmadadm/https://wiki.unece.org/download/attachments/101548957/Djibouti%20presidential%20decree.pdf?version=1&modificationDate=1596793132673&api=v2,2021-04-28,2021-04-28T07:39:45Z
R_3IRWmL3Iwn2ImkDDn,8263855Dn,new_entry,,,"","Hotels in Djibouti are allowed to operate again starting June 30, 2020 based on a presidential decree issued on May 10, 2020",2020-05-10,2020-06-30,,The policy’s end date is unknown or unreported,Djibouti,DJI,DJ,National,1,,,,Restriction and Regulation of Businesses,Other Businesses,,"",,,,,,"","","","","","","","","","","",,Non-Essential Businesses,"This type of business  (""Other Businesses"") is allowed to open with conditions","Hygiene and sanitation measures required,Other condition not specified above (please provide detail in the text entry)",Yes,Djibouti,"One or more countries, but not all countries",,,,,,All Residents (Citizen Residents + Foreign Residents),No special population targeted,,,Mandatory (Unspecified/Implied),National Government,,,,,https://tummgmt.eu.qualtrics.com/Q/File.php?F=F_1nNG1uG6P2xSmgM,chrome-extension://oemmndcbldboiebfnladdacbdfmadadm/https://wiki.unece.org/download/attachments/101548957/Djibouti%20presidential%20decree.pdf?version=1&modificationDate=1596793132673&api=v2,2021-04-28,2021-04-28T08:08:17Z
R_2rJfH9wtATP6lYXNA,8106037NA,new_entry,,,"","Djibouti placed all non-essential government staff on administrative leave from the 23rd of March 
",2020-03-23,2020-03-23,,The policy’s end date is unknown or unreported,Djibouti,DJI,DJ,National,1,,,,Restriction and Regulation of Government Services,,,"",,,,,,"","","","","","","","","","","",,,,"",,Djibouti,,,,,,,All Residents (Citizen Residents + Foreign Residents),,,,Mandatory (Unspecified/Implied),National Government,,,,,https://tummgmt.eu.qualtrics.com/Q/File.php?F=F_1LvNYahJiEg8UAO,https://dj.usembassy.gov/covid-19-information-26-march-2020/,2021-10-31,2021-10-31T14:53:55Z
R_3qVUG18yz8pDrukGu,543095Gu,new_entry,,,"","A presidential decree in Djibouti issued on May 10 2020 has extend general lockdown till May 17 2020, after which public services and enterprises are allowed to re-open in a way that favors remote work and demands the offices to install a hand washing device at the entrance of their establishment, organize social distancing with a limited number of clients, provide employees with necessary sanitary products, disinfect regularly the premises",2020-05-10,2020-05-17,,The policy’s end date is unknown or unreported,Djibouti,DJI,DJ,National,1,,,,Restriction and Regulation of Government Services,Unspecified public facilities,,"",,,,,,"","","","","","","","","","","",,No information in the policy about whether the government service is considered essential or non-essential,This service provided by the government is provided with conditions attached,Hygiene and sanitation measures required,Yes,Djibouti,"One or more countries, but not all countries",,,,,,All Residents (Citizen Residents + Foreign Residents),No special population targeted,,,"Mandatory with Legal Penalties (Jail Time),Mandatory with Fines","National Government,Other (Please specify in the text box)",,,,,https://tummgmt.eu.qualtrics.com/Q/File.php?F=F_12xrJ8FscTgoSO4,chrome-extension://oemmndcbldboiebfnladdacbdfmadadm/https://wiki.unece.org/download/attachments/101548957/Djibouti%20presidential%20decree.pdf?version=1&modificationDate=1596793132673&api=v2,2021-04-28,2021-04-28T07:24:13Z
R_264P1PzILY8grJtNA,2244174,new_entry,,,"","Djibouti is closing all bars, night clubs and all places of worship from the 22nd of March 
",2020-03-22,2020-03-22,,The policy’s end date is unknown or unreported,Djibouti,DJI,DJ,National,1,,,,Restrictions of Mass Gatherings,,,"",,,,,,"","","","","","","","","","","",,,,"",,Djibouti,,,,,,,All Residents (Citizen Residents + Foreign Residents),,,,Mandatory (Unspecified/Implied),National Government,,,,,https://tummgmt.eu.qualtrics.com/Q/File.php?F=F_qUtRXv5GRPZI1JT,https://dj.usembassy.gov/covid-19-information-26-march-2020/,2021-10-31,2021-10-31T14:54:54Z
R_21thDsnC6ytmtMGNA,2244174,update,End of Policy,,"","Djibouti is closing all bars, night clubs and all places of worship from the 22nd of March 

Update: a presidential decree issued on May 10,2020 has allowed the reopening of places of worship starting May 23, but has kept bars and night club closed until September 1st 2020. UPDATE: The original restriction on places of worship has been lifted starting may 23, 2020 in Djibouti",2020-05-10,2020-05-23,2020-09-01,The policy has a clear end date,Djibouti,DJI,DJ,National,1,,,,Restrictions of Mass Gatherings,,,"",,,,,,"","","","","","","","","","","",,,,"",,Djibouti,,,,,,,All Residents (Citizen Residents + Foreign Residents),,,,Mandatory (Unspecified/Implied),National Government,,,,,https://tummgmt.eu.qualtrics.com/Q/File.php?F=F_qUtRXv5GRPZI1JT ; https://tummgmt.eu.qualtrics.com/Q/File.php?F=F_2EGZVEWYmcLCTTI,NA ; https://wiki.unece.org/download/attachments/101548957/Djibouti%20presidential%20decree.pdf?version=1&modificationDate=1596793132673&api=v2,2021-04-11,2021-04-11T20:38:18Z
R_3RlpmmfI8q1UVnoHc,3945078,new_entry,,,"","On May 10,2020, a presidential decree issued in Djibouti requiring the wearing of masks in public and private places where social distancing cannot be achieved.",2020-05-10,2020-05-11,,The policy’s end date is unknown or unreported,Djibouti,DJI,DJ,National,1,,,,Social Distancing,Wearing Masks in all public spaces/everywhere,,"",,,,,,"","","","","","","","","","","",,,,"",Yes,Djibouti,"One or more countries, but not all countries",,,,,,All Residents (Citizen Residents + Foreign Residents),No special population targeted,,,Mandatory (Unspecified/Implied),National Government,,,,,https://tummgmt.eu.qualtrics.com/Q/File.php?F=F_1K2xWLYOINwmgmk,https://wiki.unece.org/download/attachments/101548957/Djibouti%20presidential%20decree.pdf?version=1&modificationDate=1596793132673&api=v2,2021-04-11,2021-04-11T20:16:56Z
R_snATnRIdXi1C6adFhDi,766205FhDi,new_entry,,,"","A presidential decree issued in Djibouti on May 10, 2020 has allowed restaurants to re-open starting June 15, 2020 on conditions to install a hand washing device, organize social distancing with at  least 2 meters of distance between tables, provide employees with necessary sanitary products, disinfect regularly the premises.",2020-05-10,2020-06-15,,The policy’s end date is unknown or unreported,Djibouti,DJI,DJ,National,1,,,,Social Distancing,Keeping a distance of at least 6 feet or 1.5 meters apart at Restaurants,,"",,,,,,"","","","","","","","","","","",,,,,Yes,Djibouti,"One or more countries, but not all countries",,,,,,"",No special population targeted,,,"Mandatory with Legal Penalties (Jail Time),Mandatory with Fines","National Government,Other (Please specify in the text box)",,,,,https://tummgmt.eu.qualtrics.com/Q/File.php?F=F_123HFrI8vNgM60o,chrome-extension://oemmndcbldboiebfnladdacbdfmadadm/https://wiki.unece.org/download/attachments/101548957/Djibouti%20presidential%20decree.pdf?version=1&modificationDate=1596793132673&api=v2,2021-04-28,2021-04-28T07:33:36Z
